FECHA,Andalucía,Aragón,Asturias,Baleares,C. Valenciana,Canarias,Cantabria,Castilla y León,Castilla-La Mancha,Cataluña,Extremadura,Galicia,La Rioja,Madrid,Murcia,Navarra,País Vasco
2016-01-01,20.73008849557522,20.87962962962963,21.041666666666664,22.452830188679247,20.130718954248366,17.59259259259259,19.607843137254903,17.315634218289084,19.68036529680365,22.13228894691036,13.90625,20.219560878243513,20.19607843137255,21.504065040650406,18.796296296296294,21.333333333333332,20.266666666666666
2016-02-01,22.69031781226903,27.77777777777778,28.64583333333333,32.05128205128205,28.818061088977423,15.58641975308642,29.901960784313722,27.138643067846605,24.712643678160916,27.632724107919927,22.916666666666664,25.50200803212851,22.54901960784313,28.50467289719626,26.388888888888886,31.25,23.866666666666664
2016-03-01,25.12934220251293,27.546296296296294,26.5625,37.10691823899371,24.183006535947715,21.682847896440126,22.54901960784313,29.35103244837758,25.11415525114155,27.137870855148346,18.75,21.98364008179959,25.49019607843137,27.70632368703108,22.769953051643192,28.09523809523809,19.066666666666663
2016-04-01,19.260901699926087,25.324074074074073,28.59375,31.32075471698113,23.043478260869566,22.484276729559745,17.941176470588236,21.091445427728612,20.296803652968034,24.708442123585723,17.916666666666664,24.27145708582834,16.875,23.241869918699187,17.22222222222222,25.428571428571427,23.973333333333333
2016-05-01,24.188790560471972,33.56481481481482,28.385416666666664,33.33333333333333,27.050264550264547,22.477064220183482,24.509803921568626,27.38095238095238,21.803652968036527,26.334208223972,20.833333333333332,28.629856850715743,29.41176470588235,28.578732106339466,21.064814814814813,33.823529411764696,23.599999999999998
2016-06-01,23.851851851851848,23.611111111111107,21.875,18.82716049382716,26.6798418972332,21.253822629969417,23.039215686274506,24.024024024024023,26.36986301369863,27.039930555555554,17.708333333333332,26.930894308943085,29.166666666666664,28.476482617586907,17.37089201877934,34.28571428571428,26.964769647696475
2016-09-01,25.974981604120675,26.620370370370367,28.125,23.456790123456788,26.851851851851844,23.83177570093458,23.039215686274506,23.547400611620795,25.057471264367813,27.83595113438045,18.229166666666664,25.971370143149283,25.49019607843137,28.636363636363637,22.222222222222218,31.9047619047619,31.420765027322403
2016-10-01,24.424778761061948,22.5,24.84375,29.62962962962963,22.70341207349081,21.666666666666668,30.196078431372545,20.87878787878788,25.28735632183908,28.458874458874458,15.0,17.479674796747968,21.176470588235293,25.070707070707066,22.112676056338028,21.142857142857142,24.48087431693989
2016-11-01,20.676968359087564,24.305555555555557,21.354166666666664,29.629629629629626,25.13123359580052,20.48929663608562,23.039215686274506,24.24242424242424,23.515981735159816,28.241949521322887,27.083333333333332,21.849593495934958,18.627450980392155,25.66056910569105,24.17840375586854,23.039215686274506,15.437158469945354
2016-12-01,20.566593083149375,30.555555555555557,17.708333333333332,24.999999999999996,24.540682414698157,18.82716049382716,24.01960784313726,20.120120120120117,20.11494252873563,23.809523809523814,22.916666666666664,16.428571428571427,19.791666666666664,25.52870090634441,21.19047619047619,17.142857142857142,23.224043715846992
2017-01-01,20.257542310522442,24.259259259259256,19.114583333333332,25.679012345679013,20.59288537549407,22.90909090909091,21.176470588235293,21.08108108108108,23.881278538812783,25.349040139616054,13.75,17.296747967479675,13.75,21.8338399189463,19.583333333333332,17.047619047619047,22.682926829268293
2017-02-01,20.464601769911503,27.77777777777778,25.781249999999996,26.234567901234566,24.733333333333327,17.27272727272727,23.529411764705884,23.573573573573572,20.890410958904106,28.138528138528134,15.885416666666666,21.443089430894307,24.50980392156863,29.103726082578042,20.657276995305164,20.476190476190474,21.68021680216802
2017-03-01,24.6119733924612,23.84259259259259,24.21875,22.53086419753086,25.721784776902883,18.80733944954128,30.392156862745097,25.3030303030303,27.625570776255707,27.705627705627705,22.39583333333333,24.79674796747967,38.09523809523809,28.45528455284553,15.509259259259258,29.047619047619044,26.558265582655824
2017-04-01,20.89036055923473,25.416666666666668,23.125,32.65432098765432,21.581699346405227,20.98765432098765,22.15686274509804,21.98198198198198,19.310344827586206,26.118363794604,11.09375,23.536585365853657,28.125,23.645518630412887,29.120370370370367,30.571428571428573,25.826558265582655
2017-05-01,26.266061980347693,32.62910798122066,20.370370370370367,29.87421383647798,30.784313725490197,25.229357798165136,26.470588235294116,28.078078078078075,28.04597701149425,33.03030303030303,28.57142857142857,27.947154471544714,33.33333333333333,31.736526946107784,25.342465753424655,36.666666666666664,28.333333333333332
2017-06-01,25.57027225901398,32.394366197183096,26.98412698412698,30.8641975308642,29.738562091503265,21.36363636363636,30.88235294117647,21.62162162162162,25.97701149425287,31.369982547993022,22.222222222222218,26.626016260162597,43.13725490196079,31.62134944612286,23.744292237442917,34.761904761904766,28.455284552845526
2017-07-01,22.671081677704194,24.929577464788732,24.126984126984127,27.77777777777778,22.349081364829395,18.425925925925927,27.941176470588236,21.666666666666664,24.873563218390807,27.16883116883117,18.73015873015873,19.146341463414632,24.705882352941178,23.694779116465863,20.13888888888889,30.0,28.251366120218577
2017-09-01,22.038263428991904,19.953051643192484,21.16402116402116,28.086419753086417,23.529411764705884,18.209876543209873,23.529411764705884,24.62462462462463,20.919540229885055,25.54112554112554,17.724867724867725,22.76422764227642,34.31372549019608,27.52752752752752,17.361111111111107,26.666666666666664,19.647696476964768
2017-10-01,20.353982300884955,16.8075117370892,22.91005291005291,27.40740740740741,21.443569553805776,15.229357798165138,20.58823529411765,22.642642642642638,19.563218390804597,25.477430555555554,19.682539682539684,22.378048780487806,17.058823529411764,20.36697247706422,21.99074074074074,32.857142857142854,22.68817204301075
2017-11-01,20.603384841795435,15.72769953051643,18.783068783068778,37.34567901234568,23.41269841269841,19.470404984423674,21.568627450980394,23.088685015290523,21.609195402298848,31.18421052631579,10.052910052910052,20.73170731707317,26.470588235294116,26.233635448136955,25.11415525114155,24.761904761904763,22.628726287262875
2017-12-01,20.34149962880475,27.083333333333336,17.195767195767196,30.55555555555555,22.974767596281538,15.420560747663549,24.509803921568626,21.515151515151512,26.551724137931036,31.857638888888886,20.105820105820104,20.32520325203252,20.588235294117645,25.803212851405622,23.515981735159816,40.476190476190474,23.71273712737127
2018-01-01,21.54708520179372,23.943661971830984,23.96825396825397,28.333333333333332,16.75889328063241,20.654205607476637,24.705882352941178,18.71559633027523,22.727272727272727,24.58442694663167,14.603174603174603,20.26422764227642,28.235294117647058,20.42168674698795,23.013698630136986,24.0,28.306451612903224
2018-02-01,21.63355408388521,23.474178403755868,16.666666666666668,31.17283950617284,25.264550264550262,18.710691823899367,25.49019607843137,26.969696969696972,23.67816091954023,34.68233246301131,19.047619047619047,20.63008130081301,23.529411764705884,26.746506986027942,22.38095238095238,26.19047619047619,26.47849462365591
2018-03-01,19.88888888888889,30.985915492957748,19.576719576719572,29.48717948717949,22.866666666666664,21.604938271604937,23.529411764705884,25.000000000000004,25.524475524475523,33.42151675485009,18.783068783068778,16.155419222903884,24.444444444444446,25.074626865671636,26.666666666666664,23.333333333333332,29.16666666666666
2018-04-01,25.79259259259259,24.413145539906104,21.904761904761905,31.32075471698113,22.677165354330707,21.047619047619047,25.294117647058822,29.93939393939394,25.36130536130536,28.228621291448512,13.80952380952381,20.79754601226994,13.571428571428571,23.26153846153846,26.164383561643834,23.714285714285715,28.181818181818183
2018-05-01,23.509933774834437,26.76056338028169,22.22222222222222,28.39506172839506,25.823451910408426,16.987179487179485,31.37254901960784,30.42813455657492,25.641025641025635,31.85763888888889,21.428571428571423,23.10838445807771,13.725490196078429,29.89021956087824,24.429223744292237,26.666666666666664,27.956989247311828
2018-06-01,24.486049926578563,32.62910798122066,25.661375661375654,31.172839506172835,24.24242424242424,19.54545454545454,19.6078431372549,26.96969696969697,20.51282051282051,30.164930555555554,17.1957671957672,20.040899795501023,23.958333333333332,26.96969696969697,22.8310502283105,31.37254901960784,24.059139784946236
2018-07-01,21.140544518027962,26.0093896713615,23.333333333333332,28.88888888888889,22.69588313413015,19.75975975975976,20.88235294117647,20.275229357798164,19.04428904428904,27.61780104712042,16.50793650793651,21.165644171779142,21.764705882352942,22.058232931726906,23.796296296296294,28.95238095238095,23.79032258064516
2018-09-01,23.034825870646767,18.352941176470587,11.333333333333334,31.09375,17.331154684095864,19.24812030075188,17.583333333333332,19.46969696969697,20.666666666666664,22.64770240700219,16.842105263157894,19.914965986394556,24.11764705882353,19.875,19.45098039215686,29.26829268292683,21.6331096196868
2018-10-01,24.09453652547575,21.058823529411764,25.466666666666665,28.307692307692307,21.721854304635762,22.53968253968254,13.5,21.818181818181817,23.941176470588236,24.273318872017352,16.44736842105263,20.714285714285715,26.0,22.375,26.627906976744185,29.523809523809526,25.50925925925926
2018-11-01,24.585635359116022,18.509803921568626,20.533333333333335,31.666666666666668,21.884531590413943,20.227272727272727,20.0,24.427480916030536,21.55945419103314,27.67032967032967,20.263157894736842,22.568027210884352,39.36507936507936,23.877551020408163,19.651162790697676,35.6910569105691,23.64864864864865
2018-12-01,21.792510742786988,22.980392156862745,26.533333333333335,26.86868686868687,21.173245614035086,15.126262626262625,22.5,27.142857142857142,19.767441860465116,24.294032023289663,18.07017543859649,20.187074829931973,31.0,21.959798994974875,21.31782945736434,27.142857142857142,20.27027027027027
2019-01-01,22.80540208717004,24.235294117647058,24.8,27.12121212121212,19.539473684210527,21.07769423558897,24.25,25.06265664160401,20.0968992248062,24.822076978939723,20.263157894736842,21.44557823129252,30.0,22.75689223057644,21.724137931034484,24.285714285714285,19.39189189189189
2019-02-01,22.67283950617284,25.372549019607842,21.35135135135135,29.838709677419356,19.944629014396455,14.402985074626866,16.75,20.902255639097746,21.57894736842105,23.002207505518765,14.3859649122807,24.642857142857142,22.166666666666664,22.045454545454547,21.03448275862069,30.263157894736842,20.78828828828829
2019-05-01,20.59436274509804,18.470588235294116,13.108108108108109,24.696969696969695,17.37704918032787,13.681592039800995,15.5,17.045454545454547,16.881091617933723,20.21978021978022,16.710526315789473,21.116838487972505,20.476190476190474,18.46980976013234,21.417624521072796,20.73170731707317,22.471655328798185
2019-06-01,24.082259054634743,23.72549019607843,25.0,26.96969696969697,21.357220412595005,15.04,18.0,22.030075187969924,22.64705882352941,24.03776325344953,13.289473684210526,23.573883161512025,25.263157894736842,18.76974231088944,21.915708812260533,27.777777777777782,17.671232876712327
2019-09-01,26.657398826073525,26.470588235294116,23.2662192393736,29.973753280839897,23.11002178649237,20.67193675889328,27.291666666666668,25.471698113207548,31.82445759368836,26.79231337767923,21.434878587196465,26.349614395886885,28.91891891891892,24.33755274261603,27.321772639691712,29.688888888888886,24.99438832772166
2019-11-01,20.37890424987199,19.3,23.016666666666666,25.68728522336769,21.658206429780034,16.558558558558556,18.85000000000001,20.54101221640489,21.42424242424242,23.34470989761092,13.383838383838382,21.226666666666667,22.677304964539008,20.458656330749356,19.618055555555557,20.313725490196077,17.52136752136752
2020-01-01,25.344938749194068,24.470588235294116,27.972972972972972,29.343434343434343,22.105263157894736,21.111111111111107,22.166666666666664,24.898989898989896,26.764705882352942,25.28205128205128,20.70175438596491,22.76632302405498,28.888888888888886,23.399176954732507,22.078431372549016,22.416666666666664,19.953703703703706
2020-02-01,23.9863184079602,23.137254901960784,26.35135135135135,25.25252525252525,21.144781144781145,21.085858585858585,22.75,23.863636363636363,22.884990253411303,21.845238095238095,19.298245614035086,21.701030927835046,21.833333333333332,23.17578772802653,19.612403100775193,26.507936507936506,20.15981735159817
2020-03-01,22.616421568627448,22.901960784313726,21.891891891891888,29.180327868852462,18.349944629014395,22.547425474254744,24.666666666666664,22.95739348370928,21.439842209072978,20.718785166837023,15.936073059360728,20.65292096219931,15.23809523809524,22.111388196176225,24.73895582329316,20.396825396825395,15.315315315315312
2020-04-01,15.920489296636084,22.456140350877195,12.79279279279279,14.635416666666664,14.911699779249448,15.241545893719804,16.0,12.556390977443609,16.949152542372882,17.55072463768116,16.71111111111111,15.179487179487179,18.41269841269841,16.238902340597253,14.980392156862747,10.930232558139533,14.765100671140939
2020-05-01,17.15529753265602,19.968253968253972,18.877551020408163,14.603174603174605,17.638533674339303,16.114398422090726,18.22695035460993,18.39430894308943,16.307922272047833,16.552511415525114,14.217687074829934,19.063360881542703,19.74358974358974,16.505791505791507,16.05504587155963,16.964285714285715,15.627240143369175
2020-06-01,17.944038929440392,17.647058823529417,14.675324675324672,20.676328502415465,16.463022508038588,18.2716049382716,19.333333333333332,21.28953771289538,21.252408477842007,18.784648187633262,17.368421052631575,18.886118038237736,22.83333333333333,19.136400322841002,17.325581395348834,14.49275362318841,17.901883486640386
2020-07-01,13.68421052631579,14.38202247191011,11.759259259259258,17.333333333333332,15.316184351554123,13.308823529411764,14.341085271317832,9.62406015037594,14.463937621832358,17.31899641577061,13.421052631578945,12.755102040816327,18.095238095238095,13.793381759483452,12.103174603174603,15.284552845528454,12.377777777777776
2020-09-01,23.34593572778828,27.01754385964912,28.15315315315315,24.425287356321835,22.647058823529413,23.515625,27.5,22.0671834625323,25.266272189349113,24.093959731543624,24.523809523809522,23.45744680851064,28.833333333333332,22.90953545232274,23.953488372093023,21.754385964912277,24.304461942257216
2020-10-01,22.43565599497803,30.284552845528456,19.72222222222222,20.1025641025641,23.300110741971206,21.825396825396826,20.0,21.912144702842376,23.09664694280079,21.695906432748536,25.07246376811594,17.49559082892416,22.5,20.825082508250826,23.769841269841272,22.416666666666664,21.7016317016317
2020-11-01,20.89866156787763,21.152263374485592,21.476190476190467,20.052083333333332,20.839080459770116,20.310077519379842,22.25,22.5,22.76073619631902,18.84533029413168,22.76190476190477,17.923497267759565,17.368421052631582,22.136963696369637,23.529411764705877,23.418803418803414,18.928571428571423
2020-12-01,23.372018052869123,21.39917695473251,22.666666666666664,21.927083333333336,21.839080459770116,19.384615384615387,19.572649572649567,22.99479166666666,21.847389558232933,19.88755181166895,23.148148148148145,18.500881834215164,18.51851851851852,21.94513715710723,24.512195121951223,17.45614035087719,19.95169082125604
2021-01-01,20.222551928783382,18.19727891156463,18.19148936170212,15.340136054421766,18.351158645276296,19.79550102249489,22.88461538461539,19.353535353535353,18.540630182421232,18.88888888888889,18.163265306122444,18.507246376811594,19.86666666666666,20.419947506561684,20.428134556574932,20.636704119850183,17.98882681564246
2021-02-01,21.273631840796025,22.508250825082513,24.18367346938776,21.19565217391305,20.214477211796247,21.869918699186982,20.990099009900987,26.033755274261605,20.242718446601938,19.332140727489563,21.28472222222223,23.723849372384926,21.40893470790378,22.43243243243244,21.352201257861637,24.791666666666664,18.305400372439486
2021-03-01,21.2143928035982,16.34304207119742,17.588652482269502,22.176870748299315,20.090826521344233,19.437499999999996,22.362459546925574,20.9704641350211,18.95189003436426,20.241109101868595,16.666666666666664,20.29761904761905,22.258064516129025,20.933852140077814,22.02492211838006,22.061855670103096,20.602636534839927
2021-04-01,19.22812192723697,17.414965986394556,19.0,13.964912280701753,18.55831037649219,16.378600823045268,19.41580756013746,21.166666666666668,21.624365482233507,18.481087470449175,22.175438596491208,17.8613569321534,15.887445887445882,17.534246575342458,19.775641025641022,19.00343642611684,16.761363636363633
2021-05-01,19.489846458642898,21.84027777777777,18.14814814814814,18.0072463768116,18.668430335097,16.202531645569614,18.807017543859644,18.064516129032263,18.89438943894389,18.386904761904763,19.08424908424908,18.363363363363366,18.007662835249036,18.00391389432485,20.617283950617278,17.789473684210517,17.97752808988764
2021-06-01,18.91196834817012,17.986798679867988,17.962962962962955,21.340579710144926,19.54212454212454,17.9441117764471,18.985507246376805,20.708333333333336,19.57044673539519,18.23045267489712,18.66666666666668,17.33618233618233,18.313253012048193,19.532279314888005,18.58024691358024,19.259259259259256,19.24670433145009
2021-07-01,20.14780835881754,20.416666666666664,16.773049645390067,20.25089605734767,19.582222222222224,19.919678714859433,19.761904761904766,19.278131634819538,20.807017543859647,18.705330990041006,21.449275362318833,17.197640117994098,22.40506329113924,18.650949574328745,20.888888888888882,19.65277777777778,18.733705772811916
2021-09-01,20.41158536585366,19.625850340136058,22.186379928315404,19.487179487179485,20.0,18.502109704641352,20.84210526315788,19.767932489451482,19.104477611940304,18.86045094454601,15.757575757575761,18.609929078014186,20.606060606060606,18.10092961487384,20.352564102564106,18.262411347517734,16.72101449275363
2021-10-01,18.917924958073545,16.208614434398466,16.67739181471368,17.610145150978806,17.855954818336954,17.314566377675117,18.51254241236206,18.851582463437385,17.640894415474673,18.62824437551704,18.13704963863621,16.099095212254507,17.561459837347964,17.65380282715567,17.51687059777539,18.600476120620456,17.47258577064183
2021-11-01,18.911889596602972,18.247422680412367,17.23905723905724,16.666666666666664,19.175724637681153,16.281179138321995,20.93189964157706,21.677018633540374,19.78653530377668,17.439528023598818,19.348659003831425,16.892655367231633,18.636363636363633,17.994791666666654,16.947040498442366,17.38351254480287,15.42592592592593
2021-12-01,16.671834625323,12.395833333333334,16.956521739130437,18.210526315789476,17.411545623836123,16.95296523517382,15.85185185185185,18.541666666666668,14.461279461279462,17.147315855181024,15.376344086021506,16.463768115942024,20.288065843621396,15.60753736192332,18.318042813455655,19.74358974358974,15.61904761904762
2022-01-01,18.995014234822275,17.20758896484854,18.08649237658114,18.86554715970771,19.101044852291118,17.759443320832524,17.28931893634541,21.380703478009732,18.444320019413084,20.198211081911214,18.00572692671187,18.491042951928037,19.88268629355088,18.841262267537175,17.68152344815362,18.13376177770845,18.28731597500565
2022-02-01,19.13767019667171,17.179487179487186,18.81944444444445,16.901960784313722,18.83982683982685,19.97991967871486,18.159722222222218,19.406952965235174,16.328502415458942,18.39243498817967,22.152777777777775,18.18318318318319,22.541666666666664,18.307593307593308,23.05810397553517,18.585858585858585,16.79211469534051
2022-03-01,18.544238683127574,17.810457516339874,12.895622895622898,14.693877551020408,16.588337684943433,16.031746031746028,19.85964912280703,17.96296296296296,17.678275290215584,18.33620195065978,17.916666666666668,16.36612021857923,17.931034482758616,16.841448189762797,22.270114942528743,18.58585858585859,19.103942652329746
2022-04-01,20.728244617411004,21.63713996843065,20.21732755538289,20.766174918866138,17.850778111423647,19.412792807881143,18.44919488615308,20.149359730885745,20.97316115853098,22.240652416593406,19.888770549877165,17.609404929880274,20.926461718684273,19.564868712360727,20.69539642401422,17.689761522336205,18.757749823762516
2022-05-01,21.418112237671465,23.64589500399587,21.17050313477679,23.372736426560593,22.92815764825745,18.714165553991762,21.95141468478707,22.332460621772753,21.730299692158063,22.665316373595882,25.671952419983345,19.038631424350672,25.188655309613658,21.01782368361661,23.47325012865332,22.33392045461547,21.155057916427484
2022-06-01,20.650248942810688,22.884788661340423,18.8065781296634,18.536768811511426,22.459560457390555,22.634397064770425,22.239420517530384,22.842629558778906,21.497160234555402,20.4277665390257,20.33327480404737,19.086997206107984,21.06233165409477,19.551728652252308,21.834367835353333,19.17621890059346,20.749460510292913
2022-07-01,19.88477854398528,20.019114383302906,18.30289041716528,20.766338620484532,18.148077733742763,18.874990611320772,15.904356632784198,19.646239280981,19.721212533837758,18.833073414331242,17.027216833335874,16.891451778606122,17.292314253488033,17.335997629497083,19.01997997456613,17.63993559681757,20.07645660111639
2022-09-01,19.755788088825046,19.84940595558187,17.932710536461,20.013958772395835,19.284444751143866,20.45583114889597,18.073243825686614,22.54261593856955,19.48374299559501,20.175385936895683,19.733103926446173,17.984966533995426,14.93433508094023,18.38660170536573,23.445123474011183,18.39584039678293,20.367616458986596
2022-10-01,19.138127271546562,18.013507375643286,19.701377493635647,20.540392397002822,18.4428500515552,19.06673874552985,18.890906625428865,19.566095556261356,17.806899191101643,20.28969844089611,20.06219697703759,15.208540393006544,17.39510940427457,18.338534777266574,18.0879485642195,20.485072416290556,19.903773284801687
2022-11-01,19.330056628777587,22.165973628749633,20.146666170931372,20.616284945756963,19.725065987920267,18.9883203995296,21.500497956269843,21.171939019928892,20.85592896429717,19.76085403512675,18.00839401017498,15.392293618931511,17.042327107809783,18.24594824274162,20.031367942141877,18.021202063337316,16.97443218459078
2022-12-01,22.896457139050597,25.178724227922277,19.5604817463357,24.159571010282757,22.308974947927805,21.932732954490348,20.549773669537537,24.233465956749342,22.538327401786734,21.127854894076115,22.004583491182284,21.299875053050823,25.941075740075732,21.4687896464416,24.584924355535264,19.766126126705068,21.196775259166895
2023-01-01,22.51316953115262,23.84773305453195,21.31154842523091,21.174219593660627,23.066101342036863,22.043480634580924,23.350361967881554,24.468576905927065,23.283053245090063,22.218254699155057,21.329433990442666,21.83328094557377,22.256247386221844,21.85843186109904,22.72822132937402,20.724081817183144,19.133124777772096
2023-02-01,21.153793823940738,20.76142610338192,19.601881853698828,21.052902700241994,21.79976376548987,21.57844590174227,19.25711953172281,20.83158746884463,22.01612981479017,22.338438272497513,20.695885124542915,19.435919644227663,21.143770586089783,21.557053609961578,23.937202421370674,19.430172455379964,18.316797050892486
2023-03-01,22.178002725960603,23.340239523493192,21.322549199152263,19.53140876615311,21.734616325702778,22.400976873237482,19.923363042992722,25.036835669596798,22.712440500859504,20.60499621034642,24.779813571291353,21.870715324688142,24.140098235742517,21.67247589954851,20.684780219770456,26.126346204069435,20.11653548076789
2023-04-01,21.100193392256557,21.487717136571053,24.87010692402,19.968539361208233,19.886217488637676,18.687052087616056,24.290662483583397,22.053312338581193,20.855932369356935,21.290819211763214,21.155967704642183,20.062539123348085,21.89525181782261,19.166888785639994,22.60222218157842,17.66641158856824,17.636222414561825
2023-05-01,19.551658734119734,19.154020692745572,20.827953264139435,23.196021440081527,21.077696714597373,22.008196199956917,22.06714606567111,17.689248056725575,21.757867500302247,20.269444260402334,21.622188878612302,15.485278722597695,16.794338347468507,19.8403714630001,21.834410041775865,21.345849178312836,19.47699352027965
2023-07-01,18.587866891365437,16.885178021740096,19.39459095121856,18.161272074269267,19.34029614107551,18.149033050466954,19.98827486290656,20.74863425902866,21.095139280383883,18.525080811407477,19.156703358681508,17.460052979652975,16.404605709025223,18.007462729775966,21.612641375685715,14.879200342120535,17.952558147551297
2023-10-01,23.113404148389257,20.193912713489915,21.126583987390287,21.105113308097266,21.905535942269108,19.95095441876267,21.14170908483251,21.07586609189751,20.912603880361672,19.79467582409032,19.774865172797835,20.629033563392074,24.202924914153677,19.572975318474747,25.32894661817758,21.898039433081426,18.27640134437773
2023-11-01,22.820386914467957,21.576165045084636,21.258001055055075,18.510631915207238,21.016293368888114,18.884175576815824,21.80227158420821,26.038078189646715,21.4975489790521,18.574642669525623,25.39321543091946,18.86317881057731,23.220241386265915,20.386635102005314,19.28933510561893,15.562096674955162,17.542111066388657
2023-12-01,24.1550017758157,24.38440013192713,22.402842959177757,20.381619553351197,21.357214733320475,22.675746220781235,23.216486929007527,24.083317985160114,22.680913870891253,19.931416433848003,25.196869562313122,21.558468719009422,24.15855986257232,22.543969322833775,21.124366557348875,21.9216563037785,21.721085375245618
2024-01-01,23.801019183234555,24.155554678494433,25.077687104580463,18.255596781244883,22.536663514482477,21.07834469029094,22.6688297757911,24.026735540394828,23.219798330489745,20.526290124272364,19.146559468081463,21.82158442357819,21.702862005263835,21.638873345455327,21.498904593102708,23.170923569052913,20.040905095675164
2024-02-01,21.945290902679357,19.566144153708258,22.498955270321414,17.503905353059924,21.937144008421456,21.727183694483294,22.148678978823337,22.034782336014516,20.141870619580228,22.68521698632898,25.09713465119932,18.180283091768615,22.215196970798548,22.998511787533214,22.88119152715726,24.012421315468558,17.981401502235514
2024-03-01,24.761967583796448,26.842047921318404,23.090443383340354,23.912614193985775,23.04531150847404,26.002006444198972,24.06801181516401,26.440067394868688,20.955119547736977,22.013271510657038,24.325571367624963,21.767218736836263,27.338004251367668,22.60945805729321,20.57870230143919,23.94364491724738,19.51511494637629
2024-04-01,23.132540258245847,20.58023225963245,19.726278846812757,20.540658653638218,22.63697745852444,22.147011144002136,19.356723565288135,24.16701991709119,26.48725846459616,21.87268600634694,22.568652729124583,21.682740916672017,24.042258096217118,24.231504723635705,21.329103912250208,27.42431007373224,21.171873308026413
2024-05-01,23.191686547939476,27.172549960555063,25.412439019617196,20.180530893873417,21.59471593361617,21.53411604826397,22.471751329641208,22.99485079789449,24.92999683161762,18.481322213227948,24.170906542761113,25.09255987100608,24.712458822373062,23.045843077100507,24.937209877663573,25.420749760380723,21.872433624332405
2024-06-01,22.56409840173525,17.79391261690252,18.080660503376517,17.39853699692029,18.483341218039147,20.211003704916248,21.24630648794842,20.00736394479302,22.6902223414484,18.31065514105593,22.677865755202006,21.936054047633803,20.583643410140727,18.806546996716893,19.81961397652185,21.37130982705291,18.296360038297284
2024-09-01,21.679589927186917,21.658924433937035,22.53645646515461,22.24166458365408,18.34633708610909,19.183227314615085,20.92038484587136,25.399752761904946,22.291097529848486,18.376314136708267,17.777475459686304,19.118213586683613,20.6453690996166,20.579790887536536,25.388481978699527,17.48847592090624,18.55764821487062
2024-10-01,20.87620297448991,20.949654927471475,18.90725764634089,16.83979392277338,22.06681111172493,21.230895437721397,18.654599717428177,25.07768554985027,22.094775398774548,20.119600882382603,24.590158897047907,21.092645911270584,18.16526769016657,19.44432615596589,23.67118571533267,23.538479904799363,17.280769470607922
2024-11-01,27.032344265875384,29.302560190977673,22.35844750737009,26.632185298128057,26.73228405993651,24.507347377809303,26.368156798966297,23.85689316489462,27.642346717198077,24.402853649849078,20.19828877545972,20.467748352187126,29.947070196724983,24.649035696021674,29.389028907876327,20.78894668654465,19.44268600492736
2024-12-01,25.902976097601865,20.362523312132165,20.364896153252168,19.7446637518209,28.76314847390968,27.001595384816202,23.996872284766347,22.892641662229654,25.188808413776535,21.933793018251684,26.924103958812662,23.09612553640165,31.177951028725964,23.41202473571114,26.07217569644152,22.950321002914393,23.418919934127914
2025-01-01,24.39159404211754,23.379772321397123,21.64478350408373,20.0888922776024,27.89861285528105,22.17128536857692,24.85737902741731,28.04638330820251,24.65254482880826,22.324258009078388,27.125105050336273,20.97535786935736,19.449835624403004,23.414151829564844,25.191720383805748,24.089245645437067,20.610641853075236
2025-02-01,22.071594100540526,24.426053345034397,26.600608965698054,23.966494824802275,22.958163626234047,19.590147148638046,21.727423275067977,23.72429414153416,24.360181473815473,22.286125595497527,26.934592140585522,18.696180661804966,23.512417314663697,23.51517146465005,20.001452615125604,24.126934699495045,17.32393818949181
2025-03-01,24.128951874650372,21.58357647403251,18.548042993330014,19.70551234376593,22.473355110967574,21.069328495686683,26.11214110966595,25.485658895414698,28.301732250830202,20.760313909549016,22.567041808376644,19.587819162617773,28.715936000407876,21.071054375734818,23.622952916480124,17.39029079327654,22.939406005235632
2025-04-01,23.493639792501803,23.502584126915114,23.57485433712675,18.28545058703731,20.063445773195316,20.65957402861755,18.909479013291598,19.173523839275763,20.875715740651806,19.50324705465804,26.49488627446791,21.010913178199147,25.284516525452997,21.803552462012323,23.982698167912723,16.691366453930094,16.83106771484552
2025-05-01,24.124449073471702,25.880125577110146,21.265408509354206,26.293079867793004,27.295928604246008,20.290069994084178,23.77610703067654,19.887377505626002,22.321402186429783,22.10370596426385,30.36913544041345,18.931430401557375,24.85468064889013,24.913885152865326,24.413414772978903,20.21921117232086,17.588229738925964
2025-06-01,25.596046624674354,20.870802767373224,23.10508395505554,27.07556367354007,23.681751478227934,21.160133617970914,25.553629030496214,21.37414766310216,25.341334957110597,22.37799200692802,22.618700870974795,24.148608467613222,21.666332512715556,22.135958396500172,22.878377698084467,21.052952000005252,17.539136382664772
2025-07-01,26.44310718753382,25.018034378479552,25.149725273456866,23.15407350199342,24.71518968503317,25.686248716536195,19.76990009892344,26.91849530985536,28.773836289480908,23.123534828973593,24.259993025365514,24.735653821864204,23.38093590264516,24.203339748048023,22.97817900490814,22.418426528716026,18.586771829060492
2025-09-01,25.16294842323153,19.749428355961175,19.014358005219883,23.650263934593134,23.526962682023953,21.289308046437032,25.455051017082653,20.79942126410393,23.09709270503864,21.317697913390248,20.646102208482176,16.700234507376972,27.107352089175365,21.49157833822658,25.598739485734917,19.36665890748728,20.143957699168347
2025-10-01,23.334270979840603,19.176870748299322,21.8989898989899,17.29012345679012,20.58037225042301,19.70464135021097,20.22222222222222,23.433734939759034,21.83495145631068,17.591249280368448,19.405940594059405,18.21834061135371,22.180555555555554,20.487225193107548,20.975609756097562,20.014336917562723,18.901515151515152
2025-11-01,25.223055444022368,27.650371180921585,22.79031566662918,19.747923689731415,23.524206653058116,21.75196637680584,19.05614745285672,23.321885199609504,24.688177567281784,19.354429626549447,25.097962753786664,21.99725866883832,25.090144838723997,23.617643060450206,25.50955980211547,20.632921820516795,18.773240112392255
2025-12-01,23.674447789842286,30.050010147866438,20.898100225160913,22.64370744706112,22.179167770237573,23.77033403311527,24.803331771239506,27.799544882857486,25.672134176505114,23.11477825125776,23.510225319471832,22.944958491895193,23.260955744000007,22.702303073999307,27.127646498208254,21.118129034531794,19.903736328141033
