Periodo,Anio,Trimestre,Region,Categoria_Norm,Valor,Valor_Anterior,Valor_Trimestral
2016-Q1,2016,1,AND,HURTOS,26466.0,,26466.0
2016-Q2,2016,2,AND,HURTOS,55141.0,26466.0,28675.0
2016-Q3,2016,3,AND,HURTOS,84445.0,55141.0,29304.0
2016-Q4,2016,4,AND,HURTOS,109588.0,84445.0,25143.0
2017-Q1,2017,1,AND,HURTOS,25203.0,,25203.0
2017-Q2,2017,2,AND,HURTOS,51775.0,25203.0,26572.0
2017-Q3,2017,3,AND,HURTOS,79451.0,51775.0,27676.0
2017-Q4,2017,4,AND,HURTOS,103746.0,79451.0,24295.0
2018-Q1,2018,1,AND,HURTOS,22364.0,,22364.0
2018-Q2,2018,2,AND,HURTOS,46818.0,22364.0,24454.0
2018-Q3,2018,3,AND,HURTOS,71759.0,46818.0,24941.0
2018-Q4,2018,4,AND,HURTOS,93290.0,71759.0,21531.0
2019-Q1,2019,1,AND,HURTOS,21638.0,,21638.0
2019-Q2,2019,2,AND,HURTOS,44775.0,21638.0,23137.0
2019-Q3,2019,3,AND,HURTOS,69661.0,44775.0,24886.0
2019-Q4,2019,4,AND,HURTOS,91398.0,69661.0,21737.0
2020-Q1,2020,1,AND,HURTOS,18095.0,,18095.0
2020-Q2,2020,2,AND,HURTOS,26014.0,18095.0,7919.0
2020-Q3,2020,3,AND,HURTOS,43932.0,26014.0,17918.0
2020-Q4,2020,4,AND,HURTOS,57570.0,43932.0,13638.0
2021-Q1,2021,1,AND,HURTOS,13180.0,,13180.0
2021-Q2,2021,2,AND,HURTOS,29541.0,13180.0,16361.0
2021-Q3,2021,3,AND,HURTOS,49288.0,29541.0,19747.0
2021-Q4,2021,4,AND,HURTOS,68916.0,49288.0,19628.0
2022-Q1,2022,1,AND,HURTOS,20242.0,,20242.0
2022-Q2,2022,2,AND,HURTOS,42940.0,20242.0,22698.0
2022-Q3,2022,3,AND,HURTOS,67049.0,42940.0,24109.0
2022-Q4,2022,4,AND,HURTOS,89115.0,67049.0,22066.0
2023-Q1,2023,1,AND,HURTOS,23042.0,,23042.0
2023-Q2,2023,2,AND,HURTOS,47228.0,23042.0,24186.0
2023-Q3,2023,3,AND,HURTOS,72221.0,47228.0,24993.0
2023-Q4,2023,4,AND,HURTOS,95607.0,72221.0,23386.0
2024-Q1,2024,1,AND,HURTOS,21392.0,,21392.0
2024-Q2,2024,2,AND,HURTOS,45725.0,21392.0,24333.0
2024-Q3,2024,3,AND,HURTOS,70484.0,45725.0,24759.0
2024-Q4,2024,4,AND,HURTOS,92545.0,70484.0,22061.0
2025-Q1,2025,1,AND,HURTOS,20614.0,,20614.0
2025-Q2,2025,2,AND,HURTOS,43262.0,20614.0,22648.0
2025-Q3,2025,3,AND,HURTOS,67111.0,43262.0,23849.0
2017-Q1,2017,1,AND,ROBOS_FUERZA,6918.0,,6918.0
2017-Q2,2017,2,AND,ROBOS_FUERZA,13015.0,6918.0,6097.0
2017-Q3,2017,3,AND,ROBOS_FUERZA,19005.0,13015.0,5990.0
2017-Q4,2017,4,AND,ROBOS_FUERZA,24718.0,19005.0,5713.0
2018-Q1,2018,1,AND,ROBOS_FUERZA,6285.0,,6285.0
2018-Q2,2018,2,AND,ROBOS_FUERZA,11757.0,6285.0,5472.0
2018-Q3,2018,3,AND,ROBOS_FUERZA,17425.0,11757.0,5668.0
2018-Q4,2018,4,AND,ROBOS_FUERZA,23032.0,17425.0,5607.0
2019-Q1,2019,1,AND,ROBOS_FUERZA,5729.0,,5729.0
2019-Q2,2019,2,AND,ROBOS_FUERZA,11042.0,5729.0,5313.0
2019-Q3,2019,3,AND,ROBOS_FUERZA,16572.0,11042.0,5530.0
2019-Q4,2019,4,AND,ROBOS_FUERZA,22455.0,16572.0,5883.0
2020-Q1,2020,1,AND,ROBOS_FUERZA,5188.0,,5188.0
2020-Q2,2020,2,AND,ROBOS_FUERZA,8286.0,5188.0,3098.0
2020-Q3,2020,3,AND,ROBOS_FUERZA,13426.0,8286.0,5140.0
2020-Q4,2020,4,AND,ROBOS_FUERZA,17567.0,13426.0,4141.0
2021-Q1,2021,1,AND,ROBOS_FUERZA,3658.0,,3658.0
2021-Q2,2021,2,AND,ROBOS_FUERZA,7458.0,3658.0,3800.0
2021-Q3,2021,3,AND,ROBOS_FUERZA,12029.0,7458.0,4571.0
2021-Q4,2021,4,AND,ROBOS_FUERZA,16381.0,12029.0,4352.0
2022-Q1,2022,1,AND,ROBOS_FUERZA,4404.0,,4404.0
2022-Q2,2022,2,AND,ROBOS_FUERZA,9181.0,4404.0,4777.0
2022-Q3,2022,3,AND,ROBOS_FUERZA,14117.0,9181.0,4936.0
2022-Q4,2022,4,AND,ROBOS_FUERZA,18734.0,14117.0,4617.0
2023-Q1,2023,1,AND,ROBOS_FUERZA,4946.0,,4946.0
2023-Q2,2023,2,AND,ROBOS_FUERZA,9650.0,4946.0,4704.0
2023-Q3,2023,3,AND,ROBOS_FUERZA,15087.0,9650.0,5437.0
2023-Q4,2023,4,AND,ROBOS_FUERZA,20266.0,15087.0,5179.0
2024-Q1,2024,1,AND,ROBOS_FUERZA,4785.0,,4785.0
2024-Q2,2024,2,AND,ROBOS_FUERZA,9213.0,4785.0,4428.0
2024-Q3,2024,3,AND,ROBOS_FUERZA,13910.0,9213.0,4697.0
2024-Q4,2024,4,AND,ROBOS_FUERZA,18231.0,13910.0,4321.0
2025-Q1,2025,1,AND,ROBOS_FUERZA,4138.0,,4138.0
2025-Q2,2025,2,AND,ROBOS_FUERZA,7925.0,4138.0,3787.0
2025-Q3,2025,3,AND,ROBOS_FUERZA,11906.0,7925.0,3981.0
2016-Q1,2016,1,ARA,HURTOS,2952.0,,2952.0
2016-Q2,2016,2,ARA,HURTOS,5954.0,2952.0,3002.0
2016-Q3,2016,3,ARA,HURTOS,8720.0,5954.0,2766.0
2016-Q4,2016,4,ARA,HURTOS,11952.0,8720.0,3232.0
2017-Q1,2017,1,ARA,HURTOS,2965.0,,2965.0
2017-Q2,2017,2,ARA,HURTOS,5594.0,2965.0,2629.0
2017-Q3,2017,3,ARA,HURTOS,8098.0,5594.0,2504.0
2017-Q4,2017,4,ARA,HURTOS,11004.0,8098.0,2906.0
2018-Q1,2018,1,ARA,HURTOS,2406.0,,2406.0
2018-Q2,2018,2,ARA,HURTOS,4832.0,2406.0,2426.0
2018-Q3,2018,3,ARA,HURTOS,7384.0,4832.0,2552.0
2018-Q4,2018,4,ARA,HURTOS,10629.0,7384.0,3245.0
2019-Q1,2019,1,ARA,HURTOS,2682.0,,2682.0
2019-Q2,2019,2,ARA,HURTOS,5198.0,2682.0,2516.0
2019-Q3,2019,3,ARA,HURTOS,7515.0,5198.0,2317.0
2019-Q4,2019,4,ARA,HURTOS,10514.0,7515.0,2999.0
2020-Q1,2020,1,ARA,HURTOS,2091.0,,2091.0
2020-Q2,2020,2,ARA,HURTOS,3069.0,2091.0,978.0
2020-Q3,2020,3,ARA,HURTOS,4969.0,3069.0,1900.0
2020-Q4,2020,4,ARA,HURTOS,6761.0,4969.0,1792.0
2021-Q1,2021,1,ARA,HURTOS,1770.0,,1770.0
2021-Q2,2021,2,ARA,HURTOS,3849.0,1770.0,2079.0
2021-Q3,2021,3,ARA,HURTOS,6154.0,3849.0,2305.0
2021-Q4,2021,4,ARA,HURTOS,8925.0,6154.0,2771.0
2022-Q1,2022,1,ARA,HURTOS,2622.0,,2622.0
2022-Q2,2022,2,ARA,HURTOS,5252.0,2622.0,2630.0
2022-Q3,2022,3,ARA,HURTOS,7357.0,5252.0,2105.0
2022-Q4,2022,4,ARA,HURTOS,10678.0,7357.0,3321.0
2023-Q1,2023,1,ARA,HURTOS,2579.0,,2579.0
2023-Q2,2023,2,ARA,HURTOS,4831.0,2579.0,2252.0
2023-Q3,2023,3,ARA,HURTOS,7055.0,4831.0,2224.0
2023-Q4,2023,4,ARA,HURTOS,9934.0,7055.0,2879.0
2024-Q1,2024,1,ARA,HURTOS,2821.0,,2821.0
2024-Q2,2024,2,ARA,HURTOS,5629.0,2821.0,2808.0
2024-Q3,2024,3,ARA,HURTOS,8379.0,5629.0,2750.0
2024-Q4,2024,4,ARA,HURTOS,11686.0,8379.0,3307.0
2025-Q1,2025,1,ARA,HURTOS,2972.0,,2972.0
2025-Q2,2025,2,ARA,HURTOS,5750.0,2972.0,2778.0
2025-Q3,2025,3,ARA,HURTOS,8712.0,5750.0,2962.0
2017-Q1,2017,1,ARA,ROBOS_FUERZA,682.0,,682.0
2017-Q2,2017,2,ARA,ROBOS_FUERZA,1311.0,682.0,629.0
2017-Q3,2017,3,ARA,ROBOS_FUERZA,1921.0,1311.0,610.0
2017-Q4,2017,4,ARA,ROBOS_FUERZA,2555.0,1921.0,634.0
2018-Q1,2018,1,ARA,ROBOS_FUERZA,618.0,,618.0
2018-Q2,2018,2,ARA,ROBOS_FUERZA,1193.0,618.0,575.0
2018-Q3,2018,3,ARA,ROBOS_FUERZA,1794.0,1193.0,601.0
2018-Q4,2018,4,ARA,ROBOS_FUERZA,2498.0,1794.0,704.0
2019-Q1,2019,1,ARA,ROBOS_FUERZA,598.0,,598.0
2019-Q2,2019,2,ARA,ROBOS_FUERZA,1233.0,598.0,635.0
2019-Q3,2019,3,ARA,ROBOS_FUERZA,1774.0,1233.0,541.0
2019-Q4,2019,4,ARA,ROBOS_FUERZA,2348.0,1774.0,574.0
2020-Q1,2020,1,ARA,ROBOS_FUERZA,488.0,,488.0
2020-Q2,2020,2,ARA,ROBOS_FUERZA,804.0,488.0,316.0
2020-Q3,2020,3,ARA,ROBOS_FUERZA,1396.0,804.0,592.0
2020-Q4,2020,4,ARA,ROBOS_FUERZA,1887.0,1396.0,491.0
2021-Q1,2021,1,ARA,ROBOS_FUERZA,413.0,,413.0
2021-Q2,2021,2,ARA,ROBOS_FUERZA,876.0,413.0,463.0
2021-Q3,2021,3,ARA,ROBOS_FUERZA,1454.0,876.0,578.0
2021-Q4,2021,4,ARA,ROBOS_FUERZA,2034.0,1454.0,580.0
2022-Q1,2022,1,ARA,ROBOS_FUERZA,643.0,,643.0
2022-Q2,2022,2,ARA,ROBOS_FUERZA,1217.0,643.0,574.0
2022-Q3,2022,3,ARA,ROBOS_FUERZA,1746.0,1217.0,529.0
2022-Q4,2022,4,ARA,ROBOS_FUERZA,2404.0,1746.0,658.0
2023-Q1,2023,1,ARA,ROBOS_FUERZA,759.0,,759.0
2023-Q2,2023,2,ARA,ROBOS_FUERZA,1307.0,759.0,548.0
2023-Q3,2023,3,ARA,ROBOS_FUERZA,1899.0,1307.0,592.0
2023-Q4,2023,4,ARA,ROBOS_FUERZA,2654.0,1899.0,755.0
2024-Q1,2024,1,ARA,ROBOS_FUERZA,769.0,,769.0
2024-Q2,2024,2,ARA,ROBOS_FUERZA,1335.0,769.0,566.0
2024-Q3,2024,3,ARA,ROBOS_FUERZA,1943.0,1335.0,608.0
2024-Q4,2024,4,ARA,ROBOS_FUERZA,2612.0,1943.0,669.0
2025-Q1,2025,1,ARA,ROBOS_FUERZA,546.0,,546.0
2025-Q2,2025,2,ARA,ROBOS_FUERZA,1048.0,546.0,502.0
2025-Q3,2025,3,ARA,ROBOS_FUERZA,1533.0,1048.0,485.0
2016-Q1,2016,1,AST,HURTOS,1820.0,,1820.0
2016-Q2,2016,2,AST,HURTOS,3655.0,1820.0,1835.0
2016-Q3,2016,3,AST,HURTOS,5768.0,3655.0,2113.0
2016-Q4,2016,4,AST,HURTOS,7640.0,5768.0,1872.0
2017-Q1,2017,1,AST,HURTOS,1774.0,,1774.0
2017-Q2,2017,2,AST,HURTOS,3618.0,1774.0,1844.0
2017-Q3,2017,3,AST,HURTOS,5518.0,3618.0,1900.0
2017-Q4,2017,4,AST,HURTOS,7261.0,5518.0,1743.0
2018-Q1,2018,1,AST,HURTOS,1636.0,,1636.0
2018-Q2,2018,2,AST,HURTOS,3349.0,1636.0,1713.0
2018-Q3,2018,3,AST,HURTOS,5392.0,3349.0,2043.0
2018-Q4,2018,4,AST,HURTOS,7209.0,5392.0,1817.0
2019-Q1,2019,1,AST,HURTOS,1726.0,,1726.0
2019-Q2,2019,2,AST,HURTOS,3420.0,1726.0,1694.0
2019-Q3,2019,3,AST,HURTOS,5161.0,3420.0,1741.0
2019-Q4,2019,4,AST,HURTOS,6788.0,5161.0,1627.0
2020-Q1,2020,1,AST,HURTOS,1359.0,,1359.0
2020-Q2,2020,2,AST,HURTOS,1923.0,1359.0,564.0
2020-Q3,2020,3,AST,HURTOS,3221.0,1923.0,1298.0
2020-Q4,2020,4,AST,HURTOS,4143.0,3221.0,922.0
2021-Q1,2021,1,AST,HURTOS,888.0,,888.0
2021-Q2,2021,2,AST,HURTOS,1917.0,888.0,1029.0
2021-Q3,2021,3,AST,HURTOS,3273.0,1917.0,1356.0
2021-Q4,2021,4,AST,HURTOS,4705.0,3273.0,1432.0
2022-Q1,2022,1,AST,HURTOS,1510.0,,1510.0
2022-Q2,2022,2,AST,HURTOS,3078.0,1510.0,1568.0
2022-Q3,2022,3,AST,HURTOS,4964.0,3078.0,1886.0
2022-Q4,2022,4,AST,HURTOS,6816.0,4964.0,1852.0
2023-Q1,2023,1,AST,HURTOS,1770.0,,1770.0
2023-Q2,2023,2,AST,HURTOS,3572.0,1770.0,1802.0
2023-Q3,2023,3,AST,HURTOS,5731.0,3572.0,2159.0
2023-Q4,2023,4,AST,HURTOS,7688.0,5731.0,1957.0
2024-Q1,2024,1,AST,HURTOS,1895.0,,1895.0
2024-Q2,2024,2,AST,HURTOS,3800.0,1895.0,1905.0
2024-Q3,2024,3,AST,HURTOS,5805.0,3800.0,2005.0
2024-Q4,2024,4,AST,HURTOS,7727.0,5805.0,1922.0
2025-Q1,2025,1,AST,HURTOS,1935.0,,1935.0
2025-Q2,2025,2,AST,HURTOS,3702.0,1935.0,1767.0
2025-Q3,2025,3,AST,HURTOS,5973.0,3702.0,2271.0
2017-Q1,2017,1,AST,ROBOS_FUERZA,453.0,,453.0
2017-Q2,2017,2,AST,ROBOS_FUERZA,862.0,453.0,409.0
2017-Q3,2017,3,AST,ROBOS_FUERZA,1325.0,862.0,463.0
2017-Q4,2017,4,AST,ROBOS_FUERZA,1737.0,1325.0,412.0
2018-Q1,2018,1,AST,ROBOS_FUERZA,431.0,,431.0
2018-Q2,2018,2,AST,ROBOS_FUERZA,754.0,431.0,323.0
2018-Q3,2018,3,AST,ROBOS_FUERZA,1094.0,754.0,340.0
2018-Q4,2018,4,AST,ROBOS_FUERZA,1488.0,1094.0,394.0
2019-Q1,2019,1,AST,ROBOS_FUERZA,417.0,,417.0
2019-Q2,2019,2,AST,ROBOS_FUERZA,751.0,417.0,334.0
2019-Q3,2019,3,AST,ROBOS_FUERZA,1108.0,751.0,357.0
2019-Q4,2019,4,AST,ROBOS_FUERZA,1563.0,1108.0,455.0
2020-Q1,2020,1,AST,ROBOS_FUERZA,374.0,,374.0
2020-Q2,2020,2,AST,ROBOS_FUERZA,528.0,374.0,154.0
2020-Q3,2020,3,AST,ROBOS_FUERZA,898.0,528.0,370.0
2020-Q4,2020,4,AST,ROBOS_FUERZA,1125.0,898.0,227.0
2021-Q1,2021,1,AST,ROBOS_FUERZA,229.0,,229.0
2021-Q2,2021,2,AST,ROBOS_FUERZA,518.0,229.0,289.0
2021-Q3,2021,3,AST,ROBOS_FUERZA,868.0,518.0,350.0
2021-Q4,2021,4,AST,ROBOS_FUERZA,1206.0,868.0,338.0
2022-Q1,2022,1,AST,ROBOS_FUERZA,313.0,,313.0
2022-Q2,2022,2,AST,ROBOS_FUERZA,549.0,313.0,236.0
2022-Q3,2022,3,AST,ROBOS_FUERZA,817.0,549.0,268.0
2022-Q4,2022,4,AST,ROBOS_FUERZA,1191.0,817.0,374.0
2023-Q1,2023,1,AST,ROBOS_FUERZA,384.0,,384.0
2023-Q2,2023,2,AST,ROBOS_FUERZA,705.0,384.0,321.0
2023-Q3,2023,3,AST,ROBOS_FUERZA,1096.0,705.0,391.0
2023-Q4,2023,4,AST,ROBOS_FUERZA,1574.0,1096.0,478.0
2024-Q1,2024,1,AST,ROBOS_FUERZA,351.0,,351.0
2024-Q2,2024,2,AST,ROBOS_FUERZA,661.0,351.0,310.0
2024-Q3,2024,3,AST,ROBOS_FUERZA,952.0,661.0,291.0
2024-Q4,2024,4,AST,ROBOS_FUERZA,1311.0,952.0,359.0
2025-Q1,2025,1,AST,ROBOS_FUERZA,322.0,,322.0
2025-Q2,2025,2,AST,ROBOS_FUERZA,640.0,322.0,318.0
2025-Q3,2025,3,AST,ROBOS_FUERZA,1029.0,640.0,389.0
2016-Q1,2016,1,BAL,HURTOS,3552.0,,3552.0
2016-Q2,2016,2,BAL,HURTOS,11342.0,3552.0,7790.0
2016-Q3,2016,3,BAL,HURTOS,22920.0,11342.0,11578.0
2016-Q4,2016,4,BAL,HURTOS,27935.0,22920.0,5015.0
2017-Q1,2017,1,BAL,HURTOS,3620.0,,3620.0
2017-Q2,2017,2,BAL,HURTOS,11184.0,3620.0,7564.0
2017-Q3,2017,3,BAL,HURTOS,23835.0,11184.0,12651.0
2017-Q4,2017,4,BAL,HURTOS,29183.0,23835.0,5348.0
2018-Q1,2018,1,BAL,HURTOS,3638.0,,3638.0
2018-Q2,2018,2,BAL,HURTOS,11016.0,3638.0,7378.0
2018-Q3,2018,3,BAL,HURTOS,21675.0,11016.0,10659.0
2018-Q4,2018,4,BAL,HURTOS,27502.0,21675.0,5827.0
2019-Q1,2019,1,BAL,HURTOS,3848.0,,3848.0
2019-Q2,2019,2,BAL,HURTOS,11144.0,3848.0,7296.0
2019-Q3,2019,3,BAL,HURTOS,21222.0,11144.0,10078.0
2019-Q4,2019,4,BAL,HURTOS,26408.0,21222.0,5186.0
2020-Q1,2020,1,BAL,HURTOS,2998.0,,2998.0
2020-Q2,2020,2,BAL,HURTOS,4543.0,2998.0,1545.0
2020-Q3,2020,3,BAL,HURTOS,9515.0,4543.0,4972.0
2020-Q4,2020,4,BAL,HURTOS,12483.0,9515.0,2968.0
2021-Q1,2021,1,BAL,HURTOS,2224.0,,2224.0
2021-Q2,2021,2,BAL,HURTOS,5951.0,2224.0,3727.0
2021-Q3,2021,3,BAL,HURTOS,12651.0,5951.0,6700.0
2021-Q4,2021,4,BAL,HURTOS,16433.0,12651.0,3782.0
2022-Q1,2022,1,BAL,HURTOS,3173.0,,3173.0
2022-Q2,2022,2,BAL,HURTOS,9922.0,3173.0,6749.0
2022-Q3,2022,3,BAL,HURTOS,19964.0,9922.0,10042.0
2022-Q4,2022,4,BAL,HURTOS,24462.0,19964.0,4498.0
2023-Q1,2023,1,BAL,HURTOS,3673.0,,3673.0
2023-Q2,2023,2,BAL,HURTOS,9721.0,3673.0,6048.0
2023-Q3,2023,3,BAL,HURTOS,18495.0,9721.0,8774.0
2023-Q4,2023,4,BAL,HURTOS,23009.0,18495.0,4514.0
2024-Q1,2024,1,BAL,HURTOS,3399.0,,3399.0
2024-Q2,2024,2,BAL,HURTOS,10207.0,3399.0,6808.0
2024-Q3,2024,3,BAL,HURTOS,19577.0,10207.0,9370.0
2024-Q4,2024,4,BAL,HURTOS,24310.0,19577.0,4733.0
2025-Q1,2025,1,BAL,HURTOS,3720.0,,3720.0
2025-Q2,2025,2,BAL,HURTOS,10854.0,3720.0,7134.0
2025-Q3,2025,3,BAL,HURTOS,22024.0,10854.0,11170.0
2017-Q1,2017,1,BAL,ROBOS_FUERZA,811.0,,811.0
2017-Q2,2017,2,BAL,ROBOS_FUERZA,1701.0,811.0,890.0
2017-Q3,2017,3,BAL,ROBOS_FUERZA,3115.0,1701.0,1414.0
2017-Q4,2017,4,BAL,ROBOS_FUERZA,4281.0,3115.0,1166.0
2018-Q1,2018,1,BAL,ROBOS_FUERZA,1044.0,,1044.0
2018-Q2,2018,2,BAL,ROBOS_FUERZA,1972.0,1044.0,928.0
2018-Q3,2018,3,BAL,ROBOS_FUERZA,3109.0,1972.0,1137.0
2018-Q4,2018,4,BAL,ROBOS_FUERZA,4080.0,3109.0,971.0
2019-Q1,2019,1,BAL,ROBOS_FUERZA,901.0,,901.0
2019-Q2,2019,2,BAL,ROBOS_FUERZA,1764.0,901.0,863.0
2019-Q3,2019,3,BAL,ROBOS_FUERZA,2737.0,1764.0,973.0
2019-Q4,2019,4,BAL,ROBOS_FUERZA,3571.0,2737.0,834.0
2020-Q1,2020,1,BAL,ROBOS_FUERZA,683.0,,683.0
2020-Q2,2020,2,BAL,ROBOS_FUERZA,1130.0,683.0,447.0
2020-Q3,2020,3,BAL,ROBOS_FUERZA,1881.0,1130.0,751.0
2020-Q4,2020,4,BAL,ROBOS_FUERZA,2582.0,1881.0,701.0
2021-Q1,2021,1,BAL,ROBOS_FUERZA,589.0,,589.0
2021-Q2,2021,2,BAL,ROBOS_FUERZA,1183.0,589.0,594.0
2021-Q3,2021,3,BAL,ROBOS_FUERZA,1889.0,1183.0,706.0
2021-Q4,2021,4,BAL,ROBOS_FUERZA,2659.0,1889.0,770.0
2022-Q1,2022,1,BAL,ROBOS_FUERZA,590.0,,590.0
2022-Q2,2022,2,BAL,ROBOS_FUERZA,1294.0,590.0,704.0
2022-Q3,2022,3,BAL,ROBOS_FUERZA,2150.0,1294.0,856.0
2022-Q4,2022,4,BAL,ROBOS_FUERZA,2890.0,2150.0,740.0
2023-Q1,2023,1,BAL,ROBOS_FUERZA,620.0,,620.0
2023-Q2,2023,2,BAL,ROBOS_FUERZA,1253.0,620.0,633.0
2023-Q3,2023,3,BAL,ROBOS_FUERZA,1968.0,1253.0,715.0
2023-Q4,2023,4,BAL,ROBOS_FUERZA,2676.0,1968.0,708.0
2024-Q1,2024,1,BAL,ROBOS_FUERZA,675.0,,675.0
2024-Q2,2024,2,BAL,ROBOS_FUERZA,1268.0,675.0,593.0
2024-Q3,2024,3,BAL,ROBOS_FUERZA,2124.0,1268.0,856.0
2024-Q4,2024,4,BAL,ROBOS_FUERZA,2829.0,2124.0,705.0
2025-Q1,2025,1,BAL,ROBOS_FUERZA,613.0,,613.0
2025-Q2,2025,2,BAL,ROBOS_FUERZA,1178.0,613.0,565.0
2025-Q3,2025,3,BAL,ROBOS_FUERZA,1865.0,1178.0,687.0
2016-Q1,2016,1,CAN,HURTOS,8983.0,,8983.0
2016-Q2,2016,2,CAN,HURTOS,15742.0,8983.0,6759.0
2016-Q3,2016,3,CAN,HURTOS,23286.0,15742.0,7544.0
2016-Q4,2016,4,CAN,HURTOS,30994.0,23286.0,7708.0
2017-Q1,2017,1,CAN,HURTOS,9331.0,,9331.0
2017-Q2,2017,2,CAN,HURTOS,15985.0,9331.0,6654.0
2017-Q3,2017,3,CAN,HURTOS,22817.0,15985.0,6832.0
2017-Q4,2017,4,CAN,HURTOS,30127.0,22817.0,7310.0
2018-Q1,2018,1,CAN,HURTOS,8441.0,,8441.0
2018-Q2,2018,2,CAN,HURTOS,14291.0,8441.0,5850.0
2018-Q3,2018,3,CAN,HURTOS,20583.0,14291.0,6292.0
2018-Q4,2018,4,CAN,HURTOS,27277.0,20583.0,6694.0
2019-Q1,2019,1,CAN,HURTOS,7438.0,,7438.0
2019-Q2,2019,2,CAN,HURTOS,13058.0,7438.0,5620.0
2019-Q3,2019,3,CAN,HURTOS,19372.0,13058.0,6314.0
2019-Q4,2019,4,CAN,HURTOS,26146.0,19372.0,6774.0
2020-Q1,2020,1,CAN,HURTOS,6694.0,,6694.0
2020-Q2,2020,2,CAN,HURTOS,8641.0,6694.0,1947.0
2020-Q3,2020,3,CAN,HURTOS,12765.0,8641.0,4124.0
2020-Q4,2020,4,CAN,HURTOS,16716.0,12765.0,3951.0
2021-Q1,2021,1,CAN,HURTOS,3730.0,,3730.0
2021-Q2,2021,2,CAN,HURTOS,7604.0,3730.0,3874.0
2021-Q3,2021,3,CAN,HURTOS,11939.0,7604.0,4335.0
2021-Q4,2021,4,CAN,HURTOS,17144.0,11939.0,5205.0
2022-Q1,2022,1,CAN,HURTOS,6336.0,,6336.0
2022-Q2,2022,2,CAN,HURTOS,11870.0,6336.0,5534.0
2022-Q3,2022,3,CAN,HURTOS,17493.0,11870.0,5623.0
2022-Q4,2022,4,CAN,HURTOS,23630.0,17493.0,6137.0
2023-Q1,2023,1,CAN,HURTOS,7373.0,,7373.0
2023-Q2,2023,2,CAN,HURTOS,13183.0,7373.0,5810.0
2023-Q3,2023,3,CAN,HURTOS,19400.0,13183.0,6217.0
2023-Q4,2023,4,CAN,HURTOS,26258.0,19400.0,6858.0
2024-Q1,2024,1,CAN,HURTOS,8656.0,,8656.0
2024-Q2,2024,2,CAN,HURTOS,14848.0,8656.0,6192.0
2024-Q3,2024,3,CAN,HURTOS,21171.0,14848.0,6323.0
2024-Q4,2024,4,CAN,HURTOS,28445.0,21171.0,7274.0
2025-Q1,2025,1,CAN,HURTOS,8215.0,,8215.0
2025-Q2,2025,2,CAN,HURTOS,14914.0,8215.0,6699.0
2025-Q3,2025,3,CAN,HURTOS,21889.0,14914.0,6975.0
2017-Q1,2017,1,CAN,ROBOS_FUERZA,1461.0,,1461.0
2017-Q2,2017,2,CAN,ROBOS_FUERZA,2829.0,1461.0,1368.0
2017-Q3,2017,3,CAN,ROBOS_FUERZA,4178.0,2829.0,1349.0
2017-Q4,2017,4,CAN,ROBOS_FUERZA,5347.0,4178.0,1169.0
2018-Q1,2018,1,CAN,ROBOS_FUERZA,1496.0,,1496.0
2018-Q2,2018,2,CAN,ROBOS_FUERZA,2702.0,1496.0,1206.0
2018-Q3,2018,3,CAN,ROBOS_FUERZA,3904.0,2702.0,1202.0
2018-Q4,2018,4,CAN,ROBOS_FUERZA,5012.0,3904.0,1108.0
2019-Q1,2019,1,CAN,ROBOS_FUERZA,1009.0,,1009.0
2019-Q2,2019,2,CAN,ROBOS_FUERZA,2085.0,1009.0,1076.0
2019-Q3,2019,3,CAN,ROBOS_FUERZA,3101.0,2085.0,1016.0
2019-Q4,2019,4,CAN,ROBOS_FUERZA,4310.0,3101.0,1209.0
2020-Q1,2020,1,CAN,ROBOS_FUERZA,1037.0,,1037.0
2020-Q2,2020,2,CAN,ROBOS_FUERZA,1683.0,1037.0,646.0
2020-Q3,2020,3,CAN,ROBOS_FUERZA,2643.0,1683.0,960.0
2020-Q4,2020,4,CAN,ROBOS_FUERZA,3488.0,2643.0,845.0
2021-Q1,2021,1,CAN,ROBOS_FUERZA,919.0,,919.0
2021-Q2,2021,2,CAN,ROBOS_FUERZA,1658.0,919.0,739.0
2021-Q3,2021,3,CAN,ROBOS_FUERZA,2553.0,1658.0,895.0
2021-Q4,2021,4,CAN,ROBOS_FUERZA,3423.0,2553.0,870.0
2022-Q1,2022,1,CAN,ROBOS_FUERZA,859.0,,859.0
2022-Q2,2022,2,CAN,ROBOS_FUERZA,1772.0,859.0,913.0
2022-Q3,2022,3,CAN,ROBOS_FUERZA,2727.0,1772.0,955.0
2022-Q4,2022,4,CAN,ROBOS_FUERZA,3655.0,2727.0,928.0
2023-Q1,2023,1,CAN,ROBOS_FUERZA,932.0,,932.0
2023-Q2,2023,2,CAN,ROBOS_FUERZA,1740.0,932.0,808.0
2023-Q3,2023,3,CAN,ROBOS_FUERZA,2582.0,1740.0,842.0
2023-Q4,2023,4,CAN,ROBOS_FUERZA,3374.0,2582.0,792.0
2024-Q1,2024,1,CAN,ROBOS_FUERZA,810.0,,810.0
2024-Q2,2024,2,CAN,ROBOS_FUERZA,1607.0,810.0,797.0
2024-Q3,2024,3,CAN,ROBOS_FUERZA,2262.0,1607.0,655.0
2024-Q4,2024,4,CAN,ROBOS_FUERZA,2942.0,2262.0,680.0
2025-Q1,2025,1,CAN,ROBOS_FUERZA,724.0,,724.0
2025-Q2,2025,2,CAN,ROBOS_FUERZA,1491.0,724.0,767.0
2025-Q3,2025,3,CAN,ROBOS_FUERZA,2215.0,1491.0,724.0
2016-Q1,2016,1,CANT,HURTOS,1151.0,,1151.0
2016-Q2,2016,2,CANT,HURTOS,2329.0,1151.0,1178.0
2016-Q3,2016,3,CANT,HURTOS,3865.0,2329.0,1536.0
2016-Q4,2016,4,CANT,HURTOS,5118.0,3865.0,1253.0
2017-Q1,2017,1,CANT,HURTOS,1078.0,,1078.0
2017-Q2,2017,2,CANT,HURTOS,2291.0,1078.0,1213.0
2017-Q3,2017,3,CANT,HURTOS,3803.0,2291.0,1512.0
2017-Q4,2017,4,CANT,HURTOS,4983.0,3803.0,1180.0
2018-Q1,2018,1,CANT,HURTOS,1086.0,,1086.0
2018-Q2,2018,2,CANT,HURTOS,2216.0,1086.0,1130.0
2018-Q3,2018,3,CANT,HURTOS,3552.0,2216.0,1336.0
2018-Q4,2018,4,CANT,HURTOS,4654.0,3552.0,1102.0
2019-Q1,2019,1,CANT,HURTOS,1105.0,,1105.0
2019-Q2,2019,2,CANT,HURTOS,2287.0,1105.0,1182.0
2019-Q3,2019,3,CANT,HURTOS,3757.0,2287.0,1470.0
2019-Q4,2019,4,CANT,HURTOS,4881.0,3757.0,1124.0
2020-Q1,2020,1,CANT,HURTOS,911.0,,911.0
2020-Q2,2020,2,CANT,HURTOS,1343.0,911.0,432.0
2020-Q3,2020,3,CANT,HURTOS,2513.0,1343.0,1170.0
2020-Q4,2020,4,CANT,HURTOS,3238.0,2513.0,725.0
2021-Q1,2021,1,CANT,HURTOS,694.0,,694.0
2021-Q2,2021,2,CANT,HURTOS,1550.0,694.0,856.0
2021-Q3,2021,3,CANT,HURTOS,2734.0,1550.0,1184.0
2021-Q4,2021,4,CANT,HURTOS,3820.0,2734.0,1086.0
2022-Q1,2022,1,CANT,HURTOS,1063.0,,1063.0
2022-Q2,2022,2,CANT,HURTOS,2298.0,1063.0,1235.0
2022-Q3,2022,3,CANT,HURTOS,3784.0,2298.0,1486.0
2022-Q4,2022,4,CANT,HURTOS,4881.0,3784.0,1097.0
2023-Q1,2023,1,CANT,HURTOS,1080.0,,1080.0
2023-Q2,2023,2,CANT,HURTOS,2272.0,1080.0,1192.0
2023-Q3,2023,3,CANT,HURTOS,3785.0,2272.0,1513.0
2023-Q4,2023,4,CANT,HURTOS,4840.0,3785.0,1055.0
2024-Q1,2024,1,CANT,HURTOS,1099.0,,1099.0
2024-Q2,2024,2,CANT,HURTOS,2312.0,1099.0,1213.0
2024-Q3,2024,3,CANT,HURTOS,3651.0,2312.0,1339.0
2024-Q4,2024,4,CANT,HURTOS,4711.0,3651.0,1060.0
2025-Q1,2025,1,CANT,HURTOS,1122.0,,1122.0
2025-Q2,2025,2,CANT,HURTOS,2329.0,1122.0,1207.0
2025-Q3,2025,3,CANT,HURTOS,3908.0,2329.0,1579.0
2017-Q1,2017,1,CANT,ROBOS_FUERZA,398.0,,398.0
2017-Q2,2017,2,CANT,ROBOS_FUERZA,766.0,398.0,368.0
2017-Q3,2017,3,CANT,ROBOS_FUERZA,1159.0,766.0,393.0
2017-Q4,2017,4,CANT,ROBOS_FUERZA,1639.0,1159.0,480.0
2018-Q1,2018,1,CANT,ROBOS_FUERZA,445.0,,445.0
2018-Q2,2018,2,CANT,ROBOS_FUERZA,779.0,445.0,334.0
2018-Q3,2018,3,CANT,ROBOS_FUERZA,1125.0,779.0,346.0
2018-Q4,2018,4,CANT,ROBOS_FUERZA,1574.0,1125.0,449.0
2019-Q1,2019,1,CANT,ROBOS_FUERZA,435.0,,435.0
2019-Q2,2019,2,CANT,ROBOS_FUERZA,811.0,435.0,376.0
2019-Q3,2019,3,CANT,ROBOS_FUERZA,1183.0,811.0,372.0
2019-Q4,2019,4,CANT,ROBOS_FUERZA,1628.0,1183.0,445.0
2020-Q1,2020,1,CANT,ROBOS_FUERZA,462.0,,462.0
2020-Q2,2020,2,CANT,ROBOS_FUERZA,621.0,462.0,159.0
2020-Q3,2020,3,CANT,ROBOS_FUERZA,1059.0,621.0,438.0
2020-Q4,2020,4,CANT,ROBOS_FUERZA,1375.0,1059.0,316.0
2021-Q1,2021,1,CANT,ROBOS_FUERZA,281.0,,281.0
2021-Q2,2021,2,CANT,ROBOS_FUERZA,607.0,281.0,326.0
2021-Q3,2021,3,CANT,ROBOS_FUERZA,1056.0,607.0,449.0
2021-Q4,2021,4,CANT,ROBOS_FUERZA,1633.0,1056.0,577.0
2022-Q1,2022,1,CANT,ROBOS_FUERZA,525.0,,525.0
2022-Q2,2022,2,CANT,ROBOS_FUERZA,866.0,525.0,341.0
2022-Q3,2022,3,CANT,ROBOS_FUERZA,1222.0,866.0,356.0
2022-Q4,2022,4,CANT,ROBOS_FUERZA,1817.0,1222.0,595.0
2023-Q1,2023,1,CANT,ROBOS_FUERZA,452.0,,452.0
2023-Q2,2023,2,CANT,ROBOS_FUERZA,838.0,452.0,386.0
2023-Q3,2023,3,CANT,ROBOS_FUERZA,1285.0,838.0,447.0
2023-Q4,2023,4,CANT,ROBOS_FUERZA,1783.0,1285.0,498.0
2024-Q1,2024,1,CANT,ROBOS_FUERZA,480.0,,480.0
2024-Q2,2024,2,CANT,ROBOS_FUERZA,853.0,480.0,373.0
2024-Q3,2024,3,CANT,ROBOS_FUERZA,1162.0,853.0,309.0
2024-Q4,2024,4,CANT,ROBOS_FUERZA,1580.0,1162.0,418.0
2025-Q1,2025,1,CANT,ROBOS_FUERZA,414.0,,414.0
2025-Q2,2025,2,CANT,ROBOS_FUERZA,680.0,414.0,266.0
2025-Q3,2025,3,CANT,ROBOS_FUERZA,986.0,680.0,306.0
2016-Q1,2016,1,CAT,HURTOS,36593.0,,36593.0
2016-Q2,2016,2,CAT,HURTOS,77025.0,36593.0,40432.0
2016-Q3,2016,3,CAT,HURTOS,124432.0,77025.0,47407.0
2016-Q4,2016,4,CAT,HURTOS,162946.0,124432.0,38514.0
2017-Q1,2017,1,CAT,HURTOS,37364.0,,37364.0
2017-Q2,2017,2,CAT,HURTOS,79967.0,37364.0,42603.0
2017-Q3,2017,3,CAT,HURTOS,129104.0,79967.0,49137.0
2017-Q4,2017,4,CAT,HURTOS,173684.0,129104.0,44580.0
2018-Q1,2018,1,CAT,HURTOS,43264.0,,43264.0
2018-Q2,2018,2,CAT,HURTOS,91550.0,43264.0,48286.0
2018-Q3,2018,3,CAT,HURTOS,145267.0,91550.0,53717.0
2018-Q4,2018,4,CAT,HURTOS,192054.0,145267.0,46787.0
2019-Q1,2019,1,CAT,HURTOS,45295.0,,45295.0
2019-Q2,2019,2,CAT,HURTOS,95026.0,45295.0,49731.0
2019-Q3,2019,3,CAT,HURTOS,147390.0,95026.0,52364.0
2019-Q4,2019,4,CAT,HURTOS,192052.0,147390.0,44662.0
2020-Q1,2020,1,CAT,HURTOS,36011.0,,36011.0
2020-Q2,2020,2,CAT,HURTOS,49113.0,36011.0,13102.0
2020-Q3,2020,3,CAT,HURTOS,78633.0,49113.0,29520.0
2020-Q4,2020,4,CAT,HURTOS,110685.0,78633.0,32052.0
2021-Q1,2021,1,CAT,HURTOS,22364.0,,22364.0
2021-Q2,2021,2,CAT,HURTOS,50053.0,22364.0,27689.0
2021-Q3,2021,3,CAT,HURTOS,83899.0,50053.0,33846.0
2021-Q4,2021,4,CAT,HURTOS,118746.0,83899.0,34847.0
2022-Q1,2022,1,CAT,HURTOS,34391.0,,34391.0
2022-Q2,2022,2,CAT,HURTOS,74572.0,34391.0,40181.0
2022-Q3,2022,3,CAT,HURTOS,120531.0,74572.0,45959.0
2022-Q4,2022,4,CAT,HURTOS,162273.0,120531.0,41742.0
2023-Q1,2023,1,CAT,HURTOS,41950.0,,41950.0
2023-Q2,2023,2,CAT,HURTOS,83281.0,41950.0,41331.0
2023-Q3,2023,3,CAT,HURTOS,128562.0,83281.0,45281.0
2023-Q4,2023,4,CAT,HURTOS,170136.0,128562.0,41574.0
2024-Q1,2024,1,CAT,HURTOS,39585.0,,39585.0
2024-Q2,2024,2,CAT,HURTOS,82246.0,39585.0,42661.0
2024-Q3,2024,3,CAT,HURTOS,126926.0,82246.0,44680.0
2024-Q4,2024,4,CAT,HURTOS,168500.0,126926.0,41574.0
2025-Q1,2025,1,CAT,HURTOS,39540.0,,39540.0
2025-Q2,2025,2,CAT,HURTOS,80490.0,39540.0,40950.0
2025-Q3,2025,3,CAT,HURTOS,123324.0,80490.0,42834.0
2017-Q1,2017,1,CAT,ROBOS_FUERZA,7827.0,,7827.0
2017-Q2,2017,2,CAT,ROBOS_FUERZA,14597.0,7827.0,6770.0
2017-Q3,2017,3,CAT,ROBOS_FUERZA,22356.0,14597.0,7759.0
2017-Q4,2017,4,CAT,ROBOS_FUERZA,31199.0,22356.0,8843.0
2018-Q1,2018,1,CAT,ROBOS_FUERZA,8899.0,,8899.0
2018-Q2,2018,2,CAT,ROBOS_FUERZA,16734.0,8899.0,7835.0
2018-Q3,2018,3,CAT,ROBOS_FUERZA,25454.0,16734.0,8720.0
2018-Q4,2018,4,CAT,ROBOS_FUERZA,34485.0,25454.0,9031.0
2019-Q1,2019,1,CAT,ROBOS_FUERZA,8800.0,,8800.0
2019-Q2,2019,2,CAT,ROBOS_FUERZA,16206.0,8800.0,7406.0
2019-Q3,2019,3,CAT,ROBOS_FUERZA,24963.0,16206.0,8757.0
2019-Q4,2019,4,CAT,ROBOS_FUERZA,33993.0,24963.0,9030.0
2020-Q1,2020,1,CAT,ROBOS_FUERZA,6809.0,,6809.0
2020-Q2,2020,2,CAT,ROBOS_FUERZA,10343.0,6809.0,3534.0
2020-Q3,2020,3,CAT,ROBOS_FUERZA,16787.0,10343.0,6444.0
2020-Q4,2020,4,CAT,ROBOS_FUERZA,22098.0,16787.0,5311.0
2021-Q1,2021,1,CAT,ROBOS_FUERZA,5164.0,,5164.0
2021-Q2,2021,2,CAT,ROBOS_FUERZA,10131.0,5164.0,4967.0
2021-Q3,2021,3,CAT,ROBOS_FUERZA,16096.0,10131.0,5965.0
2021-Q4,2021,4,CAT,ROBOS_FUERZA,22852.0,16096.0,6756.0
2022-Q1,2022,1,CAT,ROBOS_FUERZA,6855.0,,6855.0
2022-Q2,2022,2,CAT,ROBOS_FUERZA,13148.0,6855.0,6293.0
2022-Q3,2022,3,CAT,ROBOS_FUERZA,20469.0,13148.0,7321.0
2022-Q4,2022,4,CAT,ROBOS_FUERZA,27985.0,20469.0,7516.0
2023-Q1,2023,1,CAT,ROBOS_FUERZA,7429.0,,7429.0
2023-Q2,2023,2,CAT,ROBOS_FUERZA,13582.0,7429.0,6153.0
2023-Q3,2023,3,CAT,ROBOS_FUERZA,20413.0,13582.0,6831.0
2023-Q4,2023,4,CAT,ROBOS_FUERZA,27370.0,20413.0,6957.0
2024-Q1,2024,1,CAT,ROBOS_FUERZA,6709.0,,6709.0
2024-Q2,2024,2,CAT,ROBOS_FUERZA,12819.0,6709.0,6110.0
2024-Q3,2024,3,CAT,ROBOS_FUERZA,19209.0,12819.0,6390.0
2024-Q4,2024,4,CAT,ROBOS_FUERZA,25324.0,19209.0,6115.0
2025-Q1,2025,1,CAT,ROBOS_FUERZA,5673.0,,5673.0
2025-Q2,2025,2,CAT,ROBOS_FUERZA,10797.0,5673.0,5124.0
2025-Q3,2025,3,CAT,ROBOS_FUERZA,16663.0,10797.0,5866.0
2016-Q1,2016,1,CLM,HURTOS,3853.0,,3853.0
2016-Q2,2016,2,CLM,HURTOS,7824.0,3853.0,3971.0
2016-Q3,2016,3,CLM,HURTOS,12078.0,7824.0,4254.0
2016-Q4,2016,4,CLM,HURTOS,15762.0,12078.0,3684.0
2017-Q1,2017,1,CLM,HURTOS,3696.0,,3696.0
2017-Q2,2017,2,CLM,HURTOS,7525.0,3696.0,3829.0
2017-Q3,2017,3,CLM,HURTOS,11501.0,7525.0,3976.0
2017-Q4,2017,4,CLM,HURTOS,15200.0,11501.0,3699.0
2018-Q1,2018,1,CLM,HURTOS,3495.0,,3495.0
2018-Q2,2018,2,CLM,HURTOS,7258.0,3495.0,3763.0
2018-Q3,2018,3,CLM,HURTOS,10990.0,7258.0,3732.0
2018-Q4,2018,4,CLM,HURTOS,14451.0,10990.0,3461.0
2019-Q1,2019,1,CLM,HURTOS,3290.0,,3290.0
2019-Q2,2019,2,CLM,HURTOS,6738.0,3290.0,3448.0
2019-Q3,2019,3,CLM,HURTOS,10449.0,6738.0,3711.0
2019-Q4,2019,4,CLM,HURTOS,13857.0,10449.0,3408.0
2020-Q1,2020,1,CLM,HURTOS,2932.0,,2932.0
2020-Q2,2020,2,CLM,HURTOS,4166.0,2932.0,1234.0
2020-Q3,2020,3,CLM,HURTOS,7034.0,4166.0,2868.0
2020-Q4,2020,4,CLM,HURTOS,9626.0,7034.0,2592.0
2021-Q1,2021,1,CLM,HURTOS,2194.0,,2194.0
2021-Q2,2021,2,CLM,HURTOS,4736.0,2194.0,2542.0
2021-Q3,2021,3,CLM,HURTOS,7725.0,4736.0,2989.0
2021-Q4,2021,4,CLM,HURTOS,10970.0,7725.0,3245.0
2022-Q1,2022,1,CLM,HURTOS,3323.0,,3323.0
2022-Q2,2022,2,CLM,HURTOS,6940.0,3323.0,3617.0
2022-Q3,2022,3,CLM,HURTOS,10721.0,6940.0,3781.0
2022-Q4,2022,4,CLM,HURTOS,14407.0,10721.0,3686.0
2023-Q1,2023,1,CLM,HURTOS,3489.0,,3489.0
2023-Q2,2023,2,CLM,HURTOS,7183.0,3489.0,3694.0
2023-Q3,2023,3,CLM,HURTOS,11105.0,7183.0,3922.0
2023-Q4,2023,4,CLM,HURTOS,14800.0,11105.0,3695.0
2024-Q1,2024,1,CLM,HURTOS,3696.0,,3696.0
2024-Q2,2024,2,CLM,HURTOS,7184.0,3696.0,3488.0
2024-Q3,2024,3,CLM,HURTOS,10699.0,7184.0,3515.0
2024-Q4,2024,4,CLM,HURTOS,14396.0,10699.0,3697.0
2025-Q1,2025,1,CLM,HURTOS,3525.0,,3525.0
2025-Q2,2025,2,CLM,HURTOS,6909.0,3525.0,3384.0
2025-Q3,2025,3,CLM,HURTOS,10581.0,6909.0,3672.0
2017-Q1,2017,1,CLM,ROBOS_FUERZA,2293.0,,2293.0
2017-Q2,2017,2,CLM,ROBOS_FUERZA,4110.0,2293.0,1817.0
2017-Q3,2017,3,CLM,ROBOS_FUERZA,5685.0,4110.0,1575.0
2017-Q4,2017,4,CLM,ROBOS_FUERZA,7769.0,5685.0,2084.0
2018-Q1,2018,1,CLM,ROBOS_FUERZA,2112.0,,2112.0
2018-Q2,2018,2,CLM,ROBOS_FUERZA,3975.0,2112.0,1863.0
2018-Q3,2018,3,CLM,ROBOS_FUERZA,5551.0,3975.0,1576.0
2018-Q4,2018,4,CLM,ROBOS_FUERZA,7401.0,5551.0,1850.0
2019-Q1,2019,1,CLM,ROBOS_FUERZA,1714.0,,1714.0
2019-Q2,2019,2,CLM,ROBOS_FUERZA,3260.0,1714.0,1546.0
2019-Q3,2019,3,CLM,ROBOS_FUERZA,4763.0,3260.0,1503.0
2019-Q4,2019,4,CLM,ROBOS_FUERZA,6525.0,4763.0,1762.0
2020-Q1,2020,1,CLM,ROBOS_FUERZA,1490.0,,1490.0
2020-Q2,2020,2,CLM,ROBOS_FUERZA,2292.0,1490.0,802.0
2020-Q3,2020,3,CLM,ROBOS_FUERZA,3567.0,2292.0,1275.0
2020-Q4,2020,4,CLM,ROBOS_FUERZA,4736.0,3567.0,1169.0
2021-Q1,2021,1,CLM,ROBOS_FUERZA,1043.0,,1043.0
2021-Q2,2021,2,CLM,ROBOS_FUERZA,2108.0,1043.0,1065.0
2021-Q3,2021,3,CLM,ROBOS_FUERZA,3145.0,2108.0,1037.0
2021-Q4,2021,4,CLM,ROBOS_FUERZA,4417.0,3145.0,1272.0
2022-Q1,2022,1,CLM,ROBOS_FUERZA,1374.0,,1374.0
2022-Q2,2022,2,CLM,ROBOS_FUERZA,2531.0,1374.0,1157.0
2022-Q3,2022,3,CLM,ROBOS_FUERZA,3618.0,2531.0,1087.0
2022-Q4,2022,4,CLM,ROBOS_FUERZA,4796.0,3618.0,1178.0
2023-Q1,2023,1,CLM,ROBOS_FUERZA,1276.0,,1276.0
2023-Q2,2023,2,CLM,ROBOS_FUERZA,2339.0,1276.0,1063.0
2023-Q3,2023,3,CLM,ROBOS_FUERZA,3546.0,2339.0,1207.0
2023-Q4,2023,4,CLM,ROBOS_FUERZA,5024.0,3546.0,1478.0
2024-Q1,2024,1,CLM,ROBOS_FUERZA,1493.0,,1493.0
2024-Q2,2024,2,CLM,ROBOS_FUERZA,2601.0,1493.0,1108.0
2024-Q3,2024,3,CLM,ROBOS_FUERZA,3714.0,2601.0,1113.0
2024-Q4,2024,4,CLM,ROBOS_FUERZA,5109.0,3714.0,1395.0
2025-Q1,2025,1,CLM,ROBOS_FUERZA,1252.0,,1252.0
2025-Q2,2025,2,CLM,ROBOS_FUERZA,2246.0,1252.0,994.0
2025-Q3,2025,3,CLM,ROBOS_FUERZA,3131.0,2246.0,885.0
2016-Q1,2016,1,CYL,HURTOS,5683.0,,5683.0
2016-Q2,2016,2,CYL,HURTOS,11309.0,5683.0,5626.0
2016-Q3,2016,3,CYL,HURTOS,16932.0,11309.0,5623.0
2016-Q4,2016,4,CYL,HURTOS,22501.0,16932.0,5569.0
2017-Q1,2017,1,CYL,HURTOS,5018.0,,5018.0
2017-Q2,2017,2,CYL,HURTOS,10332.0,5018.0,5314.0
2017-Q3,2017,3,CYL,HURTOS,15631.0,10332.0,5299.0
2017-Q4,2017,4,CYL,HURTOS,21070.0,15631.0,5439.0
2018-Q1,2018,1,CYL,HURTOS,4554.0,,4554.0
2018-Q2,2018,2,CYL,HURTOS,9445.0,4554.0,4891.0
2018-Q3,2018,3,CYL,HURTOS,14614.0,9445.0,5169.0
2018-Q4,2018,4,CYL,HURTOS,19701.0,14614.0,5087.0
2019-Q1,2019,1,CYL,HURTOS,4552.0,,4552.0
2019-Q2,2019,2,CYL,HURTOS,9168.0,4552.0,4616.0
2019-Q3,2019,3,CYL,HURTOS,14131.0,9168.0,4963.0
2019-Q4,2019,4,CYL,HURTOS,19241.0,14131.0,5110.0
2020-Q1,2020,1,CYL,HURTOS,3594.0,,3594.0
2020-Q2,2020,2,CYL,HURTOS,5062.0,3594.0,1468.0
2020-Q3,2020,3,CYL,HURTOS,8392.0,5062.0,3330.0
2020-Q4,2020,4,CYL,HURTOS,11413.0,8392.0,3021.0
2021-Q1,2021,1,CYL,HURTOS,2428.0,,2428.0
2021-Q2,2021,2,CYL,HURTOS,5607.0,2428.0,3179.0
2021-Q3,2021,3,CYL,HURTOS,9482.0,5607.0,3875.0
2021-Q4,2021,4,CYL,HURTOS,13785.0,9482.0,4303.0
2022-Q1,2022,1,CYL,HURTOS,4117.0,,4117.0
2022-Q2,2022,2,CYL,HURTOS,8436.0,4117.0,4319.0
2022-Q3,2022,3,CYL,HURTOS,12658.0,8436.0,4222.0
2022-Q4,2022,4,CYL,HURTOS,17376.0,12658.0,4718.0
2023-Q1,2023,1,CYL,HURTOS,4322.0,,4322.0
2023-Q2,2023,2,CYL,HURTOS,8688.0,4322.0,4366.0
2023-Q3,2023,3,CYL,HURTOS,12845.0,8688.0,4157.0
2023-Q4,2023,4,CYL,HURTOS,17325.0,12845.0,4480.0
2024-Q1,2024,1,CYL,HURTOS,4177.0,,4177.0
2024-Q2,2024,2,CYL,HURTOS,8534.0,4177.0,4357.0
2024-Q3,2024,3,CYL,HURTOS,13049.0,8534.0,4515.0
2024-Q4,2024,4,CYL,HURTOS,17407.0,13049.0,4358.0
2025-Q1,2025,1,CYL,HURTOS,4361.0,,4361.0
2025-Q2,2025,2,CYL,HURTOS,8738.0,4361.0,4377.0
2025-Q3,2025,3,CYL,HURTOS,13200.0,8738.0,4462.0
2017-Q1,2017,1,CYL,ROBOS_FUERZA,1478.0,,1478.0
2017-Q2,2017,2,CYL,ROBOS_FUERZA,2625.0,1478.0,1147.0
2017-Q3,2017,3,CYL,ROBOS_FUERZA,3735.0,2625.0,1110.0
2017-Q4,2017,4,CYL,ROBOS_FUERZA,5184.0,3735.0,1449.0
2018-Q1,2018,1,CYL,ROBOS_FUERZA,1330.0,,1330.0
2018-Q2,2018,2,CYL,ROBOS_FUERZA,2618.0,1330.0,1288.0
2018-Q3,2018,3,CYL,ROBOS_FUERZA,3836.0,2618.0,1218.0
2018-Q4,2018,4,CYL,ROBOS_FUERZA,5342.0,3836.0,1506.0
2019-Q1,2019,1,CYL,ROBOS_FUERZA,1293.0,,1293.0
2019-Q2,2019,2,CYL,ROBOS_FUERZA,2409.0,1293.0,1116.0
2019-Q3,2019,3,CYL,ROBOS_FUERZA,3526.0,2409.0,1117.0
2019-Q4,2019,4,CYL,ROBOS_FUERZA,4765.0,3526.0,1239.0
2020-Q1,2020,1,CYL,ROBOS_FUERZA,1110.0,,1110.0
2020-Q2,2020,2,CYL,ROBOS_FUERZA,1636.0,1110.0,526.0
2020-Q3,2020,3,CYL,ROBOS_FUERZA,2526.0,1636.0,890.0
2020-Q4,2020,4,CYL,ROBOS_FUERZA,3362.0,2526.0,836.0
2021-Q1,2021,1,CYL,ROBOS_FUERZA,720.0,,720.0
2021-Q2,2021,2,CYL,ROBOS_FUERZA,1577.0,720.0,857.0
2021-Q3,2021,3,CYL,ROBOS_FUERZA,2697.0,1577.0,1120.0
2021-Q4,2021,4,CYL,ROBOS_FUERZA,3799.0,2697.0,1102.0
2022-Q1,2022,1,CYL,ROBOS_FUERZA,1288.0,,1288.0
2022-Q2,2022,2,CYL,ROBOS_FUERZA,2153.0,1288.0,865.0
2022-Q3,2022,3,CYL,ROBOS_FUERZA,3159.0,2153.0,1006.0
2022-Q4,2022,4,CYL,ROBOS_FUERZA,4357.0,3159.0,1198.0
2023-Q1,2023,1,CYL,ROBOS_FUERZA,1108.0,,1108.0
2023-Q2,2023,2,CYL,ROBOS_FUERZA,2043.0,1108.0,935.0
2023-Q3,2023,3,CYL,ROBOS_FUERZA,2997.0,2043.0,954.0
2023-Q4,2023,4,CYL,ROBOS_FUERZA,4118.0,2997.0,1121.0
2024-Q1,2024,1,CYL,ROBOS_FUERZA,1102.0,,1102.0
2024-Q2,2024,2,CYL,ROBOS_FUERZA,2042.0,1102.0,940.0
2024-Q3,2024,3,CYL,ROBOS_FUERZA,3199.0,2042.0,1157.0
2024-Q4,2024,4,CYL,ROBOS_FUERZA,4348.0,3199.0,1149.0
2025-Q1,2025,1,CYL,ROBOS_FUERZA,1113.0,,1113.0
2025-Q2,2025,2,CYL,ROBOS_FUERZA,1994.0,1113.0,881.0
2025-Q3,2025,3,CYL,ROBOS_FUERZA,2977.0,1994.0,983.0
2016-Q1,2016,1,ESP,HURTOS,169129.0,,169129.0
2016-Q2,2016,2,ESP,HURTOS,348382.0,169129.0,179253.0
2016-Q3,2016,3,ESP,HURTOS,540853.0,348382.0,192471.0
2016-Q4,2016,4,ESP,HURTOS,711908.0,540853.0,171055.0
2017-Q1,2017,1,ESP,HURTOS,168642.0,,168642.0
2017-Q2,2017,2,ESP,HURTOS,344199.0,168642.0,175557.0
2017-Q3,2017,3,ESP,HURTOS,536752.0,344199.0,192553.0
2017-Q4,2017,4,ESP,HURTOS,712398.0,536752.0,175646.0
2018-Q1,2018,1,ESP,HURTOS,165036.0,,165036.0
2018-Q2,2018,2,ESP,HURTOS,340915.0,165036.0,175879.0
2018-Q3,2018,3,ESP,HURTOS,529267.0,340915.0,188352.0
2018-Q4,2018,4,ESP,HURTOS,705249.0,529267.0,175982.0
2019-Q1,2019,1,ESP,HURTOS,168862.0,,168862.0
2019-Q2,2019,2,ESP,HURTOS,343509.0,168862.0,174647.0
2019-Q3,2019,3,ESP,HURTOS,529155.0,343509.0,185646.0
2019-Q4,2019,4,ESP,HURTOS,700477.0,529155.0,171322.0
2020-Q1,2020,1,ESP,HURTOS,138598.0,,138598.0
2020-Q2,2020,2,ESP,HURTOS,190059.0,138598.0,51461.0
2020-Q3,2020,3,ESP,HURTOS,309913.0,190059.0,119854.0
2020-Q4,2020,4,ESP,HURTOS,421248.0,309913.0,111335.0
2021-Q1,2021,1,ESP,HURTOS,96112.0,,96112.0
2021-Q2,2021,2,ESP,HURTOS,211868.0,96112.0,115756.0
2021-Q3,2021,3,ESP,HURTOS,349433.0,211868.0,137565.0
2021-Q4,2021,4,ESP,HURTOS,493479.0,349433.0,144046.0
2022-Q1,2022,1,ESP,HURTOS,145399.0,,145399.0
2022-Q2,2022,2,ESP,HURTOS,306269.0,145399.0,160870.0
2022-Q3,2022,3,ESP,HURTOS,477934.0,306269.0,171665.0
2022-Q4,2022,4,ESP,HURTOS,642579.0,477934.0,164645.0
2023-Q1,2023,1,ESP,HURTOS,163476.0,,163476.0
2023-Q2,2023,2,ESP,HURTOS,325006.0,163476.0,161530.0
2023-Q3,2023,3,ESP,HURTOS,498984.0,325006.0,173978.0
2023-Q4,2023,4,ESP,HURTOS,663370.0,498984.0,164386.0
2024-Q1,2024,1,ESP,HURTOS,156967.0,,156967.0
2024-Q2,2024,2,ESP,HURTOS,321332.0,156967.0,164365.0
2024-Q3,2024,3,ESP,HURTOS,491435.0,321332.0,170103.0
2024-Q4,2024,4,ESP,HURTOS,649076.0,491435.0,157641.0
2025-Q1,2025,1,ESP,HURTOS,151750.0,,151750.0
2025-Q2,2025,2,ESP,HURTOS,310289.0,151750.0,158539.0
2025-Q3,2025,3,ESP,HURTOS,480249.0,310289.0,169960.0
2017-Q1,2017,1,ESP,ROBOS_FUERZA,39651.0,,39651.0
2017-Q2,2017,2,ESP,ROBOS_FUERZA,74056.0,39651.0,34405.0
2017-Q3,2017,3,ESP,ROBOS_FUERZA,110352.0,74056.0,36296.0
2017-Q4,2017,4,ESP,ROBOS_FUERZA,149651.0,110352.0,39299.0
2018-Q1,2018,1,ESP,ROBOS_FUERZA,40265.0,,40265.0
2018-Q2,2018,2,ESP,ROBOS_FUERZA,75350.0,40265.0,35085.0
2018-Q3,2018,3,ESP,ROBOS_FUERZA,111908.0,75350.0,36558.0
2018-Q4,2018,4,ESP,ROBOS_FUERZA,150579.0,111908.0,38671.0
2019-Q1,2019,1,ESP,ROBOS_FUERZA,37157.0,,37157.0
2019-Q2,2019,2,ESP,ROBOS_FUERZA,70112.0,37157.0,32955.0
2019-Q3,2019,3,ESP,ROBOS_FUERZA,105259.0,70112.0,35147.0
2019-Q4,2019,4,ESP,ROBOS_FUERZA,142780.0,105259.0,37521.0
2020-Q1,2020,1,ESP,ROBOS_FUERZA,31933.0,,31933.0
2020-Q2,2020,2,ESP,ROBOS_FUERZA,48200.0,31933.0,16267.0
2020-Q3,2020,3,ESP,ROBOS_FUERZA,77498.0,48200.0,29298.0
2020-Q4,2020,4,ESP,ROBOS_FUERZA,103293.0,77498.0,25795.0
2021-Q1,2021,1,ESP,ROBOS_FUERZA,23359.0,,23359.0
2021-Q2,2021,2,ESP,ROBOS_FUERZA,47045.0,23359.0,23686.0
2021-Q3,2021,3,ESP,ROBOS_FUERZA,75448.0,47045.0,28403.0
2021-Q4,2021,4,ESP,ROBOS_FUERZA,105274.0,75448.0,29826.0
2022-Q1,2022,1,ESP,ROBOS_FUERZA,29913.0,,29913.0
2022-Q2,2022,2,ESP,ROBOS_FUERZA,57837.0,29913.0,27924.0
2022-Q3,2022,3,ESP,ROBOS_FUERZA,88320.0,57837.0,30483.0
2022-Q4,2022,4,ESP,ROBOS_FUERZA,120676.0,88320.0,32356.0
2023-Q1,2023,1,ESP,ROBOS_FUERZA,31984.0,,31984.0
2023-Q2,2023,2,ESP,ROBOS_FUERZA,59534.0,31984.0,27550.0
2023-Q3,2023,3,ESP,ROBOS_FUERZA,90258.0,59534.0,30724.0
2023-Q4,2023,4,ESP,ROBOS_FUERZA,122444.0,90258.0,32186.0
2024-Q1,2024,1,ESP,ROBOS_FUERZA,30621.0,,30621.0
2024-Q2,2024,2,ESP,ROBOS_FUERZA,57469.0,30621.0,26848.0
2024-Q3,2024,3,ESP,ROBOS_FUERZA,86756.0,57469.0,29287.0
2024-Q4,2024,4,ESP,ROBOS_FUERZA,114978.0,86756.0,28222.0
2025-Q1,2025,1,ESP,ROBOS_FUERZA,26279.0,,26279.0
2025-Q2,2025,2,ESP,ROBOS_FUERZA,50713.0,26279.0,24434.0
2025-Q3,2025,3,ESP,ROBOS_FUERZA,77600.0,50713.0,26887.0
2016-Q1,2016,1,EXT,HURTOS,1938.0,,1938.0
2016-Q2,2016,2,EXT,HURTOS,3786.0,1938.0,1848.0
2016-Q3,2016,3,EXT,HURTOS,5548.0,3786.0,1762.0
2016-Q4,2016,4,EXT,HURTOS,7460.0,5548.0,1912.0
2017-Q1,2017,1,EXT,HURTOS,1839.0,,1839.0
2017-Q2,2017,2,EXT,HURTOS,3615.0,1839.0,1776.0
2017-Q3,2017,3,EXT,HURTOS,5366.0,3615.0,1751.0
2017-Q4,2017,4,EXT,HURTOS,7245.0,5366.0,1879.0
2018-Q1,2018,1,EXT,HURTOS,1600.0,,1600.0
2018-Q2,2018,2,EXT,HURTOS,3337.0,1600.0,1737.0
2018-Q3,2018,3,EXT,HURTOS,4929.0,3337.0,1592.0
2018-Q4,2018,4,EXT,HURTOS,6614.0,4929.0,1685.0
2019-Q1,2019,1,EXT,HURTOS,1673.0,,1673.0
2019-Q2,2019,2,EXT,HURTOS,3240.0,1673.0,1567.0
2019-Q3,2019,3,EXT,HURTOS,4800.0,3240.0,1560.0
2019-Q4,2019,4,EXT,HURTOS,6569.0,4800.0,1769.0
2020-Q1,2020,1,EXT,HURTOS,1380.0,,1380.0
2020-Q2,2020,2,EXT,HURTOS,2003.0,1380.0,623.0
2020-Q3,2020,3,EXT,HURTOS,3126.0,2003.0,1123.0
2020-Q4,2020,4,EXT,HURTOS,4215.0,3126.0,1089.0
2021-Q1,2021,1,EXT,HURTOS,863.0,,863.0
2021-Q2,2021,2,EXT,HURTOS,1991.0,863.0,1128.0
2021-Q3,2021,3,EXT,HURTOS,3265.0,1991.0,1274.0
2021-Q4,2021,4,EXT,HURTOS,4820.0,3265.0,1555.0
2022-Q1,2022,1,EXT,HURTOS,1644.0,,1644.0
2022-Q2,2022,2,EXT,HURTOS,3247.0,1644.0,1603.0
2022-Q3,2022,3,EXT,HURTOS,4730.0,3247.0,1483.0
2022-Q4,2022,4,EXT,HURTOS,6393.0,4730.0,1663.0
2023-Q1,2023,1,EXT,HURTOS,1781.0,,1781.0
2023-Q2,2023,2,EXT,HURTOS,3417.0,1781.0,1636.0
2023-Q3,2023,3,EXT,HURTOS,5040.0,3417.0,1623.0
2023-Q4,2023,4,EXT,HURTOS,6796.0,5040.0,1756.0
2024-Q1,2024,1,EXT,HURTOS,1702.0,,1702.0
2024-Q2,2024,2,EXT,HURTOS,3260.0,1702.0,1558.0
2024-Q3,2024,3,EXT,HURTOS,4746.0,3260.0,1486.0
2024-Q4,2024,4,EXT,HURTOS,6300.0,4746.0,1554.0
2025-Q1,2025,1,EXT,HURTOS,1546.0,,1546.0
2025-Q2,2025,2,EXT,HURTOS,3037.0,1546.0,1491.0
2025-Q3,2025,3,EXT,HURTOS,4511.0,3037.0,1474.0
2017-Q1,2017,1,EXT,ROBOS_FUERZA,631.0,,631.0
2017-Q2,2017,2,EXT,ROBOS_FUERZA,1119.0,631.0,488.0
2017-Q3,2017,3,EXT,ROBOS_FUERZA,1544.0,1119.0,425.0
2017-Q4,2017,4,EXT,ROBOS_FUERZA,2192.0,1544.0,648.0
2018-Q1,2018,1,EXT,ROBOS_FUERZA,632.0,,632.0
2018-Q2,2018,2,EXT,ROBOS_FUERZA,1103.0,632.0,471.0
2018-Q3,2018,3,EXT,ROBOS_FUERZA,1461.0,1103.0,358.0
2018-Q4,2018,4,EXT,ROBOS_FUERZA,2012.0,1461.0,551.0
2019-Q1,2019,1,EXT,ROBOS_FUERZA,465.0,,465.0
2019-Q2,2019,2,EXT,ROBOS_FUERZA,771.0,465.0,306.0
2019-Q3,2019,3,EXT,ROBOS_FUERZA,1147.0,771.0,376.0
2019-Q4,2019,4,EXT,ROBOS_FUERZA,1661.0,1147.0,514.0
2020-Q1,2020,1,EXT,ROBOS_FUERZA,506.0,,506.0
2020-Q2,2020,2,EXT,ROBOS_FUERZA,747.0,506.0,241.0
2020-Q3,2020,3,EXT,ROBOS_FUERZA,1195.0,747.0,448.0
2020-Q4,2020,4,EXT,ROBOS_FUERZA,1574.0,1195.0,379.0
2021-Q1,2021,1,EXT,ROBOS_FUERZA,306.0,,306.0
2021-Q2,2021,2,EXT,ROBOS_FUERZA,691.0,306.0,385.0
2021-Q3,2021,3,EXT,ROBOS_FUERZA,1067.0,691.0,376.0
2021-Q4,2021,4,EXT,ROBOS_FUERZA,1461.0,1067.0,394.0
2022-Q1,2022,1,EXT,ROBOS_FUERZA,461.0,,461.0
2022-Q2,2022,2,EXT,ROBOS_FUERZA,909.0,461.0,448.0
2022-Q3,2022,3,EXT,ROBOS_FUERZA,1313.0,909.0,404.0
2022-Q4,2022,4,EXT,ROBOS_FUERZA,1835.0,1313.0,522.0
2023-Q1,2023,1,EXT,ROBOS_FUERZA,467.0,,467.0
2023-Q2,2023,2,EXT,ROBOS_FUERZA,908.0,467.0,441.0
2023-Q3,2023,3,EXT,ROBOS_FUERZA,1330.0,908.0,422.0
2023-Q4,2023,4,EXT,ROBOS_FUERZA,1860.0,1330.0,530.0
2024-Q1,2024,1,EXT,ROBOS_FUERZA,528.0,,528.0
2024-Q2,2024,2,EXT,ROBOS_FUERZA,895.0,528.0,367.0
2024-Q3,2024,3,EXT,ROBOS_FUERZA,1350.0,895.0,455.0
2024-Q4,2024,4,EXT,ROBOS_FUERZA,1765.0,1350.0,415.0
2025-Q1,2025,1,EXT,ROBOS_FUERZA,409.0,,409.0
2025-Q2,2025,2,EXT,ROBOS_FUERZA,800.0,409.0,391.0
2025-Q3,2025,3,EXT,ROBOS_FUERZA,1161.0,800.0,361.0
2016-Q1,2016,1,GAL,HURTOS,4947.0,,4947.0
2016-Q2,2016,2,GAL,HURTOS,10155.0,4947.0,5208.0
2016-Q3,2016,3,GAL,HURTOS,16418.0,10155.0,6263.0
2016-Q4,2016,4,GAL,HURTOS,21370.0,16418.0,4952.0
2017-Q1,2017,1,GAL,HURTOS,4586.0,,4586.0
2017-Q2,2017,2,GAL,HURTOS,9658.0,4586.0,5072.0
2017-Q3,2017,3,GAL,HURTOS,15439.0,9658.0,5781.0
2017-Q4,2017,4,GAL,HURTOS,20320.0,15439.0,4881.0
2018-Q1,2018,1,GAL,HURTOS,4372.0,,4372.0
2018-Q2,2018,2,GAL,HURTOS,9331.0,4372.0,4959.0
2018-Q3,2018,3,GAL,HURTOS,15092.0,9331.0,5761.0
2018-Q4,2018,4,GAL,HURTOS,19841.0,15092.0,4749.0
2019-Q1,2019,1,GAL,HURTOS,4466.0,,4466.0
2019-Q2,2019,2,GAL,HURTOS,9150.0,4466.0,4684.0
2019-Q3,2019,3,GAL,HURTOS,14378.0,9150.0,5228.0
2019-Q4,2019,4,GAL,HURTOS,18886.0,14378.0,4508.0
2020-Q1,2020,1,GAL,HURTOS,3706.0,,3706.0
2020-Q2,2020,2,GAL,HURTOS,5530.0,3706.0,1824.0
2020-Q3,2020,3,GAL,HURTOS,9346.0,5530.0,3816.0
2020-Q4,2020,4,GAL,HURTOS,12372.0,9346.0,3026.0
2021-Q1,2021,1,GAL,HURTOS,2668.0,,2668.0
2021-Q2,2021,2,GAL,HURTOS,6281.0,2668.0,3613.0
2021-Q3,2021,3,GAL,HURTOS,10809.0,6281.0,4528.0
2021-Q4,2021,4,GAL,HURTOS,15367.0,10809.0,4558.0
2022-Q1,2022,1,GAL,HURTOS,4201.0,,4201.0
2022-Q2,2022,2,GAL,HURTOS,9150.0,4201.0,4949.0
2022-Q3,2022,3,GAL,HURTOS,14739.0,9150.0,5589.0
2022-Q4,2022,4,GAL,HURTOS,19567.0,14739.0,4828.0
2023-Q1,2023,1,GAL,HURTOS,4892.0,,4892.0
2023-Q2,2023,2,GAL,HURTOS,9841.0,4892.0,4949.0
2023-Q3,2023,3,GAL,HURTOS,15576.0,9841.0,5735.0
2023-Q4,2023,4,GAL,HURTOS,20323.0,15576.0,4747.0
2024-Q1,2024,1,GAL,HURTOS,4779.0,,4779.0
2024-Q2,2024,2,GAL,HURTOS,9656.0,4779.0,4877.0
2024-Q3,2024,3,GAL,HURTOS,15032.0,9656.0,5376.0
2024-Q4,2024,4,GAL,HURTOS,19622.0,15032.0,4590.0
2025-Q1,2025,1,GAL,HURTOS,4568.0,,4568.0
2025-Q2,2025,2,GAL,HURTOS,9030.0,4568.0,4462.0
2025-Q3,2025,3,GAL,HURTOS,13833.0,9030.0,4803.0
2017-Q1,2017,1,GAL,ROBOS_FUERZA,1487.0,,1487.0
2017-Q2,2017,2,GAL,ROBOS_FUERZA,2817.0,1487.0,1330.0
2017-Q3,2017,3,GAL,ROBOS_FUERZA,4054.0,2817.0,1237.0
2017-Q4,2017,4,GAL,ROBOS_FUERZA,5438.0,4054.0,1384.0
2018-Q1,2018,1,GAL,ROBOS_FUERZA,1446.0,,1446.0
2018-Q2,2018,2,GAL,ROBOS_FUERZA,2832.0,1446.0,1386.0
2018-Q3,2018,3,GAL,ROBOS_FUERZA,4132.0,2832.0,1300.0
2018-Q4,2018,4,GAL,ROBOS_FUERZA,5349.0,4132.0,1217.0
2019-Q1,2019,1,GAL,ROBOS_FUERZA,1269.0,,1269.0
2019-Q2,2019,2,GAL,ROBOS_FUERZA,2354.0,1269.0,1085.0
2019-Q3,2019,3,GAL,ROBOS_FUERZA,3587.0,2354.0,1233.0
2019-Q4,2019,4,GAL,ROBOS_FUERZA,5291.0,3587.0,1704.0
2020-Q1,2020,1,GAL,ROBOS_FUERZA,1318.0,,1318.0
2020-Q2,2020,2,GAL,ROBOS_FUERZA,2036.0,1318.0,718.0
2020-Q3,2020,3,GAL,ROBOS_FUERZA,3106.0,2036.0,1070.0
2020-Q4,2020,4,GAL,ROBOS_FUERZA,4046.0,3106.0,940.0
2021-Q1,2021,1,GAL,ROBOS_FUERZA,633.0,,633.0
2021-Q2,2021,2,GAL,ROBOS_FUERZA,1430.0,633.0,797.0
2021-Q3,2021,3,GAL,ROBOS_FUERZA,2566.0,1430.0,1136.0
2021-Q4,2021,4,GAL,ROBOS_FUERZA,3760.0,2566.0,1194.0
2022-Q1,2022,1,GAL,ROBOS_FUERZA,1046.0,,1046.0
2022-Q2,2022,2,GAL,ROBOS_FUERZA,1921.0,1046.0,875.0
2022-Q3,2022,3,GAL,ROBOS_FUERZA,2884.0,1921.0,963.0
2022-Q4,2022,4,GAL,ROBOS_FUERZA,4121.0,2884.0,1237.0
2023-Q1,2023,1,GAL,ROBOS_FUERZA,1222.0,,1222.0
2023-Q2,2023,2,GAL,ROBOS_FUERZA,2241.0,1222.0,1019.0
2023-Q3,2023,3,GAL,ROBOS_FUERZA,3450.0,2241.0,1209.0
2023-Q4,2023,4,GAL,ROBOS_FUERZA,4693.0,3450.0,1243.0
2024-Q1,2024,1,GAL,ROBOS_FUERZA,1199.0,,1199.0
2024-Q2,2024,2,GAL,ROBOS_FUERZA,2272.0,1199.0,1073.0
2024-Q3,2024,3,GAL,ROBOS_FUERZA,3284.0,2272.0,1012.0
2024-Q4,2024,4,GAL,ROBOS_FUERZA,4358.0,3284.0,1074.0
2025-Q1,2025,1,GAL,ROBOS_FUERZA,981.0,,981.0
2025-Q2,2025,2,GAL,ROBOS_FUERZA,1902.0,981.0,921.0
2025-Q3,2025,3,GAL,ROBOS_FUERZA,2855.0,1902.0,953.0
2016-Q1,2016,1,MAD,HURTOS,38630.0,,38630.0
2016-Q2,2016,2,MAD,HURTOS,77894.0,38630.0,39264.0
2016-Q3,2016,3,MAD,HURTOS,110411.0,77894.0,32517.0
2016-Q4,2016,4,MAD,HURTOS,150543.0,110411.0,40132.0
2017-Q1,2017,1,MAD,HURTOS,40803.0,,40803.0
2017-Q2,2017,2,MAD,HURTOS,79809.0,40803.0,39006.0
2017-Q3,2017,3,MAD,HURTOS,115149.0,79809.0,35340.0
2017-Q4,2017,4,MAD,HURTOS,156329.0,115149.0,41180.0
2018-Q1,2018,1,MAD,HURTOS,38792.0,,38792.0
2018-Q2,2018,2,MAD,HURTOS,77736.0,38792.0,38944.0
2018-Q3,2018,3,MAD,HURTOS,109940.0,77736.0,32204.0
2018-Q4,2018,4,MAD,HURTOS,152602.0,109940.0,42662.0
2019-Q1,2019,1,MAD,HURTOS,40524.0,,40524.0
2019-Q2,2019,2,MAD,HURTOS,78953.0,40524.0,38429.0
2019-Q3,2019,3,MAD,HURTOS,112253.0,78953.0,33300.0
2019-Q4,2019,4,MAD,HURTOS,154217.0,112253.0,41964.0
2020-Q1,2020,1,MAD,HURTOS,34331.0,,34331.0
2020-Q2,2020,2,MAD,HURTOS,44614.0,34331.0,10283.0
2020-Q3,2020,3,MAD,HURTOS,67754.0,44614.0,23140.0
2020-Q4,2020,4,MAD,HURTOS,92225.0,67754.0,24471.0
2021-Q1,2021,1,MAD,HURTOS,24449.0,,24449.0
2021-Q2,2021,2,MAD,HURTOS,50270.0,24449.0,25821.0
2021-Q3,2021,3,MAD,HURTOS,75929.0,50270.0,25659.0
2021-Q4,2021,4,MAD,HURTOS,108778.0,75929.0,32849.0
2022-Q1,2022,1,MAD,HURTOS,34079.0,,34079.0
2022-Q2,2022,2,MAD,HURTOS,68124.0,34079.0,34045.0
2022-Q3,2022,3,MAD,HURTOS,96931.0,68124.0,28807.0
2022-Q4,2022,4,MAD,HURTOS,132876.0,96931.0,35945.0
2023-Q1,2023,1,MAD,HURTOS,33852.0,,33852.0
2023-Q2,2023,2,MAD,HURTOS,65524.0,33852.0,31672.0
2023-Q3,2023,3,MAD,HURTOS,93996.0,65524.0,28472.0
2023-Q4,2023,4,MAD,HURTOS,128268.0,93996.0,34272.0
2024-Q1,2024,1,MAD,HURTOS,31611.0,,31611.0
2024-Q2,2024,2,MAD,HURTOS,62121.0,31611.0,30510.0
2024-Q3,2024,3,MAD,HURTOS,87798.0,62121.0,25677.0
2024-Q4,2024,4,MAD,HURTOS,117462.0,87798.0,29664.0
2025-Q1,2025,1,MAD,HURTOS,28672.0,,28672.0
2025-Q2,2025,2,MAD,HURTOS,56835.0,28672.0,28163.0
2025-Q3,2025,3,MAD,HURTOS,82515.0,56835.0,25680.0
2017-Q1,2017,1,MAD,ROBOS_FUERZA,4957.0,,4957.0
2017-Q2,2017,2,MAD,ROBOS_FUERZA,9450.0,4957.0,4493.0
2017-Q3,2017,3,MAD,ROBOS_FUERZA,14205.0,9450.0,4755.0
2017-Q4,2017,4,MAD,ROBOS_FUERZA,19310.0,14205.0,5105.0
2018-Q1,2018,1,MAD,ROBOS_FUERZA,5041.0,,5041.0
2018-Q2,2018,2,MAD,ROBOS_FUERZA,9500.0,5041.0,4459.0
2018-Q3,2018,3,MAD,ROBOS_FUERZA,14167.0,9500.0,4667.0
2018-Q4,2018,4,MAD,ROBOS_FUERZA,19328.0,14167.0,5161.0
2019-Q1,2019,1,MAD,ROBOS_FUERZA,4768.0,,4768.0
2019-Q2,2019,2,MAD,ROBOS_FUERZA,8998.0,4768.0,4230.0
2019-Q3,2019,3,MAD,ROBOS_FUERZA,13686.0,8998.0,4688.0
2019-Q4,2019,4,MAD,ROBOS_FUERZA,18255.0,13686.0,4569.0
2020-Q1,2020,1,MAD,ROBOS_FUERZA,4185.0,,4185.0
2020-Q2,2020,2,MAD,ROBOS_FUERZA,5764.0,4185.0,1579.0
2020-Q3,2020,3,MAD,ROBOS_FUERZA,9123.0,5764.0,3359.0
2020-Q4,2020,4,MAD,ROBOS_FUERZA,12265.0,9123.0,3142.0
2021-Q1,2021,1,MAD,ROBOS_FUERZA,2923.0,,2923.0
2021-Q2,2021,2,MAD,ROBOS_FUERZA,5798.0,2923.0,2875.0
2021-Q3,2021,3,MAD,ROBOS_FUERZA,9208.0,5798.0,3410.0
2021-Q4,2021,4,MAD,ROBOS_FUERZA,12381.0,9208.0,3173.0
2022-Q1,2022,1,MAD,ROBOS_FUERZA,3370.0,,3370.0
2022-Q2,2022,2,MAD,ROBOS_FUERZA,6376.0,3370.0,3006.0
2022-Q3,2022,3,MAD,ROBOS_FUERZA,10107.0,6376.0,3731.0
2022-Q4,2022,4,MAD,ROBOS_FUERZA,13631.0,10107.0,3524.0
2023-Q1,2023,1,MAD,ROBOS_FUERZA,3554.0,,3554.0
2023-Q2,2023,2,MAD,ROBOS_FUERZA,6877.0,3554.0,3323.0
2023-Q3,2023,3,MAD,ROBOS_FUERZA,10655.0,6877.0,3778.0
2023-Q4,2023,4,MAD,ROBOS_FUERZA,14544.0,10655.0,3889.0
2024-Q1,2024,1,MAD,ROBOS_FUERZA,3658.0,,3658.0
2024-Q2,2024,2,MAD,ROBOS_FUERZA,6642.0,3658.0,2984.0
2024-Q3,2024,3,MAD,ROBOS_FUERZA,10246.0,6642.0,3604.0
2024-Q4,2024,4,MAD,ROBOS_FUERZA,13482.0,10246.0,3236.0
2025-Q1,2025,1,MAD,ROBOS_FUERZA,3031.0,,3031.0
2025-Q2,2025,2,MAD,ROBOS_FUERZA,5936.0,3031.0,2905.0
2025-Q3,2025,3,MAD,ROBOS_FUERZA,9406.0,5936.0,3470.0
2016-Q1,2016,1,MUR,HURTOS,4044.0,,4044.0
2016-Q2,2016,2,MUR,HURTOS,7957.0,4044.0,3913.0
2016-Q3,2016,3,MUR,HURTOS,12010.0,7957.0,4053.0
2016-Q4,2016,4,MUR,HURTOS,15740.0,12010.0,3730.0
2017-Q1,2017,1,MUR,HURTOS,3748.0,,3748.0
2017-Q2,2017,2,MUR,HURTOS,7399.0,3748.0,3651.0
2017-Q3,2017,3,MUR,HURTOS,11439.0,7399.0,4040.0
2017-Q4,2017,4,MUR,HURTOS,15261.0,11439.0,3822.0
2018-Q1,2018,1,MUR,HURTOS,3626.0,,3626.0
2018-Q2,2018,2,MUR,HURTOS,7367.0,3626.0,3741.0
2018-Q3,2018,3,MUR,HURTOS,11078.0,7367.0,3711.0
2018-Q4,2018,4,MUR,HURTOS,14745.0,11078.0,3667.0
2019-Q1,2019,1,MUR,HURTOS,3832.0,,3832.0
2019-Q2,2019,2,MUR,HURTOS,7482.0,3832.0,3650.0
2019-Q3,2019,3,MUR,HURTOS,11533.0,7482.0,4051.0
2019-Q4,2019,4,MUR,HURTOS,15149.0,11533.0,3616.0
2020-Q1,2020,1,MUR,HURTOS,2891.0,,2891.0
2020-Q2,2020,2,MUR,HURTOS,4289.0,2891.0,1398.0
2020-Q3,2020,3,MUR,HURTOS,7402.0,4289.0,3113.0
2020-Q4,2020,4,MUR,HURTOS,9920.0,7402.0,2518.0
2021-Q1,2021,1,MUR,HURTOS,2358.0,,2358.0
2021-Q2,2021,2,MUR,HURTOS,5206.0,2358.0,2848.0
2021-Q3,2021,3,MUR,HURTOS,8519.0,5206.0,3313.0
2021-Q4,2021,4,MUR,HURTOS,11925.0,8519.0,3406.0
2022-Q1,2022,1,MUR,HURTOS,3304.0,,3304.0
2022-Q2,2022,2,MUR,HURTOS,7187.0,3304.0,3883.0
2022-Q3,2022,3,MUR,HURTOS,11301.0,7187.0,4114.0
2022-Q4,2022,4,MUR,HURTOS,15466.0,11301.0,4165.0
2023-Q1,2023,1,MUR,HURTOS,4231.0,,4231.0
2023-Q2,2023,2,MUR,HURTOS,8321.0,4231.0,4090.0
2023-Q3,2023,3,MUR,HURTOS,12579.0,8321.0,4258.0
2023-Q4,2023,4,MUR,HURTOS,16577.0,12579.0,3998.0
2024-Q1,2024,1,MUR,HURTOS,3933.0,,3933.0
2024-Q2,2024,2,MUR,HURTOS,8173.0,3933.0,4240.0
2024-Q3,2024,3,MUR,HURTOS,12198.0,8173.0,4025.0
2024-Q4,2024,4,MUR,HURTOS,16201.0,12198.0,4003.0
2025-Q1,2025,1,MUR,HURTOS,3937.0,,3937.0
2025-Q2,2025,2,MUR,HURTOS,7746.0,3937.0,3809.0
2025-Q3,2025,3,MUR,HURTOS,11560.0,7746.0,3814.0
2017-Q1,2017,1,MUR,ROBOS_FUERZA,1853.0,,1853.0
2017-Q2,2017,2,MUR,ROBOS_FUERZA,3342.0,1853.0,1489.0
2017-Q3,2017,3,MUR,ROBOS_FUERZA,5058.0,3342.0,1716.0
2017-Q4,2017,4,MUR,ROBOS_FUERZA,6956.0,5058.0,1898.0
2018-Q1,2018,1,MUR,ROBOS_FUERZA,1809.0,,1809.0
2018-Q2,2018,2,MUR,ROBOS_FUERZA,3241.0,1809.0,1432.0
2018-Q3,2018,3,MUR,ROBOS_FUERZA,4905.0,3241.0,1664.0
2018-Q4,2018,4,MUR,ROBOS_FUERZA,6757.0,4905.0,1852.0
2019-Q1,2019,1,MUR,ROBOS_FUERZA,1679.0,,1679.0
2019-Q2,2019,2,MUR,ROBOS_FUERZA,3146.0,1679.0,1467.0
2019-Q3,2019,3,MUR,ROBOS_FUERZA,4599.0,3146.0,1453.0
2019-Q4,2019,4,MUR,ROBOS_FUERZA,6184.0,4599.0,1585.0
2020-Q1,2020,1,MUR,ROBOS_FUERZA,1414.0,,1414.0
2020-Q2,2020,2,MUR,ROBOS_FUERZA,2267.0,1414.0,853.0
2020-Q3,2020,3,MUR,ROBOS_FUERZA,3600.0,2267.0,1333.0
2020-Q4,2020,4,MUR,ROBOS_FUERZA,4693.0,3600.0,1093.0
2021-Q1,2021,1,MUR,ROBOS_FUERZA,1098.0,,1098.0
2021-Q2,2021,2,MUR,ROBOS_FUERZA,2225.0,1098.0,1127.0
2021-Q3,2021,3,MUR,ROBOS_FUERZA,3483.0,2225.0,1258.0
2021-Q4,2021,4,MUR,ROBOS_FUERZA,4875.0,3483.0,1392.0
2022-Q1,2022,1,MUR,ROBOS_FUERZA,1321.0,,1321.0
2022-Q2,2022,2,MUR,ROBOS_FUERZA,2662.0,1321.0,1341.0
2022-Q3,2022,3,MUR,ROBOS_FUERZA,3890.0,2662.0,1228.0
2022-Q4,2022,4,MUR,ROBOS_FUERZA,5339.0,3890.0,1449.0
2023-Q1,2023,1,MUR,ROBOS_FUERZA,1583.0,,1583.0
2023-Q2,2023,2,MUR,ROBOS_FUERZA,2738.0,1583.0,1155.0
2023-Q3,2023,3,MUR,ROBOS_FUERZA,3963.0,2738.0,1225.0
2023-Q4,2023,4,MUR,ROBOS_FUERZA,5319.0,3963.0,1356.0
2024-Q1,2024,1,MUR,ROBOS_FUERZA,1364.0,,1364.0
2024-Q2,2024,2,MUR,ROBOS_FUERZA,2588.0,1364.0,1224.0
2024-Q3,2024,3,MUR,ROBOS_FUERZA,3880.0,2588.0,1292.0
2024-Q4,2024,4,MUR,ROBOS_FUERZA,5128.0,3880.0,1248.0
2025-Q1,2025,1,MUR,ROBOS_FUERZA,1101.0,,1101.0
2025-Q2,2025,2,MUR,ROBOS_FUERZA,2210.0,1101.0,1109.0
2025-Q3,2025,3,MUR,ROBOS_FUERZA,3273.0,2210.0,1063.0
2016-Q1,2016,1,NAV,HURTOS,1162.0,,1162.0
2016-Q2,2016,2,NAV,HURTOS,3456.0,1162.0,2294.0
2016-Q3,2016,3,NAV,HURTOS,6398.0,3456.0,2942.0
2016-Q4,2016,4,NAV,HURTOS,8263.0,6398.0,1865.0
2017-Q1,2017,1,NAV,HURTOS,1530.0,,1530.0
2017-Q2,2017,2,NAV,HURTOS,3254.0,1530.0,1724.0
2017-Q3,2017,3,NAV,HURTOS,5971.0,3254.0,2717.0
2017-Q4,2017,4,NAV,HURTOS,7572.0,5971.0,1601.0
2018-Q1,2018,1,NAV,HURTOS,1486.0,,1486.0
2018-Q2,2018,2,NAV,HURTOS,2947.0,1486.0,1461.0
2018-Q3,2018,3,NAV,HURTOS,6048.0,2947.0,3101.0
2018-Q4,2018,4,NAV,HURTOS,7746.0,6048.0,1698.0
2019-Q1,2019,1,NAV,HURTOS,1577.0,,1577.0
2019-Q2,2019,2,NAV,HURTOS,3387.0,1577.0,1810.0
2019-Q3,2019,3,NAV,HURTOS,6767.0,3387.0,3380.0
2019-Q4,2019,4,NAV,HURTOS,8541.0,6767.0,1774.0
2020-Q1,2020,1,NAV,HURTOS,1400.0,,1400.0
2020-Q2,2020,2,NAV,HURTOS,1913.0,1400.0,513.0
2020-Q3,2020,3,NAV,HURTOS,3398.0,1913.0,1485.0
2020-Q4,2020,4,NAV,HURTOS,4471.0,3398.0,1073.0
2021-Q1,2021,1,NAV,HURTOS,1091.0,,1091.0
2021-Q2,2021,2,NAV,HURTOS,2467.0,1091.0,1376.0
2021-Q3,2021,3,NAV,HURTOS,3857.0,2467.0,1390.0
2021-Q4,2021,4,NAV,HURTOS,5523.0,3857.0,1666.0
2022-Q1,2022,1,NAV,HURTOS,1376.0,,1376.0
2022-Q2,2022,2,NAV,HURTOS,3183.0,1376.0,1807.0
2022-Q3,2022,3,NAV,HURTOS,6333.0,3183.0,3150.0
2022-Q4,2022,4,NAV,HURTOS,8109.0,6333.0,1776.0
2023-Q1,2023,1,NAV,HURTOS,1664.0,,1664.0
2023-Q2,2023,2,NAV,HURTOS,3326.0,1664.0,1662.0
2023-Q3,2023,3,NAV,HURTOS,6851.0,3326.0,3525.0
2023-Q4,2023,4,NAV,HURTOS,8661.0,6851.0,1810.0
2024-Q1,2024,1,NAV,HURTOS,1585.0,,1585.0
2024-Q2,2024,2,NAV,HURTOS,3326.0,1585.0,1741.0
2024-Q3,2024,3,NAV,HURTOS,6453.0,3326.0,3127.0
2024-Q4,2024,4,NAV,HURTOS,8276.0,6453.0,1823.0
2025-Q1,2025,1,NAV,HURTOS,1715.0,,1715.0
2025-Q2,2025,2,NAV,HURTOS,3499.0,1715.0,1784.0
2025-Q3,2025,3,NAV,HURTOS,6521.0,3499.0,3022.0
2017-Q1,2017,1,NAV,ROBOS_FUERZA,398.0,,398.0
2017-Q2,2017,2,NAV,ROBOS_FUERZA,775.0,398.0,377.0
2017-Q3,2017,3,NAV,ROBOS_FUERZA,1164.0,775.0,389.0
2017-Q4,2017,4,NAV,ROBOS_FUERZA,1519.0,1164.0,355.0
2018-Q1,2018,1,NAV,ROBOS_FUERZA,369.0,,369.0
2018-Q2,2018,2,NAV,ROBOS_FUERZA,698.0,369.0,329.0
2018-Q3,2018,3,NAV,ROBOS_FUERZA,1027.0,698.0,329.0
2018-Q4,2018,4,NAV,ROBOS_FUERZA,1510.0,1027.0,483.0
2019-Q1,2019,1,NAV,ROBOS_FUERZA,381.0,,381.0
2019-Q2,2019,2,NAV,ROBOS_FUERZA,807.0,381.0,426.0
2019-Q3,2019,3,NAV,ROBOS_FUERZA,1137.0,807.0,330.0
2019-Q4,2019,4,NAV,ROBOS_FUERZA,1514.0,1137.0,377.0
2020-Q1,2020,1,NAV,ROBOS_FUERZA,386.0,,386.0
2020-Q2,2020,2,NAV,ROBOS_FUERZA,549.0,386.0,163.0
2020-Q3,2020,3,NAV,ROBOS_FUERZA,842.0,549.0,293.0
2020-Q4,2020,4,NAV,ROBOS_FUERZA,1096.0,842.0,254.0
2021-Q1,2021,1,NAV,ROBOS_FUERZA,285.0,,285.0
2021-Q2,2021,2,NAV,ROBOS_FUERZA,573.0,285.0,288.0
2021-Q3,2021,3,NAV,ROBOS_FUERZA,843.0,573.0,270.0
2021-Q4,2021,4,NAV,ROBOS_FUERZA,1265.0,843.0,422.0
2022-Q1,2022,1,NAV,ROBOS_FUERZA,390.0,,390.0
2022-Q2,2022,2,NAV,ROBOS_FUERZA,738.0,390.0,348.0
2022-Q3,2022,3,NAV,ROBOS_FUERZA,1081.0,738.0,343.0
2022-Q4,2022,4,NAV,ROBOS_FUERZA,1464.0,1081.0,383.0
2023-Q1,2023,1,NAV,ROBOS_FUERZA,411.0,,411.0
2023-Q2,2023,2,NAV,ROBOS_FUERZA,738.0,411.0,327.0
2023-Q3,2023,3,NAV,ROBOS_FUERZA,1104.0,738.0,366.0
2023-Q4,2023,4,NAV,ROBOS_FUERZA,1505.0,1104.0,401.0
2024-Q1,2024,1,NAV,ROBOS_FUERZA,366.0,,366.0
2024-Q2,2024,2,NAV,ROBOS_FUERZA,649.0,366.0,283.0
2024-Q3,2024,3,NAV,ROBOS_FUERZA,1045.0,649.0,396.0
2024-Q4,2024,4,NAV,ROBOS_FUERZA,1464.0,1045.0,419.0
2025-Q1,2025,1,NAV,ROBOS_FUERZA,322.0,,322.0
2025-Q2,2025,2,NAV,ROBOS_FUERZA,593.0,322.0,271.0
2025-Q3,2025,3,NAV,ROBOS_FUERZA,968.0,593.0,375.0
2016-Q1,2016,1,PV,HURTOS,6698.0,,6698.0
2016-Q2,2016,2,PV,HURTOS,13668.0,6698.0,6970.0
2016-Q3,2016,3,PV,HURTOS,22054.0,13668.0,8386.0
2016-Q4,2016,4,PV,HURTOS,28945.0,22054.0,6891.0
2017-Q1,2017,1,PV,HURTOS,6582.0,,6582.0
2017-Q2,2017,2,PV,HURTOS,13201.0,6582.0,6619.0
2017-Q3,2017,3,PV,HURTOS,21105.0,13201.0,7904.0
2017-Q4,2017,4,PV,HURTOS,27873.0,21105.0,6768.0
2018-Q1,2018,1,PV,HURTOS,6302.0,,6302.0
2018-Q2,2018,2,PV,HURTOS,13313.0,6302.0,7011.0
2018-Q3,2018,3,PV,HURTOS,21395.0,13313.0,8082.0
2018-Q4,2018,4,PV,HURTOS,29378.0,21395.0,7983.0
2019-Q1,2019,1,PV,HURTOS,7306.0,,7306.0
2019-Q2,2019,2,PV,HURTOS,14643.0,7306.0,7337.0
2019-Q3,2019,3,PV,HURTOS,22770.0,14643.0,8127.0
2019-Q4,2019,4,PV,HURTOS,30254.0,22770.0,7484.0
2020-Q1,2020,1,PV,HURTOS,6101.0,,6101.0
2020-Q2,2020,2,PV,HURTOS,8364.0,6101.0,2263.0
2020-Q3,2020,3,PV,HURTOS,13273.0,8364.0,4909.0
2020-Q4,2020,4,PV,HURTOS,17915.0,13273.0,4642.0
2021-Q1,2021,1,PV,HURTOS,4471.0,,4471.0
2021-Q2,2021,2,PV,HURTOS,9549.0,4471.0,5078.0
2021-Q3,2021,3,PV,HURTOS,15416.0,9549.0,5867.0
2021-Q4,2021,4,PV,HURTOS,22253.0,15416.0,6837.0
2022-Q1,2022,1,PV,HURTOS,7317.0,,7317.0
2022-Q2,2022,2,PV,HURTOS,14288.0,7317.0,6971.0
2022-Q3,2022,3,PV,HURTOS,21798.0,14288.0,7510.0
2022-Q4,2022,4,PV,HURTOS,29231.0,21798.0,7433.0
2023-Q1,2023,1,PV,HURTOS,7950.0,,7950.0
2023-Q2,2023,2,PV,HURTOS,14753.0,7950.0,6803.0
2023-Q3,2023,3,PV,HURTOS,22531.0,14753.0,7778.0
2023-Q4,2023,4,PV,HURTOS,30125.0,22531.0,7594.0
2024-Q1,2024,1,PV,HURTOS,7413.0,,7413.0
2024-Q2,2024,2,PV,HURTOS,14948.0,7413.0,7535.0
2024-Q3,2024,3,PV,HURTOS,23198.0,14948.0,8250.0
2024-Q4,2024,4,PV,HURTOS,31134.0,23198.0,7936.0
2025-Q1,2025,1,PV,HURTOS,7375.0,,7375.0
2025-Q2,2025,2,PV,HURTOS,15077.0,7375.0,7702.0
2025-Q3,2025,3,PV,HURTOS,23059.0,15077.0,7982.0
2017-Q1,2017,1,PV,ROBOS_FUERZA,1783.0,,1783.0
2017-Q2,2017,2,PV,ROBOS_FUERZA,3246.0,1783.0,1463.0
2017-Q3,2017,3,PV,ROBOS_FUERZA,5013.0,3246.0,1767.0
2017-Q4,2017,4,PV,ROBOS_FUERZA,7264.0,5013.0,2251.0
2018-Q1,2018,1,PV,ROBOS_FUERZA,2235.0,,2235.0
2018-Q2,2018,2,PV,ROBOS_FUERZA,4115.0,2235.0,1880.0
2018-Q3,2018,3,PV,ROBOS_FUERZA,5854.0,4115.0,1739.0
2018-Q4,2018,4,PV,ROBOS_FUERZA,8002.0,5854.0,2148.0
2019-Q1,2019,1,PV,ROBOS_FUERZA,2244.0,,2244.0
2019-Q2,2019,2,PV,ROBOS_FUERZA,4082.0,2244.0,1838.0
2019-Q3,2019,3,PV,ROBOS_FUERZA,6056.0,4082.0,1974.0
2019-Q4,2019,4,PV,ROBOS_FUERZA,8162.0,6056.0,2106.0
2020-Q1,2020,1,PV,ROBOS_FUERZA,1739.0,,1739.0
2020-Q2,2020,2,PV,ROBOS_FUERZA,2465.0,1739.0,726.0
2020-Q3,2020,3,PV,ROBOS_FUERZA,3978.0,2465.0,1513.0
2020-Q4,2020,4,PV,ROBOS_FUERZA,5566.0,3978.0,1588.0
2021-Q1,2021,1,PV,ROBOS_FUERZA,1358.0,,1358.0
2021-Q2,2021,2,PV,ROBOS_FUERZA,2742.0,1358.0,1384.0
2021-Q3,2021,3,PV,ROBOS_FUERZA,4544.0,2742.0,1802.0
2021-Q4,2021,4,PV,ROBOS_FUERZA,6573.0,4544.0,2029.0
2022-Q1,2022,1,PV,ROBOS_FUERZA,1869.0,,1869.0
2022-Q2,2022,2,PV,ROBOS_FUERZA,3470.0,1869.0,1601.0
2022-Q3,2022,3,PV,ROBOS_FUERZA,5364.0,3470.0,1894.0
2022-Q4,2022,4,PV,ROBOS_FUERZA,7581.0,5364.0,2217.0
2023-Q1,2023,1,PV,ROBOS_FUERZA,1754.0,,1754.0
2023-Q2,2023,2,PV,ROBOS_FUERZA,3116.0,1754.0,1362.0
2023-Q3,2023,3,PV,ROBOS_FUERZA,4675.0,3116.0,1559.0
2023-Q4,2023,4,PV,ROBOS_FUERZA,6411.0,4675.0,1736.0
2024-Q1,2024,1,PV,ROBOS_FUERZA,1328.0,,1328.0
2024-Q2,2024,2,PV,ROBOS_FUERZA,2678.0,1328.0,1350.0
2024-Q3,2024,3,PV,ROBOS_FUERZA,4355.0,2678.0,1677.0
2024-Q4,2024,4,PV,ROBOS_FUERZA,5906.0,4355.0,1551.0
2025-Q1,2025,1,PV,ROBOS_FUERZA,1499.0,,1499.0
2025-Q2,2025,2,PV,ROBOS_FUERZA,2840.0,1499.0,1341.0
2025-Q3,2025,3,PV,ROBOS_FUERZA,4411.0,2840.0,1571.0
2016-Q1,2016,1,RIO,HURTOS,687.0,,687.0
2016-Q2,2016,2,RIO,HURTOS,1373.0,687.0,686.0
2016-Q3,2016,3,RIO,HURTOS,2109.0,1373.0,736.0
2016-Q4,2016,4,RIO,HURTOS,2789.0,2109.0,680.0
2017-Q1,2017,1,RIO,HURTOS,648.0,,648.0
2017-Q2,2017,2,RIO,HURTOS,1249.0,648.0,601.0
2017-Q3,2017,3,RIO,HURTOS,1913.0,1249.0,664.0
2017-Q4,2017,4,RIO,HURTOS,2563.0,1913.0,650.0
2018-Q1,2018,1,RIO,HURTOS,541.0,,541.0
2018-Q2,2018,2,RIO,HURTOS,1142.0,541.0,601.0
2018-Q3,2018,3,RIO,HURTOS,1758.0,1142.0,616.0
2018-Q4,2018,4,RIO,HURTOS,2342.0,1758.0,584.0
2019-Q1,2019,1,RIO,HURTOS,551.0,,551.0
2019-Q2,2019,2,RIO,HURTOS,1103.0,551.0,552.0
2019-Q3,2019,3,RIO,HURTOS,1800.0,1103.0,697.0
2019-Q4,2019,4,RIO,HURTOS,2422.0,1800.0,622.0
2020-Q1,2020,1,RIO,HURTOS,444.0,,444.0
2020-Q2,2020,2,RIO,HURTOS,649.0,444.0,205.0
2020-Q3,2020,3,RIO,HURTOS,1087.0,649.0,438.0
2020-Q4,2020,4,RIO,HURTOS,1475.0,1087.0,388.0
2021-Q1,2021,1,RIO,HURTOS,320.0,,320.0
2021-Q2,2021,2,RIO,HURTOS,749.0,320.0,429.0
2021-Q3,2021,3,RIO,HURTOS,1239.0,749.0,490.0
2021-Q4,2021,4,RIO,HURTOS,1789.0,1239.0,550.0
2022-Q1,2022,1,RIO,HURTOS,552.0,,552.0
2022-Q2,2022,2,RIO,HURTOS,1241.0,552.0,689.0
2022-Q3,2022,3,RIO,HURTOS,2018.0,1241.0,777.0
2022-Q4,2022,4,RIO,HURTOS,2744.0,2018.0,726.0
2023-Q1,2023,1,RIO,HURTOS,742.0,,742.0
2023-Q2,2023,2,RIO,HURTOS,1441.0,742.0,699.0
2023-Q3,2023,3,RIO,HURTOS,2266.0,1441.0,825.0
2023-Q4,2023,4,RIO,HURTOS,2967.0,2266.0,701.0
2024-Q1,2024,1,RIO,HURTOS,656.0,,656.0
2024-Q2,2024,2,RIO,HURTOS,1283.0,656.0,627.0
2024-Q3,2024,3,RIO,HURTOS,2067.0,1283.0,784.0
2024-Q4,2024,4,RIO,HURTOS,2727.0,2067.0,660.0
2025-Q1,2025,1,RIO,HURTOS,571.0,,571.0
2025-Q2,2025,2,RIO,HURTOS,1119.0,571.0,548.0
2025-Q3,2025,3,RIO,HURTOS,1832.0,1119.0,713.0
2017-Q1,2017,1,RIO,ROBOS_FUERZA,195.0,,195.0
2017-Q2,2017,2,RIO,ROBOS_FUERZA,367.0,195.0,172.0
2017-Q3,2017,3,RIO,ROBOS_FUERZA,532.0,367.0,165.0
2017-Q4,2017,4,RIO,ROBOS_FUERZA,722.0,532.0,190.0
2018-Q1,2018,1,RIO,ROBOS_FUERZA,192.0,,192.0
2018-Q2,2018,2,RIO,ROBOS_FUERZA,336.0,192.0,144.0
2018-Q3,2018,3,RIO,ROBOS_FUERZA,440.0,336.0,104.0
2018-Q4,2018,4,RIO,ROBOS_FUERZA,601.0,440.0,161.0
2019-Q1,2019,1,RIO,ROBOS_FUERZA,155.0,,155.0
2019-Q2,2019,2,RIO,ROBOS_FUERZA,297.0,155.0,142.0
2019-Q3,2019,3,RIO,ROBOS_FUERZA,412.0,297.0,115.0
2019-Q4,2019,4,RIO,ROBOS_FUERZA,552.0,412.0,140.0
2020-Q1,2020,1,RIO,ROBOS_FUERZA,136.0,,136.0
2020-Q2,2020,2,RIO,ROBOS_FUERZA,214.0,136.0,78.0
2020-Q3,2020,3,RIO,ROBOS_FUERZA,329.0,214.0,115.0
2020-Q4,2020,4,RIO,ROBOS_FUERZA,453.0,329.0,124.0
2021-Q1,2021,1,RIO,ROBOS_FUERZA,91.0,,91.0
2021-Q2,2021,2,RIO,ROBOS_FUERZA,228.0,91.0,137.0
2021-Q3,2021,3,RIO,ROBOS_FUERZA,359.0,228.0,131.0
2021-Q4,2021,4,RIO,ROBOS_FUERZA,496.0,359.0,137.0
2022-Q1,2022,1,RIO,ROBOS_FUERZA,191.0,,191.0
2022-Q2,2022,2,RIO,ROBOS_FUERZA,353.0,191.0,162.0
2022-Q3,2022,3,RIO,ROBOS_FUERZA,507.0,353.0,154.0
2022-Q4,2022,4,RIO,ROBOS_FUERZA,709.0,507.0,202.0
2023-Q1,2023,1,RIO,ROBOS_FUERZA,189.0,,189.0
2023-Q2,2023,2,RIO,ROBOS_FUERZA,343.0,189.0,154.0
2023-Q3,2023,3,RIO,ROBOS_FUERZA,553.0,343.0,210.0
2023-Q4,2023,4,RIO,ROBOS_FUERZA,727.0,553.0,174.0
2024-Q1,2024,1,RIO,ROBOS_FUERZA,205.0,,205.0
2024-Q2,2024,2,RIO,ROBOS_FUERZA,382.0,205.0,177.0
2024-Q3,2024,3,RIO,ROBOS_FUERZA,570.0,382.0,188.0
2024-Q4,2024,4,RIO,ROBOS_FUERZA,751.0,570.0,181.0
2025-Q1,2025,1,RIO,ROBOS_FUERZA,158.0,,158.0
2025-Q2,2025,2,RIO,ROBOS_FUERZA,301.0,158.0,143.0
2025-Q3,2025,3,RIO,ROBOS_FUERZA,459.0,301.0,158.0
2016-Q1,2016,1,VAL,HURTOS,18791.0,,18791.0
2016-Q2,2016,2,VAL,HURTOS,37438.0,18791.0,18647.0
2016-Q3,2016,3,VAL,HURTOS,59599.0,37438.0,22161.0
2016-Q4,2016,4,VAL,HURTOS,77214.0,59599.0,17615.0
2017-Q1,2017,1,VAL,HURTOS,17688.0,,17688.0
2017-Q2,2017,2,VAL,HURTOS,35462.0,17688.0,17774.0
2017-Q3,2017,3,VAL,HURTOS,56824.0,35462.0,21362.0
2017-Q4,2017,4,VAL,HURTOS,73922.0,56824.0,17098.0
2018-Q1,2018,1,VAL,HURTOS,16306.0,,16306.0
2018-Q2,2018,2,VAL,HURTOS,32642.0,16306.0,16336.0
2018-Q3,2018,3,VAL,HURTOS,53971.0,32642.0,21329.0
2018-Q4,2018,4,VAL,HURTOS,70098.0,53971.0,16127.0
2019-Q1,2019,1,VAL,HURTOS,16181.0,,16181.0
2019-Q2,2019,2,VAL,HURTOS,32299.0,16181.0,16118.0
2019-Q3,2019,3,VAL,HURTOS,52273.0,32299.0,19974.0
2019-Q4,2019,4,VAL,HURTOS,68038.0,52273.0,15765.0
2020-Q1,2020,1,VAL,HURTOS,12654.0,,12654.0
2020-Q2,2020,2,VAL,HURTOS,17619.0,12654.0,4965.0
2020-Q3,2020,3,VAL,HURTOS,31803.0,17619.0,14184.0
2020-Q4,2020,4,VAL,HURTOS,43859.0,31803.0,12056.0
2021-Q1,2021,1,VAL,HURTOS,10110.0,,10110.0
2021-Q2,2021,2,VAL,HURTOS,23868.0,10110.0,13758.0
2021-Q3,2021,3,VAL,HURTOS,42044.0,23868.0,18176.0
2021-Q4,2021,4,VAL,HURTOS,57738.0,42044.0,15694.0
2022-Q1,2022,1,VAL,HURTOS,15585.0,,15585.0
2022-Q2,2022,2,VAL,HURTOS,33150.0,15585.0,17565.0
2022-Q3,2022,3,VAL,HURTOS,53326.0,33150.0,20176.0
2022-Q4,2022,4,VAL,HURTOS,71317.0,53326.0,17991.0
2023-Q1,2023,1,VAL,HURTOS,18224.0,,18224.0
2023-Q2,2023,2,VAL,HURTOS,36674.0,18224.0,18450.0
2023-Q3,2023,3,VAL,HURTOS,58226.0,36674.0,21552.0
2023-Q4,2023,4,VAL,HURTOS,76375.0,58226.0,18149.0
2024-Q1,2024,1,VAL,HURTOS,17681.0,,17681.0
2024-Q2,2024,2,VAL,HURTOS,36291.0,17681.0,18610.0
2024-Q3,2024,3,VAL,HURTOS,57391.0,36291.0,21100.0
2024-Q4,2024,4,VAL,HURTOS,73858.0,57391.0,16467.0
2025-Q1,2025,1,VAL,HURTOS,16576.0,,16576.0
2025-Q2,2025,2,VAL,HURTOS,35381.0,16576.0,18805.0
2025-Q3,2025,3,VAL,HURTOS,57209.0,35381.0,21828.0
2017-Q1,2017,1,VAL,ROBOS_FUERZA,5943.0,,5943.0
2017-Q2,2017,2,VAL,ROBOS_FUERZA,10988.0,5943.0,5045.0
2017-Q3,2017,3,VAL,ROBOS_FUERZA,16101.0,10988.0,5113.0
2017-Q4,2017,4,VAL,ROBOS_FUERZA,21565.0,16101.0,5464.0
2018-Q1,2018,1,VAL,ROBOS_FUERZA,5819.0,,5819.0
2018-Q2,2018,2,VAL,ROBOS_FUERZA,10907.0,5819.0,5088.0
2018-Q3,2018,3,VAL,ROBOS_FUERZA,16424.0,10907.0,5517.0
2018-Q4,2018,4,VAL,ROBOS_FUERZA,21846.0,16424.0,5422.0
2019-Q1,2019,1,VAL,ROBOS_FUERZA,5233.0,,5233.0
2019-Q2,2019,2,VAL,ROBOS_FUERZA,9991.0,5233.0,4758.0
2019-Q3,2019,3,VAL,ROBOS_FUERZA,14769.0,9991.0,4778.0
2019-Q4,2019,4,VAL,ROBOS_FUERZA,19823.0,14769.0,5054.0
2020-Q1,2020,1,VAL,ROBOS_FUERZA,4554.0,,4554.0
2020-Q2,2020,2,VAL,ROBOS_FUERZA,6752.0,4554.0,2198.0
2020-Q3,2020,3,VAL,ROBOS_FUERZA,11021.0,6752.0,4269.0
2020-Q4,2020,4,VAL,ROBOS_FUERZA,15224.0,11021.0,4203.0
2021-Q1,2021,1,VAL,ROBOS_FUERZA,3614.0,,3614.0
2021-Q2,2021,2,VAL,ROBOS_FUERZA,7174.0,3614.0,3560.0
2021-Q3,2021,3,VAL,ROBOS_FUERZA,11490.0,7174.0,4316.0
2021-Q4,2021,4,VAL,ROBOS_FUERZA,15920.0,11490.0,4430.0
2022-Q1,2022,1,VAL,ROBOS_FUERZA,4379.0,,4379.0
2022-Q2,2022,2,VAL,ROBOS_FUERZA,8624.0,4379.0,4245.0
2022-Q3,2022,3,VAL,ROBOS_FUERZA,13048.0,8624.0,4424.0
2022-Q4,2022,4,VAL,ROBOS_FUERZA,18009.0,13048.0,4961.0
2023-Q1,2023,1,VAL,ROBOS_FUERZA,4848.0,,4848.0
2023-Q2,2023,2,VAL,ROBOS_FUERZA,9034.0,4848.0,4186.0
2023-Q3,2023,3,VAL,ROBOS_FUERZA,13529.0,9034.0,4495.0
2023-Q4,2023,4,VAL,ROBOS_FUERZA,18368.0,13529.0,4839.0
2024-Q1,2024,1,VAL,ROBOS_FUERZA,4763.0,,4763.0
2024-Q2,2024,2,VAL,ROBOS_FUERZA,8897.0,4763.0,4134.0
2024-Q3,2024,3,VAL,ROBOS_FUERZA,13450.0,8897.0,4553.0
2024-Q4,2024,4,VAL,ROBOS_FUERZA,17704.0,13450.0,4254.0
2025-Q1,2025,1,VAL,ROBOS_FUERZA,3947.0,,3947.0
2025-Q2,2025,2,VAL,ROBOS_FUERZA,8061.0,3947.0,4114.0
2025-Q3,2025,3,VAL,ROBOS_FUERZA,12665.0,8061.0,4604.0
