Periodo,CON_IDI_ESP,CON_IDI_AND,CON_IDI_ARA,CON_IDI_AST,CON_IDI_BAL,CON_IDI_CAN,CON_IDI_CANT,CON_IDI_CAT,CON_IDI_CLM,CON_IDI_CYL,CON_IDI_EXT,CON_IDI_GAL,CON_IDI_MAD,CON_IDI_MUR,CON_IDI_NAV,CON_IDI_PV,CON_IDI_RIO,CON_IDI_VAL,EDU_ABA_ESP,EDU_ABA_AND,EDU_ABA_ARA,EDU_ABA_AST,EDU_ABA_BAL,EDU_ABA_CAN,EDU_ABA_CANT,EDU_ABA_CAT,EDU_ABA_CLM,EDU_ABA_CYL,EDU_ABA_EXT,EDU_ABA_GAL,EDU_ABA_MAD,EDU_ABA_MUR,EDU_ABA_NAV,EDU_ABA_PV,EDU_ABA_RIO,EDU_ABA_VAL,EMP_NAT_ESP,EMP_NAT_AND,EMP_NAT_ARA,EMP_NAT_AST,EMP_NAT_BAL,EMP_NAT_CAN,EMP_NAT_CANT,EMP_NAT_CAT,EMP_NAT_CLM,EMP_NAT_CYL,EMP_NAT_EXT,EMP_NAT_GAL,EMP_NAT_MAD,EMP_NAT_MUR,EMP_NAT_NAV,EMP_NAT_PV,EMP_NAT_RIO,EMP_NAT_VAL,GOB_EFF_ESP,GOB_EFF_AND,GOB_EFF_ARA,GOB_EFF_AST,GOB_EFF_BAL,GOB_EFF_CAN,GOB_EFF_CANT,GOB_EFF_CAT,GOB_EFF_CLM,GOB_EFF_CYL,GOB_EFF_EXT,GOB_EFF_GAL,GOB_EFF_MAD,GOB_EFF_MUR,GOB_EFF_NAV,GOB_EFF_PV,GOB_EFF_RIO,GOB_EFF_VAL,INF_BAN_ESP,INF_BAN_AND,INF_BAN_ARA,INF_BAN_AST,INF_BAN_BAL,INF_BAN_CAN,INF_BAN_CANT,INF_BAN_CAT,INF_BAN_CLM,INF_BAN_CYL,INF_BAN_EXT,INF_BAN_GAL,INF_BAN_MAD,INF_BAN_MUR,INF_BAN_NAV,INF_BAN_PV,INF_BAN_RIO,INF_BAN_VAL,LIB_ODI_ESP,LIB_ODI_AND,LIB_ODI_ARA,LIB_ODI_AST,LIB_ODI_BAL,LIB_ODI_CAN,LIB_ODI_CANT,LIB_ODI_CAT,LIB_ODI_CLM,LIB_ODI_CYL,LIB_ODI_EXT,LIB_ODI_GAL,LIB_ODI_MAD,LIB_ODI_MUR,LIB_ODI_NAV,LIB_ODI_PV,LIB_ODI_RIO,LIB_ODI_VAL,SAL_ESP_ESP,SAL_ESP_AND,SAL_ESP_ARA,SAL_ESP_AST,SAL_ESP_BAL,SAL_ESP_CAN,SAL_ESP_CANT,SAL_ESP_CAT,SAL_ESP_CLM,SAL_ESP_CYL,SAL_ESP_EXT,SAL_ESP_GAL,SAL_ESP_MAD,SAL_ESP_MUR,SAL_ESP_NAV,SAL_ESP_PV,SAL_ESP_RIO,SAL_ESP_VAL,SOC_PAR_enlazado_ESP,SOC_PAR_enlazado_AND,SOC_PAR_enlazado_ARA,SOC_PAR_enlazado_AST,SOC_PAR_enlazado_BAL,SOC_PAR_enlazado_CAN,SOC_PAR_enlazado_CANT,SOC_PAR_enlazado_CAT,SOC_PAR_enlazado_CLM,SOC_PAR_enlazado_CYL,SOC_PAR_enlazado_EXT,SOC_PAR_enlazado_GAL,SOC_PAR_enlazado_MAD,SOC_PAR_enlazado_MUR,SOC_PAR_enlazado_NAV,SOC_PAR_enlazado_PV,SOC_PAR_enlazado_RIO,SOC_PAR_enlazado_VAL,VID_ARO_ESP,VID_ARO_AND,VID_ARO_ARA,VID_ARO_AST,VID_ARO_BAL,VID_ARO_CAN,VID_ARO_CANT,VID_ARO_CAT,VID_ARO_CLM,VID_ARO_CYL,VID_ARO_EXT,VID_ARO_GAL,VID_ARO_MAD,VID_ARO_MUR,VID_ARO_NAV,VID_ARO_PV,VID_ARO_RIO,VID_ARO_VAL
1975,,,,,,,,,,,,,,,,,,,,,,,,,,,,,,,,,,,,,,,,,,,,,,,,,,,,,,,,,,,,,,,,,,,,,,,,,,,,,,,,,,,,,,,,,,,,,,,,,,,,,,,,,,,,,73.44,72.74,74.19,73.15,73.63,73.23,73.07,73.58,73.89,73.84,73.12,72.85,74.46,72.95,72.97,72.65,73.11,72.92,,,,,,,,,,,,,,,,,,,,,,,,,,,,,,,,,,,,
1976,,,,,,,,,,,,,,,,,,,,,,,,,,,,,,,,,,,,,,,,,,,,,,,,,,,,,,,,,,,,,,,,,,,,,,,,,,,,,,,,,,,,,,,,,,,,,,,,,,,,,,,,,,,,,73.76,72.81,74.79,73.37,73.67,72.65,73.68,74.2,74.44,74.11,73.41,73.17,74.6,73.39,73.74,73.07,73.88,73.27,,,,,,,,,,,,,,,,,,,,,,,,,,,,,,,,,,,,
1977,,,,,,,,,,,,,,,,,,,,,,,,,,,,,,,,,,,,,,,,,,,,,,,,,,,,,,,,,,,,,,,,,,,,,,,,,,,,,,,,,,,,,,,,,,,,,,,,,,,,,,,,,,,,,74.24,73.51,75.3,73.35,74.11,73.71,74.13,74.89,74.82,74.46,73.7,73.38,74.98,73.92,74.44,73.49,74.1,73.47,,,,,,,,,,,,,,,,,,,,,,,,,,,,,,,,,,,,
1978,,,,,,,,,,,,,,,,,,,,,,,,,,,,,,,,,,,,,,,,,,,,,,,,,,,,,,,,,,,,,,,,,,,,,,,,,,,,,,,,,,,,,,,,,,,,,,,,,,,,,,,,,,,,,74.44,73.47,75.44,74.11,74.62,73.19,75.24,75.03,74.94,75.02,73.78,73.83,75.26,74.06,74.24,73.83,74.61,73.5,,,,,,,,,,,,,,,,,,,,,,,,,,,,,,,,,,,,
1979,,,,,,,,,,,,,,,,,,,,,,,,,,,,,,,,,,,,,,,,,,,,,,,,,,,,,,,,,,,,,,,,,,,,,,,,,,,,,,,,,,,,,,,,,,,,,,,,,,,,,,,,,,,,,74.91,74.03,75.75,74.2,74.61,73.41,74.77,75.61,75.25,75.53,74.13,74.27,75.71,74.49,75.08,74.32,74.71,73.99,,,,,,,,,,,,,,,,,,,,,,,,,,,,,,,,,,,,
1980,,,,,,,,,,,,,,,,,,,,,,,,,,,,,,,,,,,,,,,,,,,,,,,,,,,,,,,,,,,,,,,,,,,,,,,,,,,,,,,,,,,,,,,,,,,,,,,,,,,,,,,,,,,,,75.44,74.45,76.22,74.42,75.34,74.26,75.08,76.3,75.91,76.28,74.66,75.06,76.09,74.3,75.07,74.64,74.98,74.6,,,,,,,,,,,,,,,,,,,,,,,,,,,,,,,,,,,,
1981,,,,,,,,,,,,,,,,,,,,,,,,,,,,,,,,,,,,,,,,,,,,,,,,,,,,,,,,,,,,,,,,,,,,,,,,,,,,,,,,,,,,,,,,,,,,,,,,,,,,,,,,,,,,,75.61,74.52,76.53,75.04,76.09,74.45,75.72,76.66,75.87,76.37,74.98,75.18,75.65,74.9,75.74,74.93,74.97,74.91,,,,,,,,,,,,,,,,,,,,,,,,,,,,,,,,,,,,
1982,,,,,,,,,,,,,,,,,,,,,,,,,,,,,,,,,,,,,,,,,,,,,,,,,,,,,,,,,,,,,,,,,,,,,,,,,,,,,,,,,,,,,,,,,,,,,,,,,,,,,,,,,,,,,76.22,74.96,77.05,75.13,75.76,74.79,76.09,77.17,76.68,77.18,75.8,75.63,76.61,75.45,75.72,75.74,76.22,75.35,,,,,,,,,,,,,,,,,,,,,,,,,,,,,,,,,,,,
1983,,,,,,,,,,,,,,,,,,,,,,,,,,,,,,,,,,,,,,,,,,,,,,,,,,,,,,,,,,,,,,,,,,,,,,,,,,,,,,,,,,,,,,,,,,,,,,,,,,,,,,,,,,,,,76.02,75.15,76.9,75.46,74.43,74.92,75.92,76.66,76.38,77.14,75.11,75.73,76.21,75.16,75.98,75.6,76.14,75.47,,,,,,,,,,,,,,,,,,,,,,,,,,,,,,,,,,,,
1984,,,,,,,,,,,,,,,,,,,,,,,,,,,,,,,,,,,,,,,,,,,,,,,,,,,,,,,,,,,,,,,,,,,,,,,,,,,,,,,,,,,,,,,,,,,,,,,,,,,,,,,,,,,,,76.39,75.32,76.86,75.57,75.22,75.0,76.68,77.03,76.65,77.25,75.72,76.05,76.74,75.64,76.73,75.9,76.95,75.9,,,,,,,,,,,,,,,,,,,,,,,,,,,,,,,,,,,,
1985,,,,,,,,,,,,,,,,,,,,,,,,,,,,,,,,,,,,,,,,,,,,,,,,,,,,,,,,,,,,,,,,,,,,,,,,,,,,,,,,,,,,,,,,,,,,,,,,,,,,,,,,,,,,,76.34,75.36,76.91,75.53,75.15,75.05,76.44,76.93,76.74,77.32,75.91,75.96,76.77,75.7,76.45,76.01,75.95,75.81,,,,,,,,,,,,,,,,,,,,,,,,,,,,,,,,,,,,
1986,,,,,,,,,,,,,,,,,,,,,,,,,,,,,,,,,,,,,,,,,,,,,,,,,,,,,,,,,,,,,,,,,,,,,,,,,,,,,,,,,,,,,,,,,,,,,,,,,,,,,,,,,,,,,76.61,75.52,77.28,76.0,74.99,75.62,76.89,76.95,76.97,77.64,75.69,75.85,77.48,76.16,76.82,76.01,76.81,76.0,,,,,,,,,,,,,,,,,,,,,,,,,,,,,,,,,,,,
1987,,,,,,,,,,,,,,,,,,,,,,,,,,,,,,,,,,,,,,,,,,,,,,,,,,,,,,,,,,,,,,,,,,,,,,,,,,,,,,,,,,,,,,,,,,,,,,,,,,,,,,,,,,,,,76.84,75.65,77.3,76.0,75.48,75.37,76.92,77.06,77.38,77.74,76.29,76.48,77.32,76.67,77.26,76.54,76.37,76.06,,,,,,,,,,,,,,,,,,,,,,,,,,,,,,,,,,,,
1988,,,,,,,,,,,,,,,,,,,,,,,,,,,,,,,,,,,,,,,,,,,,,,,,,,,,,,,,,,,,,,,,,,,,,,,,,,,,,,,,,,,,,,,,,,,,,,,,,,,,,,,,,,,,,76.86,75.7,77.76,76.0,75.96,75.16,77.04,77.01,77.65,77.83,76.42,76.54,77.25,76.51,77.55,76.61,77.11,75.97,,,,,,,,,,,,,,,,,,,,,,,,,,,,,,,,,,,,
1989,,,,,,,,,,,,,,,,,,,,,,,,,,,,,,,,,,,,,,,,,,,,,,,,,,,,,,,,,,,,,,,,,,,,,,,,,,,,,,,,,,,,,,,,,,,,,,,,,,,,,,,,,,,,,76.9,75.84,77.5,76.27,75.73,75.31,76.96,76.82,77.57,77.96,76.47,76.59,77.43,75.95,77.72,77.05,77.18,76.03,,,,,,,,,,,,,,,,,,,,,,,,,,,,,,,,,,,,
1990,,,,,,,,,,,,,,,,,,,,,,,,,,,,,,,,,,,,,,,,,,,,,,,,,,,,,,,,,,,,,,,,,,,,,,,,,,,,,,,,,,,,,,,,,,,,,,,,,,,,,,,,,,,,,76.91,75.83,77.73,76.08,75.82,75.89,77.0,76.86,77.92,78.03,76.46,76.37,77.24,76.09,77.97,76.83,76.68,76.27,,,,,,,,,,,,,,,,,,,,,,,,,,,,,,,,,,,,
1991,,,,,,,,,,,,,,,,,,,,,,,,,,,,,,,,,,,,,,,,,,,,,,,,,,,,,,,,,,,,,,,,,,,,,,,,,,,,,,,,,,,,,,,,,,,,,,,,,,,,,,,,,,,,,77.07,76.13,78.19,76.46,76.1,76.29,77.62,77.3,77.81,78.44,76.84,76.83,77.58,76.49,78.08,77.11,77.76,76.53,,,,,,,,,,,,,,,,,,,,,,,,,,,,,,,,,,,,
1992,,,,,,,,,,,,,,,,,,,,,,,,,,,,,,,,,,,,,,,,,,,,,,,,,,,,,,,,,,,,,,,,,,,,,,,,,,,,,,,,,,,,,,,,,,,,,,,,,,,,,,,,,,,,,77.51,76.65,78.95,77.1,76.76,76.71,77.75,77.53,78.32,78.84,77.26,77.32,78.1,77.07,78.92,77.66,77.94,76.81,,,,,,,,,,,,,,,,,,,,,,,,,,,,,,,,,,,,
1993,,,,,,,,,,,,,,,,,,,,,,,,,,,,,,,,,,,,,,,,,,,,,,,,,,,,,,,,,,,,,,,,,,,,,,,,,,,,,,,,,,,,,,,,,,,,,,,,,,,,,,,,,,,,,77.66,76.62,78.7,76.89,76.97,76.48,77.96,77.85,78.29,79.04,77.24,77.52,78.32,77.46,78.92,78.04,78.47,77.15,,,,,,,,,,,,,,,,,,,,,,,,,,,,,,,,,,,,
1994,,,,,,,,,,,,,,,,,,,,,,,,,,,,,,,,,,,,,,,,,,,,,,,,,,,,,,,,,,,,,,,,,,,,,,,,,,,,,,,,,,,,,,,,,,,,,,,,,,,,,,,,,,,,,78.03,77.04,78.96,77.57,77.63,77.13,78.48,78.27,78.59,79.49,77.8,77.86,78.75,77.61,79.32,78.35,79.01,77.25,,,,,,,,,,,,,,,,,,,,,,,,,,,,,,,,,,,,
1995,,,,,,,,,,,,,,,,,,,,,,,,,,,,,,,,,,,,,,,,,,,,,,,,,,,,,,,,,,,,,,,,,,,,,,,,,,,,,,,,,,,,,,,,,,,,,,,,,,,,,,,,,,,,,78.12,77.06,78.83,77.37,77.32,77.52,78.25,78.3,79.03,79.6,78.05,77.92,78.81,78.04,79.31,78.16,79.1,77.64,,,,,,,,,,,,,,,,,,,,,,,,,,,,,,,,,,,,
1996,,,,,,,,,,,,,,,,,,,,,,,,,,,,,,,,,,,,,,,,,,,,,,,,,,,,,,,,,,,,,,,,,,,,,,,,,,,,,,,,,,,,,,,,,,,,,,,,,,,,,,,,,,,,,78.26,77.2,79.1,77.59,77.66,77.15,78.57,78.66,78.98,79.64,77.94,77.85,79.18,78.05,79.44,78.19,79.16,77.66,,,,,,,,,,,,,,,,,,,,,,,,,,,,,,,,,,,,
1997,,,,,,,,,,,,,,,,,,,,,,,,,,,,,,,,,,,,,,,,,,,,,,,,,,,,,,,,,,,,,,,,,,,,,,,,,,,,,,,,,,,,,,,,,,,,,,,,,,,,,,,,,,,,,78.76,77.67,79.18,78.31,78.28,77.61,78.8,78.91,79.74,80.03,78.45,78.61,79.97,78.06,80.06,79.04,79.85,77.94,,,,,,,,,,,,,,,,,,,,,,,,,,,,,,,,,,,,
1998,,,,,,,,,,,,,,,,,,,,,,,,,,,,,,,,,,,,,,,,,,,,,,,,,,,,,,,,,,,,,,,,,,,,,,,,,,,,,,,,,,,,,,,,,,,,,,,,,,,,,,,,,,,,,78.87,77.57,79.54,78.36,78.46,77.31,79.55,79.19,79.66,80.02,78.6,78.91,79.93,78.22,79.97,79.0,79.66,78.42,,,,,,,,,,,,,,,,,,,,,,,,,,,,,,,,,,,,
1999,,,,,,,,,,,,,,,,,,,,,,,,,,,,,,,,,,,,,,,,,,,,,,,,,,,,,,,,,,,,,,,,,,,,,,,,,,,,,,,,,,,,,,,,,,,,,,,,,,,,,,,,,,,,,78.87,77.63,79.18,78.4,78.13,77.45,79.23,78.99,79.74,80.2,78.56,79.14,80.19,77.9,80.15,79.4,79.45,78.12,,,,,,,,,,,,,,,,,,,,,,,,,,,,,,,,,,,,
2000,0.91,0.65,0.69,0.82,0.22,0.47,0.46,1.06,0.56,0.64,0.54,0.64,1.58,0.69,0.87,1.16,0.57,0.71,,,,,,,,,,,,,,,,,,,,,,,,,,,,,,,,,,,,,,,,,,,,,,,,,,,,,,,,,,,,,,,,,,,,,,,,,,,,,,,,,,,,,,,,,,,79.34,78.17,79.98,78.79,78.42,77.52,79.35,79.66,80.25,80.59,78.83,79.29,80.36,78.42,80.4,79.61,80.43,78.76,,,,,,,,,,,,,,,,,,,,,,,,,,,,,,,,,,,,
2001,0.95,0.6,0.69,0.69,0.23,0.54,0.57,1.1,0.34,0.82,0.59,0.72,1.67,0.62,1.16,1.36,0.62,0.74,,,,,,,,,,,,,,,,,,,,,,,,,,,,,,,,,,,,,,,,,,,,,,,,,,,,,,,,,,,,,,,,,,,,,,,,,,,,,,,,,,,,,,,,,,,79.67,78.46,80.22,79.5,79.14,78.06,80.27,79.87,80.15,81.07,79.25,79.87,80.58,78.95,81.01,80.18,80.55,78.93,,,,,,,,,,,,,,,,,,,,,,,,,,,,,,,,,,,,
2002,0.99,0.6,0.71,0.62,0.24,0.58,0.53,1.19,0.43,0.8,0.59,0.79,1.76,0.54,1.05,1.29,0.54,0.77,,,,,,,,,,,,,,,,,,,,,,,,,,,,,,,,,,,,,4.969540476839528,3.412535928095425,4.411946464585602,3.249350285506104,1.880956907012301,4.070553691690208,6.330966883219663,6.098834930412549,3.288072863744652,1.683482242727433,2.463028519105418,5.802089322423249,10.49820731686772,3.259694450634712,4.917812931515209,4.98241172381023,3.55423010790529,2.764510159399114,,,,,,,,,,,,,,,,,,,,,,,,,,,,,,,,,,,,,79.76,78.5,80.38,79.52,79.47,78.59,80.11,80.03,80.37,80.8,79.38,80.0,80.81,78.96,80.83,80.16,80.48,79.01,,,,,,,,,,,,,,,,,,,,,,,,,,,,,,,,,,,,
2003,1.05,0.85,0.7,0.67,0.24,0.52,0.45,1.27,0.42,0.86,0.62,0.85,1.69,0.68,1.34,1.39,0.63,0.83,,,,,,,,,,,,,,,,,,,,,,,,,,,,,,,,,,,,,4.549801960807912,3.055275918899876,4.342091243594409,2.591156972821517,3.107519463558307,4.817039581949785,6.17509711587876,5.765611671901292,3.045330720246891,1.680618389700575,1.770331627583741,5.062897433728443,8.923085850140183,3.21571804448177,4.750287839310135,4.934445654876968,3.512220586086359,2.468062955465091,,,,,,,,,,,,,,,,,,,,,,,,,,,,,,,,,,,,,79.7,78.38,80.2,79.18,79.78,78.61,80.39,79.99,80.52,80.94,79.03,79.87,80.63,79.11,80.91,80.26,80.6,79.04,,,,,,,,,,,,,,,,,,,,,,,,,,,,,,,,,,,,
2004,1.06,0.76,0.69,0.65,0.26,0.58,0.44,1.33,0.41,0.93,0.41,0.85,1.64,0.65,1.8,1.51,0.66,0.89,67.8,60.6,76.2,73.1,57.8,66.7,73.3,65.9,62.6,76.7,60.8,75.7,74.4,56.4,79.0,86.2,63.7,64.3,,,,,,,,,,,,,,,,,,,4.084746790388881,2.846590758013176,3.920628462698081,2.248354737309468,3.855417887575288,5.194056805668266,5.682329755164756,5.468235707620888,2.958821924823292,1.97744554444897,1.054877157571413,4.224531327786464,7.193630531020997,2.930644560576359,4.419912805183214,4.946979451327483,2.956561632602075,2.187729411156837,,,,,,,,,,,,,,,,,,,,,,,,,,,,,,,,,,,,,80.29,78.89,80.44,79.84,80.27,78.77,80.82,80.63,80.9,81.47,79.82,80.63,81.24,79.54,81.46,80.78,81.35,79.8,,,,,,,,,,,,,,,,,,,,,,,,,,,,,,,,,,,,
2005,1.12,0.84,0.79,0.7,0.27,0.58,0.45,1.35,0.41,0.89,0.68,0.87,1.81,0.73,1.68,1.48,0.66,0.98,69.0,62.0,76.6,79.5,60.3,69.2,78.1,66.9,63.2,74.6,63.2,77.1,73.6,60.2,82.1,85.3,70.3,67.8,,,,,,,,,,,,,,,,,,,3.729405390152171,2.580377976401177,3.555769948971139,2.438759997274631,4.493639552524911,5.536710071288642,4.583154676310388,5.087135477274892,2.707171319459909,2.031243169474322,1.040460150853996,3.588323312489071,5.626618751346498,3.133583600698858,4.634571948553852,4.618893447314532,2.926717033771326,2.186690505147943,,,,,,,,,,,,,,,,,,,,,,,,,,,,,,,,,,,,,80.28,78.92,80.63,79.9,80.33,79.1,81.07,80.47,80.83,81.29,79.6,80.51,81.5,79.71,81.62,80.86,80.97,79.65,,,,,,,,,,,,,,,,,,,,,,,,,,,,,,,,,,,,
2006,1.2,0.89,0.87,0.88,0.29,0.65,0.79,1.42,0.47,0.97,0.72,0.89,1.96,0.76,1.91,1.58,1.04,0.95,69.7,62.0,75.4,76.9,64.0,65.1,76.5,71.5,61.2,76.4,64.2,75.5,74.2,61.4,87.0,85.4,73.4,68.9,,,,,,,,,,,,,,,,,,,3.727946550256012,2.277063290957725,3.386125929009491,2.708086618044158,3.812678281486917,5.411188723133638,4.188769323440862,5.222548861522669,2.83407559466804,2.245805724436408,1.178686865333946,3.644936638548212,5.325426741982042,3.389717470482575,5.642191837082678,4.416440732275209,3.949595519739741,2.422791380610939,,,,,,,,,,,,,,,,,,,,,,,,,,,,,,,,,,,,,80.94,79.63,81.41,80.19,80.85,79.61,80.99,81.28,81.68,81.94,80.43,80.81,82.06,80.27,82.02,81.49,81.88,80.44,,,,,,,,,,,,,,,,,,,,,,,,,,,,,,,,,,,,
2007,1.27,1.02,0.9,0.92,0.33,0.64,0.88,1.48,0.6,1.1,0.74,1.03,1.92,0.91,1.88,1.87,1.16,0.95,69.2,62.9,74.5,76.9,57.9,63.6,74.5,68.8,62.7,76.3,65.6,76.5,74.2,60.8,83.7,85.7,69.4,68.8,,,,,,,,,,,,,,,,,,,3.827062514985332,2.415144303424171,3.481816526633562,2.649845076497116,3.400659383689762,6.103026257911026,4.642215887015205,5.067260252192346,3.052995201724596,2.462622751745164,1.335337840601839,4.095601110066975,5.193912419120307,3.271197193079702,5.981816483099379,3.9928481711877,4.396395895591138,2.533423698555545,,,,,,,,,,,,,,,,,,,,,,,,,,,,,,,,,,,,,80.97,79.66,81.39,80.37,81.26,79.78,80.99,81.34,81.42,81.87,80.48,80.89,82.08,80.3,82.2,81.34,81.49,80.48,,,,,,,,,,,,,,,,,,,,,,,,,,,,,,,,,,,,
2008,1.35,1.03,1.03,0.97,0.36,0.63,1.01,1.62,0.72,1.27,0.86,1.04,2.02,0.86,1.94,1.98,1.01,1.05,68.3,62.1,74.2,80.0,57.5,65.9,77.1,67.1,61.6,73.6,66.2,76.4,72.9,59.4,81.2,85.2,63.0,67.4,,,,,,,,,,,,,,,,,,,4.091676895413825,2.724905926769595,3.095648431727496,2.792485932946417,3.523030456888306,7.039885799247988,5.361454548481474,5.602390340393573,3.606686003132561,2.620231655276698,1.643912611555459,4.66220639791244,4.966204493581179,4.16145221927906,6.216940314009933,3.712986358107142,6.002988921586352,2.434127138868849,,,,,,,,,,,,,,,,,,,,,,,,,,,,,,,,,,,,,81.3,79.93,81.84,80.7,81.19,79.8,81.62,81.63,81.77,82.22,81.03,81.31,82.58,80.43,82.29,81.74,81.93,80.85,,,,,,,,,,,,,,,,,,,,,,,,,,,,,,,,,,,,
2009,1.39,1.11,1.12,1.01,0.38,0.6,1.17,1.7,0.63,1.15,0.9,0.94,2.05,0.87,2.19,2.13,1.08,1.11,69.1,62.8,75.0,78.7,59.7,69.3,75.8,68.1,65.4,73.1,65.9,74.2,73.8,63.2,81.3,83.4,68.1,68.1,,,,,,,,,,,,,,,,,,,4.0890800266593,3.128548163833834,2.502854994083458,2.202930002695017,3.48888041784831,6.604981275246589,5.679343745123267,5.97939776861273,3.279649566536212,2.200597114039899,1.314071143270821,4.92268266134531,5.021092177768544,3.66827645282911,6.077055454669012,3.471274847597382,6.376755740738917,2.468809661003012,,,,,,,,,,,,,,,,,,,,,,,,,,,,,,,,,,,,,81.66,80.3,81.96,81.09,81.15,80.91,81.96,81.89,82.29,82.67,81.05,81.46,82.93,80.9,82.9,81.98,82.52,81.27,,,,,,,,,,,,,,,,,,,,,,,,,,,,,,,,,,,,
2010,1.4,1.22,1.13,1.06,0.43,0.63,1.24,1.66,0.69,1.11,0.88,0.94,2.06,0.92,2.04,2.03,1.06,1.08,71.8,65.4,76.2,77.8,63.5,70.2,76.1,71.1,66.6,76.6,68.4,77.2,77.7,65.1,83.2,86.9,72.8,71.6,,,,,,,,,,,,,,,,,,,4.234556545983377,3.505797401549196,2.068057932052986,2.403401083654252,3.607318047517007,5.671804245051089,6.142383724199065,6.039852345092319,4.092993110196732,2.558308248191808,1.17487442443829,5.025896712635565,5.285839462836877,4.144402525666477,6.311984930603107,3.68355273653541,6.029601045338564,2.615838026517849,,,,,,,,,,,,,,,,,,,,,,,,,,,,,,,,,,,,,82.07,80.76,82.18,81.18,81.56,81.39,82.06,82.26,82.71,82.9,81.21,81.93,83.39,81.62,83.68,82.42,82.95,81.55,,,,,,,,,,,,,,,,,,,79.3,71.7,85.8,88.5,77.3,70.3,79.9,85.3,71.7,80.5,64.3,81.9,85.6,70.2,89.3,88.3,78.8,77.3
2011,1.36,1.16,0.97,0.97,0.37,0.6,1.11,1.6,0.7,1.04,0.85,0.94,2.0,0.86,2.12,2.15,1.02,1.05,73.7,67.9,77.2,78.1,70.3,69.1,78.6,73.8,68.5,72.5,69.9,79.6,80.5,69.7,88.0,86.2,69.4,73.3,,,,,,,,,,,,,,,,,,,4.33016562293663,3.891091551692987,1.76227621254842,2.505000681562276,4.166447780779532,5.309045107701563,6.868899375678715,5.941304981265636,4.706883064233154,2.877306601131514,1.382421696012932,4.775455934566134,5.423605016241773,3.922259497481238,5.50270661664833,3.311440715849459,5.466591875488924,2.864519760914423,,,,,,,,,,,,,,,,,,,,,,,,,,,,,,,,,,,,,82.25,80.88,82.33,81.3,81.93,81.29,82.42,82.57,82.77,83.17,81.74,82.11,83.63,81.71,83.47,82.46,82.85,81.76,,,,,,,,,,,,,,,,,,,79.4,69.3,84.5,85.9,79.0,69.9,83.3,85.8,70.6,82.4,68.3,83.9,86.0,74.2,91.9,86.2,79.4,78.0
2012,1.29,1.06,0.97,0.92,0.34,0.55,1.03,1.54,0.61,1.17,0.73,0.9,1.75,0.85,2.0,2.3,0.9,1.05,75.3,71.2,79.6,80.2,71.1,72.0,85.8,75.8,72.5,78.3,67.4,77.3,78.5,73.1,87.0,87.6,75.7,74.1,,,,,,,,,,,,,,,,,,,4.557915004606003,4.412136926438159,1.795421142244066,2.737103152687843,4.519860223712172,5.908149993492035,7.378129420669747,6.066466197437586,4.647451785731029,2.894087786258672,1.254174198632088,5.039222410601148,5.426391341322729,3.694643037211093,5.041637669128984,2.915198442102173,5.812027001946503,3.267802164674192,,,,,,,,,,,,,,,,,,,,,,,,,,,,,,,,,,,,,82.26,80.9,82.65,81.52,81.85,81.42,82.54,82.49,82.69,83.16,81.43,82.23,83.64,81.72,83.42,82.75,82.66,81.85,,,,,,,,,,,,,,,,,,,79.2,71.7,85.5,87.0,80.1,66.4,82.3,84.2,70.0,84.1,70.6,81.7,85.8,74.8,93.0,86.7,83.2,75.0
2013,1.27,1.07,0.92,0.89,0.33,0.53,0.92,1.53,0.55,1.04,0.74,0.87,1.78,0.83,1.83,2.16,0.81,1.05,76.4,71.3,81.1,80.9,70.2,72.5,87.9,75.3,72.6,80.8,70.8,79.8,80.3,73.7,87.1,90.1,78.3,78.3,,,,,,,,,,,,,,,,,,,5.036319328462263,5.280165386986895,1.917177030334154,2.597332419697641,4.065797212511313,6.985336321336595,7.639448336099379,6.600990146283937,5.452037672949935,2.282940290373071,1.149406993735991,5.649843071400021,5.728181312674357,4.88938427518046,5.188802418837813,2.62624767087346,6.353556645617529,3.485103650250586,,,,,,,,,,,,,,,,,,,,,,,,,,,,,,,,,,,,,82.77,81.48,83.07,82.19,82.56,81.98,82.96,82.97,83.08,83.48,81.85,82.6,84.13,82.27,83.49,83.13,83.61,82.35,,,,,,,,,,,,,,,,,,,79.6,70.9,83.9,85.9,80.2,71.6,82.2,86.1,68.7,82.5,69.1,82.8,86.6,73.2,90.1,89.5,80.7,76.4
2014,1.23,1.05,0.92,0.83,0.31,0.5,0.84,1.49,0.53,1.03,0.66,0.88,1.69,0.86,1.78,2.09,0.92,1.04,78.1,72.3,81.6,86.4,67.9,76.2,90.3,77.8,77.8,83.2,77.1,81.5,81.7,75.9,88.2,90.6,78.9,76.6,,,,,,,,,,,,,,,,,,,4.79579566972942,5.294692456170768,1.902904376835848,2.002282379823811,3.234159445062734,7.540652849276658,7.454589168445663,6.559299571153338,5.76495706548322,1.758217061752684,1.225400461695837,4.959933451989137,5.236562605512896,5.368646429743707,4.563290072798655,2.136894483490802,6.521242623120806,3.062941182229711,,,,,,,,,,,,,,,,,,,1285.0,297.0,50.0,27.0,60.0,38.0,15.0,214.0,58.0,55.0,13.0,62.0,102.0,20.0,24.0,117.0,1.0,119.0,82.91,81.7,82.85,82.11,82.6,81.86,82.78,83.17,83.28,83.6,82.35,82.91,84.2,82.47,83.45,83.35,83.78,82.39,,,,,,,,,,,,,,,,,,,77.8,66.7,83.1,83.3,82.1,72.4,79.4,84.2,71.6,79.6,66.9,84.6,85.3,62.8,88.1,89.8,83.8,73.8
2015,1.21,1.01,0.91,0.74,0.31,0.51,0.83,1.5,0.53,1.01,0.63,0.87,1.69,0.84,1.63,1.95,0.89,1.0,80.0,75.1,80.5,83.2,73.3,78.1,89.7,81.1,79.2,83.3,75.5,83.0,84.4,76.4,89.2,90.3,78.5,78.6,,,,,,,,,,,,,,,,,,,4.404972668483898,5.036101234155326,2.046993434649452,1.838493827987906,3.421096055753086,6.442759003995045,6.389025519787936,6.321011837619364,5.36019327978762,1.799657569604634,1.23953931580161,4.209585529244261,4.408517352845767,5.460327962744465,4.404708068749141,2.137472420987442,5.798311485632792,2.874884919547742,,,,,,,,,,,,,,,,,,,1328.0,142.0,32.0,22.0,25.0,35.0,9.0,277.0,73.0,55.0,30.0,64.0,159.0,31.0,31.0,201.0,11.0,123.0,82.67,81.35,82.74,82.21,82.28,81.69,82.69,83.08,82.83,83.58,82.04,82.61,83.97,82.21,83.75,83.09,83.37,82.2,,,,,,,,,,,,,,,,,,,77.9,64.3,85.6,83.3,78.3,71.5,85.1,86.1,71.5,81.7,71.0,80.6,84.9,68.2,90.4,89.1,82.9,74.7
2016,1.18,0.91,0.9,0.74,0.31,0.48,0.83,1.45,0.55,1.11,0.56,0.86,1.63,0.9,1.63,1.94,0.83,1.0,81.0,76.9,80.9,83.4,73.2,81.1,91.4,82.0,76.8,82.7,79.6,84.8,85.4,73.6,86.6,92.1,82.2,79.8,366362.0,62770.0,9097.0,6810.0,12099.0,17143.0,4491.0,74512.0,12822.0,13599.0,6665.0,19862.0,55929.0,10270.0,3739.0,11838.0,2428.0,41239.0,4.283397473269967,4.973153405065457,2.346029395134447,1.986910395224711,3.534946970758409,5.448087427570519,5.50414618004376,6.727171198446936,4.728547166961881,2.200326562006942,1.207234822032316,3.813093360507783,3.789795641501065,4.606746413142035,4.865057685011943,2.502792864239384,6.55568070100701,3.074132588539,73.37390113432025,71.71728847666041,73.68532698532356,69.22526217151123,74.54634809919295,75.75982171306379,73.11089833268292,73.9809700970141,70.32917345400405,65.72394694232916,68.98453902019361,68.17482764952754,80.61251372764463,73.83458342477714,72.90618710777554,76.01585627647248,69.27593191157358,73.23504729341089,1272.0,152.0,28.0,29.0,25.0,18.0,17.0,282.0,56.0,49.0,31.0,60.0,171.0,37.0,31.0,141.0,12.0,127.0,83.08,81.83,83.33,82.38,82.86,81.97,83.14,83.42,83.24,83.82,82.31,82.65,84.5,82.51,83.81,83.43,83.8,82.55,66.48,68.2,72.3,71.1,64.1,66.8,73.0,66.2,73.2,73.3,72.0,69.6,74.3,71.1,70.0,67.5,74.3,74.0,77.7,64.6,84.3,86.6,84.5,65.0,84.7,86.8,68.3,82.3,69.6,81.0,81.8,71.1,91.0,91.0,88.1,75.6
2017,1.2,0.91,0.87,0.81,0.36,0.51,0.82,1.47,0.56,1.22,0.57,0.94,1.65,0.9,1.74,1.94,0.89,1.0,81.7,76.5,83.6,85.2,73.5,82.5,91.1,83.0,77.9,83.3,80.8,85.1,86.1,76.9,88.7,93.0,87.1,79.7,336000.0,57312.0,7202.0,6231.0,11585.0,16121.0,3439.0,63042.0,11682.0,12187.0,6542.0,17312.0,56434.0,9837.0,3548.0,11813.0,1756.0,38937.0,4.393610534163773,5.075240055454751,2.503124528913331,2.267596028121451,3.120669363586658,5.392353728982807,4.636130642671535,6.898434071169234,4.602326987277555,2.492342329242025,1.491118086152899,3.627374548170792,3.946045923845236,3.395397355615958,5.625343241353268,2.861213198728894,7.674551065385822,3.6321639590855,75.92299032061183,74.7641607047936,78.80941260816408,70.45321973560007,81.19438997222447,76.78869617809015,77.89160986773476,75.46683814231976,72.28150497514116,69.08823304094102,70.41088499134605,70.40928992104102,82.21016425173477,78.9348289100951,80.08961617338372,79.98214940939425,71.66858918761315,75.19269416433289,1419.0,135.0,31.0,14.0,21.0,42.0,3.0,516.0,39.0,62.0,18.0,41.0,180.0,30.0,14.0,134.0,5.0,121.0,83.05,81.81,83.22,82.59,82.68,82.13,83.31,83.32,83.0,83.82,82.27,83.06,84.48,82.4,83.8,83.55,83.61,82.47,68.24000000000001,69.9,73.06666666666666,70.8,64.36666666666666,67.23333333333333,72.93333333333334,69.0,73.9,74.06666666666666,72.73333333333333,69.7,75.66666666666667,71.63333333333333,70.73333333333333,68.93333333333334,75.26666666666667,74.76666666666667,78.4,69.0,86.7,87.4,78.7,69.5,82.4,85.0,71.9,84.6,61.2,81.3,83.1,69.9,91.7,90.3,90.3,74.4
2018,1.23,0.91,0.91,0.81,0.39,0.48,0.85,1.52,0.52,1.31,0.59,0.94,1.68,0.96,1.7,2.02,0.8,1.04,82.1,78.1,84.2,87.4,75.6,79.1,90.2,83.0,79.5,86.1,79.1,85.7,85.6,75.9,88.6,93.1,82.9,79.8,376785.0,68472.0,7871.0,6639.0,12602.0,19572.0,3697.0,66641.0,13204.0,13438.0,7099.0,18902.0,63137.0,11237.0,3923.0,11640.0,1835.0,45615.0,4.891679275646091,5.740457001832208,3.403912713544954,3.135355859830011,2.830950832282168,5.823218918070404,4.511921864156345,7.164719500015151,5.611507050266722,2.661566570853395,2.907983778862434,4.190648428163152,4.519065077620772,4.123420715503001,6.671274539933697,3.503870317232513,8.497774082675763,3.886215610234009,78.91765436892632,77.09095859334792,81.24678656503947,75.86529883525981,82.62554674438707,82.5037172825295,76.4210262130373,79.71573748641644,73.00689638518247,71.289536039135,70.2238251861879,74.5447214932119,84.74685599173999,80.09767635534124,78.52182704928083,81.4845284033799,74.26639794275637,80.21970073144705,1598.0,165.0,33.0,34.0,30.0,31.0,14.0,600.0,33.0,57.0,16.0,42.0,234.0,22.0,10.0,121.0,23.0,125.0,83.15,81.73,83.44,82.64,82.97,81.79,83.33,83.4,83.42,83.92,82.53,83.09,84.73,82.64,84.14,83.65,83.63,82.53,70.0,71.6,73.83333333333333,70.5,64.63333333333334,67.66666666666666,72.86666666666666,71.8,74.6,74.83333333333333,73.46666666666667,69.8,77.03333333333333,72.16666666666667,71.46666666666667,70.36666666666666,76.23333333333333,75.53333333333333,78.5,68.0,85.8,86.0,84.6,67.9,80.1,86.4,70.1,83.9,62.4,81.2,83.9,71.4,91.1,91.4,83.4,74.0
2019,1.24,0.92,0.93,0.83,0.39,0.48,0.83,1.5,0.58,1.34,0.66,0.97,1.68,0.98,1.69,1.99,0.76,1.08,82.7,78.4,85.4,87.6,75.8,79.2,87.2,81.0,79.8,85.7,79.5,87.4,88.1,77.4,86.1,93.3,86.1,83.6,365893.0,64794.0,7843.0,6118.0,12148.0,18197.0,3448.0,69651.0,12549.0,12887.0,6400.0,16982.0,61550.0,10631.0,3647.0,12847.0,1740.0,43357.0,5.503430294552086,6.45754880188016,4.601252581603099,4.528058385843273,2.8593383802981,6.474130249450775,4.682133337174204,6.993406594571876,7.644158800374671,3.205525686121607,4.639910700517418,3.910594922973444,5.199569204653728,5.659776127766692,8.073931487534365,4.621816899420093,9.365445653649315,4.393665693971008,84.3864280303794,83.40497133951851,84.53729967012372,83.01818346453302,88.42027484462264,86.67557471132001,82.69943612866514,86.77700880385089,78.86858169817003,78.16570696676214,80.55765528952793,81.1750636079259,87.93076168312166,84.09194279674172,84.87434228515323,84.37025116935963,81.0027321702759,84.38115618558099,1706.0,201.0,37.0,37.0,38.0,52.0,17.0,515.0,51.0,78.0,20.0,76.0,258.0,25.0,31.0,103.0,6.0,144.0,83.53,82.2,83.88,82.84,83.4,82.42,83.58,83.82,83.57,84.2,82.84,83.51,84.93,82.62,84.55,83.98,83.83,82.95,71.76,73.3,74.6,70.2,64.9,68.1,72.8,74.6,75.3,75.6,74.2,69.9,78.4,72.7,72.2,71.8,77.2,76.3,79.3,68.7,82.1,79.3,88.0,71.5,82.7,86.1,73.8,87.1,68.5,80.0,85.0,72.3,92.3,90.0,87.7,76.3
2020,1.4,1.08,0.94,0.91,0.52,0.58,0.92,1.68,0.65,1.38,0.64,1.09,1.92,1.12,1.91,2.19,0.79,1.17,84.0,78.2,85.8,91.1,78.7,81.8,90.9,82.6,81.3,84.6,81.6,88.0,90.0,81.3,89.2,93.5,85.4,84.5,278525.0,51269.0,5733.0,4674.0,9662.0,12901.0,2635.0,50406.0,9583.0,9581.0,4616.0,13439.0,45152.0,8545.0,3207.0,10658.0,1367.0,34343.0,6.053537561000217,7.106117922678308,5.70073085812451,4.565132015261596,3.548622391161234,7.588405318578447,5.309909334524359,6.912308769423555,9.247281270242398,3.794851698158171,5.303618903450545,4.432294020276891,5.310242498404557,7.275149580319419,8.974071460947718,5.250749365232467,10.77612399058283,4.776619192310301,88.616792860255,89.35922825694065,88.18052993581644,83.67288353454366,90.64436921107442,92.0257451410978,87.82718238697716,89.11327518831747,84.29720484113756,83.65390929568454,86.85724329465683,84.20448319492127,91.7856432427395,88.36391370466217,88.8844727185917,87.65978792346468,85.39179437638104,89.4857835486764,1401.0,156.0,25.0,24.0,29.0,48.0,13.0,236.0,49.0,56.0,23.0,46.0,225.0,26.0,51.0,221.0,4.0,151.0,82.28,81.51,82.38,82.1,83.11,82.26,83.0,82.25,81.22,82.53,81.83,83.33,82.27,82.26,83.33,83.18,82.5,82.32,71.42,72.2025,74.225,70.4,65.05000000000001,68.625,72.925,72.3,75.075,75.27499999999999,74.125,70.7,77.325,72.35,71.425,70.75,76.575,75.625,79.0,71.5,84.0,77.8,85.9,70.1,82.0,83.3,74.9,84.9,68.6,77.9,84.6,75.0,90.1,90.0,85.0,75.4
2021,1.4,1.02,1.0,0.87,0.48,0.58,0.94,1.74,0.77,1.34,0.69,1.08,1.89,1.05,1.87,2.3,0.74,1.16,86.7,82.3,87.0,87.8,84.6,88.0,93.7,85.1,84.5,87.3,85.7,91.3,90.2,83.4,91.6,94.7,86.9,86.8,314033.0,55881.0,6600.0,5182.0,10998.0,15610.0,2930.0,59273.0,10809.0,10559.0,5434.0,15167.0,52421.0,9172.0,3380.0,11173.0,1478.0,37175.0,5.54346523811713,6.822581712508363,5.317975535551168,3.103683030821798,3.341110184100226,7.78194540016297,5.861756250970516,6.379892837949919,9.572808711893307,3.234832057351822,4.200471769252914,4.359372711316673,4.483219445998586,6.850721288502542,7.63227240232788,4.559027371946339,7.751730523437094,4.565318580203315,90.52070243590369,89.23166864681036,88.52894549614601,88.4611428290887,92.90726278442509,94.00484538621842,89.95458789686323,92.24391580929164,87.91683960900023,86.9236266330833,87.93703783816358,86.94066085281139,93.29488972004091,91.49953362695706,90.15157831083378,90.57670143885169,87.64322827024856,90.67167731334176,1802.0,191.0,40.0,40.0,56.0,66.0,13.0,285.0,46.0,90.0,17.0,73.0,333.0,31.0,45.0,264.0,11.0,194.0,83.03,81.46,83.25,82.75,83.0,82.12,83.63,83.34,83.02,83.94,82.19,83.41,84.56,82.21,84.26,83.7,83.27,82.21,71.08000000000001,71.10499999999999,73.85,70.6,65.2,69.15,73.05,70.0,74.85,74.94999999999999,74.05000000000001,71.5,76.25,72.0,70.65,69.69999999999999,75.95,74.94999999999999,78.3,67.7,84.2,79.6,82.4,71.6,84.6,85.2,72.6,82.1,67.7,79.8,84.8,72.3,90.2,87.8,83.9,74.9
2022,1.4,1.03,1.02,0.82,0.44,0.56,0.89,1.87,0.63,1.32,0.67,1.05,1.92,1.04,1.77,2.21,0.84,1.16,86.1,84.5,87.5,88.1,82.7,87.7,91.0,82.5,83.8,89.3,89.4,90.1,88.8,81.6,94.8,93.9,88.2,84.0,301406.0,54025.0,6110.0,4772.0,11624.0,16454.0,2869.0,55528.0,10201.0,10016.0,5238.0,14156.0,49472.0,8667.0,2887.0,10444.0,1322.0,36795.0,6.08459697266105,6.974798765630026,5.230842136449369,4.09389817375169,4.590080878323287,7.931527234630382,7.408821563893494,6.868017248283939,8.986841761919651,4.013749201326201,4.761073459059829,4.953827303285509,5.456338391517807,7.73201372149558,7.398196915997319,5.251227464538374,7.11711973326206,5.335984051444095,91.65150269417848,91.54720077577832,90.6440197830908,88.83106198931526,92.96802505925562,94.98057893185512,89.62883885427239,93.13594934750527,88.71550857808819,88.39001699619074,89.24605466232379,88.22218011617937,94.23803557531012,92.65668574743596,91.30272916312448,91.06392102469354,86.8103570451565,91.0429846115868,1869.0,207.0,31.0,36.0,39.0,78.0,28.0,253.0,75.0,64.0,21.0,85.0,237.0,24.0,82.0,407.0,6.0,188.0,83.08,81.86,83.06,82.46,82.9,81.78,83.06,83.49,83.33,83.68,82.4,83.23,84.76,82.05,83.85,83.49,83.2,82.47,70.74000000000001,70.0075,73.475,70.8,65.35,69.675,73.175,67.7,74.625,74.625,73.97500000000001,72.3,75.175,71.65,69.875,68.64999999999999,75.325,74.27499999999999,79.6,70.9,85.0,79.9,83.1,70.6,85.2,85.5,73.9,82.2,70.0,82.0,85.2,73.7,89.1,87.8,83.4,77.7
2023,1.49,1.14,1.17,0.98,0.49,0.57,0.97,1.9,0.63,1.37,0.71,1.25,2.04,1.08,1.79,2.38,0.92,1.23,86.3,83.1,89.2,89.5,82.0,85.3,92.7,85.2,83.4,89.7,90.1,90.9,88.6,80.8,93.5,93.3,90.3,85.0,319085.0,56776.0,6630.0,5127.0,11865.0,15494.0,3014.0,60412.0,10759.0,10580.0,5295.0,14448.0,52854.0,9377.0,2987.0,11094.0,1532.0,40059.0,7.229388998400227,7.748168096946321,6.016346203765774,5.216364883159438,5.984980853553775,8.35711105321729,8.592704819060064,8.045655534873282,9.326388063966592,4.990725011561403,6.088939427507062,5.844484934950128,6.959411073682962,9.834848553268303,9.648981149552222,6.871080297683147,8.987736846366083,6.624871942513179,92.20671430816142,92.14110719452572,91.72111213880218,90.8277696923048,93.89328768360056,95.3966251397878,91.37682914507069,93.40637843021464,89.88172395295754,87.29754654026412,87.41478574994484,89.36230816752588,94.92153617499712,93.20061977766456,90.93147193471832,92.2676731548622,86.94311714014125,91.845103637006,2268.0,330.0,41.0,70.0,57.0,84.0,20.0,308.0,81.0,115.0,21.0,123.0,318.0,49.0,95.0,271.0,17.0,251.0,83.77,82.49,84.07,83.11,83.71,82.46,84.2,83.96,83.78,84.54,83.06,83.62,85.39,82.82,84.79,84.42,84.17,83.1,70.4,68.91,73.1,71.0,65.5,70.2,73.3,65.4,74.4,74.3,73.9,73.1,74.1,71.3,69.1,67.6,74.7,73.6,79.8,69.5,84.9,81.4,84.7,73.9,84.8,86.1,74.5,81.8,72.4,80.6,87.1,75.8,86.2,89.8,83.1,75.7
2024,1.5,1.09,1.16,1.03,0.4,0.52,0.98,1.82,0.55,1.37,0.7,1.3,2.18,1.12,2.34,2.3,0.91,1.22,87.0,84.5,88.1,89.5,79.9,86.9,94.5,86.3,85.4,89.2,87.0,89.2,89.5,81.8,90.1,95.0,83.0,87.1,,,,,,,,,,,,,,,,,,,8.027245948207575,8.125773947301015,5.785838773818904,4.397998105618079,6.446391925898367,9.25076823105053,8.159235726808898,9.067358955444064,9.873928081817624,4.267331626294046,6.679266164376869,6.274600234408716,8.254099311858122,11.37639255539702,10.09956721308999,8.169099896678402,8.981171890935993,7.938742357082255,93.061761592229,92.9147945427678,91.76471724414984,89.13818416976305,94.97687742546395,95.85243620606715,91.82950390929123,94.5511510417684,90.39554828411228,89.10344414856108,90.6027475345898,91.22057004684903,95.18537852893364,93.84105670885724,92.39290202570392,91.8711635000454,87.67139108439488,93.348844658074,1955.0,223.0,52.0,45.0,51.0,78.0,22.0,291.0,63.0,93.0,22.0,77.0,272.0,48.0,95.0,241.0,13.0,254.0,84.01,82.82,84.24,83.32,83.46,82.79,83.89,84.24,83.85,84.67,83.13,84.09,85.58,83.39,84.66,84.64,83.9,83.4,,,,,,,,,,,,,,,,,,,80.3,70.8,84.9,84.4,88.7,75.4,82.7,87.1,72.6,81.5,72.5,85.8,85.7,74.0,85.8,90.6,80.6,75.2
2025,,,,,,,,,,,,,,,,,,,,,,,,,,,,,,,,,,,,,,,,,,,,,,,,,,,,,,,8.69543980079726,7.914562287537057,6.07889801898069,5.556184375235082,6.597676264773982,10.65961678563361,8.188616268373295,9.457847702070662,10.96671155046574,4.16678573711606,6.981568421478298,6.660463847856945,9.970053261534222,11.04300926408558,9.543921357293074,9.05800347088328,9.147151262900085,8.827634818577874,93.64765891405855,93.26011660656036,93.4585355986318,89.61439628777002,94.9948953178542,95.850818104687,91.60013305680852,95.68392282556567,92.32272977218383,88.93534161674282,88.78516825054137,91.31236817857872,95.85760490516212,94.96781704135476,93.05447135261429,92.86149015295744,89.90904983755156,93.77715535411336,,,,,,,,,,,,,,,,,,,,,,,,,,,,,,,,,,,,,,,,,,,,,,,,,,,,,,,80.5,72.3,86.4,82.8,88.4,77.1,86.1,85.7,74.1,80.2,73.8,84.0,87.3,73.3,87.7,90.7,81.6,74.0
