Periodo,Dominio,Pilar,Indicador,Score,Pilar_Geom,Pilar_Aritm,Penalizacion_Deseq,Es_Cuello_Botella,Es_Fortaleza,Dispersion
2016Q1,Sociedades Inclusivas,3. Gobernanza,GOB_DES,78.21749096492039,46.558313967448804,52.96547095875881,6.4071569913100035,False,True,50.50404001232316
2016Q1,Sociedades Inclusivas,3. Gobernanza,GOB_EFF,27.713450952597228,46.558313967448804,52.96547095875881,6.4071569913100035,True,False,50.50404001232316
2016Q2,Sociedades Inclusivas,3. Gobernanza,GOB_DES,76.79324917916712,44.53872622295293,51.312461298973005,6.773735076020074,False,True,50.96157576038823
2016Q2,Sociedades Inclusivas,3. Gobernanza,GOB_EFF,25.831673418778895,44.53872622295293,51.312461298973005,6.773735076020074,True,False,50.96157576038823
2016Q3,Sociedades Inclusivas,3. Gobernanza,GOB_DES,88.91489464592183,43.429606935872684,55.0638297863006,11.634222850427918,False,True,67.70212971924246
2016Q3,Sociedades Inclusivas,3. Gobernanza,GOB_EFF,21.212764926679363,43.429606935872684,55.0638297863006,11.634222850427918,True,False,67.70212971924246
2016Q4,Sociedades Inclusivas,3. Gobernanza,GOB_DES,74.92971043878867,43.25175613444336,49.94798372582021,6.6962275913768465,False,True,49.963453425936926
2016Q4,Sociedades Inclusivas,3. Gobernanza,GOB_EFF,24.96625701285175,43.25175613444336,49.94798372582021,6.6962275913768465,True,False,49.963453425936926
2017Q1,Sociedades Inclusivas,3. Gobernanza,GOB_DES,74.54835144092633,42.69583339557537,49.50069819955017,6.804864803974802,False,True,50.09530648275231
2017Q1,Sociedades Inclusivas,3. Gobernanza,GOB_EFF,24.453044958174022,42.69583339557537,49.50069819955017,6.804864803974802,True,False,50.09530648275231
2017Q2,Sociedades Inclusivas,3. Gobernanza,GOB_DES,82.98352243346686,47.790099471752185,55.25288836912148,7.462788897369293,False,True,55.461268128690755
2017Q2,Sociedades Inclusivas,3. Gobernanza,GOB_EFF,27.522254304776105,47.790099471752185,55.25288836912148,7.462788897369293,True,False,55.461268128690755
2017Q3,Sociedades Inclusivas,3. Gobernanza,GOB_DES,76.5222237774251,49.659426160848064,54.37446095837352,4.715034797525455,False,True,44.295525638103165
2017Q3,Sociedades Inclusivas,3. Gobernanza,GOB_EFF,32.22669813932193,49.659426160848064,54.37446095837352,4.715034797525455,True,False,44.295525638103165
2017Q4,Sociedades Inclusivas,3. Gobernanza,GOB_DES,69.94399924215732,44.857522849240276,49.35634551187884,4.498822662638567,False,True,41.17530746055696
2017Q4,Sociedades Inclusivas,3. Gobernanza,GOB_EFF,28.76869178160036,44.857522849240276,49.35634551187884,4.498822662638567,True,False,41.17530746055696
2018Q1,Sociedades Inclusivas,3. Gobernanza,GOB_DES,71.96438145080435,43.17810412414689,48.9354645406587,5.757360416511808,False,True,46.057833820291314
2018Q1,Sociedades Inclusivas,3. Gobernanza,GOB_EFF,25.90654763051304,43.17810412414689,48.9354645406587,5.757360416511808,True,False,46.057833820291314
2018Q2,Sociedades Inclusivas,3. Gobernanza,GOB_DES,84.19516373161744,48.22951914632891,55.91124059626025,7.681721449931338,False,True,56.567846270714384
2018Q2,Sociedades Inclusivas,3. Gobernanza,GOB_EFF,27.62731746090306,48.22951914632891,55.91124059626025,7.681721449931338,True,False,56.567846270714384
2018Q3,Sociedades Inclusivas,3. Gobernanza,GOB_DES,75.60830001570578,40.28917243121411,48.538536410238066,8.249363979023954,False,True,54.139527210935434
2018Q3,Sociedades Inclusivas,3. Gobernanza,GOB_EFF,21.468772804770346,40.28917243121411,48.538536410238066,8.249363979023954,True,False,54.139527210935434
2018Q4,Sociedades Inclusivas,3. Gobernanza,GOB_DES,80.41162128914104,38.83650135059521,49.58426747067647,10.747766120081259,False,True,61.65470763692913
2018Q4,Sociedades Inclusivas,3. Gobernanza,GOB_EFF,18.756913652211903,38.83650135059521,49.58426747067647,10.747766120081259,True,False,61.65470763692913
2019Q1,Sociedades Inclusivas,3. Gobernanza,GOB_DES,77.83822759882861,37.47276044243505,47.939153299885,10.466392857449947,False,True,59.79814859788722
2019Q1,Sociedades Inclusivas,3. Gobernanza,GOB_EFF,18.040079000941393,37.47276044243505,47.939153299885,10.466392857449947,True,False,59.79814859788722
2019Q2,Sociedades Inclusivas,3. Gobernanza,GOB_DES,76.46621624226195,40.60238997724183,49.012731809068164,8.410341831826337,False,True,54.90696886638757
2019Q2,Sociedades Inclusivas,3. Gobernanza,GOB_EFF,21.559247375874374,40.60238997724183,49.012731809068164,8.410341831826337,True,False,54.90696886638757
2019Q3,Sociedades Inclusivas,3. Gobernanza,GOB_DES,91.25087533377243,56.84838189041011,63.333424092972706,6.485042202562596,False,True,55.83490248159944
2019Q3,Sociedades Inclusivas,3. Gobernanza,GOB_EFF,35.415972852172985,56.84838189041011,63.333424092972706,6.485042202562596,True,False,55.83490248159944
2019Q4,Sociedades Inclusivas,3. Gobernanza,GOB_DES,69.75897623308587,55.79502437758485,57.192636283264385,1.3976119056795326,False,True,25.13267989964298
2019Q4,Sociedades Inclusivas,3. Gobernanza,GOB_EFF,44.626296333442895,55.79502437758485,57.192636283264385,1.3976119056795326,True,False,25.13267989964298
2020Q1,Sociedades Inclusivas,3. Gobernanza,GOB_DES,82.09463977582003,63.73950575946833,65.79147252415754,2.0519667646892117,False,True,32.60633450332499
2020Q1,Sociedades Inclusivas,3. Gobernanza,GOB_EFF,49.48830527249504,63.73950575946833,65.79147252415754,2.0519667646892117,True,False,32.60633450332499
2020Q2,Sociedades Inclusivas,3. Gobernanza,GOB_DES,58.21527937060957,49.96844452332695,50.55257197005264,0.5841274467256881,False,True,15.325414801113865
2020Q2,Sociedades Inclusivas,3. Gobernanza,GOB_EFF,42.88986456949571,49.96844452332695,50.55257197005264,0.5841274467256881,True,False,15.325414801113865
2020Q3,Sociedades Inclusivas,3. Gobernanza,GOB_DES,63.37890057224166,46.64974668393587,48.8576154485543,2.207868764618432,False,True,29.042570247374734
2020Q3,Sociedades Inclusivas,3. Gobernanza,GOB_EFF,34.33633032486693,46.64974668393587,48.8576154485543,2.207868764618432,True,False,29.042570247374734
2020Q4,Sociedades Inclusivas,3. Gobernanza,GOB_DES,76.11409693994096,50.7112010503141,54.95027860311231,4.239077552798207,False,True,42.32763667365731
2020Q4,Sociedades Inclusivas,3. Gobernanza,GOB_EFF,33.786460266283655,50.7112010503141,54.95027860311231,4.239077552798207,True,False,42.32763667365731
2021Q1,Sociedades Inclusivas,3. Gobernanza,GOB_DES,71.5548060074409,45.85648097120213,50.47115290252916,4.614671931327031,False,True,42.16730620982348
2021Q1,Sociedades Inclusivas,3. Gobernanza,GOB_EFF,29.387499797617426,45.85648097120213,50.47115290252916,4.614671931327031,True,False,42.16730620982348
2021Q2,Sociedades Inclusivas,3. Gobernanza,GOB_DES,65.7576308266605,38.62986099528708,44.2255301729364,5.59566917764932,False,True,43.0642013074482
2021Q2,Sociedades Inclusivas,3. Gobernanza,GOB_EFF,22.693429519212298,38.62986099528708,44.2255301729364,5.59566917764932,True,False,43.0642013074482
2021Q3,Sociedades Inclusivas,3. Gobernanza,GOB_DES,69.41937967262109,41.24975480094493,46.965217609408505,5.7154628084635775,False,True,44.90832412642517
2021Q3,Sociedades Inclusivas,3. Gobernanza,GOB_EFF,24.511055546195916,41.24975480094493,46.965217609408505,5.7154628084635775,True,False,44.90832412642517
2021Q4,Sociedades Inclusivas,3. Gobernanza,GOB_DES,62.188153055963134,34.32992500671517,40.56970567157517,6.23978066486,False,True,43.236894768775926
2021Q4,Sociedades Inclusivas,3. Gobernanza,GOB_EFF,18.951258287187212,34.32992500671517,40.56970567157517,6.23978066486,True,False,43.236894768775926
2022Q1,Sociedades Inclusivas,3. Gobernanza,GOB_DES,64.67021131328582,41.940255976048796,45.9347602396111,3.9945042635623054,False,True,37.470902147349435
2022Q1,Sociedades Inclusivas,3. Gobernanza,GOB_EFF,27.199309165936388,41.940255976048796,45.9347602396111,3.9945042635623054,True,False,37.470902147349435
2022Q2,Sociedades Inclusivas,3. Gobernanza,GOB_DES,71.6529681488511,58.256818242394196,59.50908201424147,1.252263771847275,False,True,24.287772269219268
2022Q2,Sociedades Inclusivas,3. Gobernanza,GOB_EFF,47.365195879631834,58.256818242394196,59.50908201424147,1.252263771847275,True,False,24.287772269219268
2022Q3,Sociedades Inclusivas,3. Gobernanza,GOB_DES,67.84676231111992,57.941408024458795,58.66447895814868,0.7230709336898826,False,True,18.364566705942472
2022Q3,Sociedades Inclusivas,3. Gobernanza,GOB_EFF,49.482195605177445,57.941408024458795,58.66447895814868,0.7230709336898826,True,False,18.364566705942472
2022Q4,Sociedades Inclusivas,3. Gobernanza,GOB_DES,70.01904981952892,56.79024725334017,58.03991586342743,1.2496686100872623,False,True,23.95826791220297
2022Q4,Sociedades Inclusivas,3. Gobernanza,GOB_EFF,46.060781907325946,56.79024725334017,58.03991586342743,1.2496686100872623,True,False,23.95826791220297
2023Q1,Sociedades Inclusivas,3. Gobernanza,GOB_DES,75.13124630577134,58.001795638566364,59.95449903820149,1.9527033996351264,False,True,30.35349453513971
2023Q1,Sociedades Inclusivas,3. Gobernanza,GOB_EFF,44.77775177063163,58.001795638566364,59.95449903820149,1.9527033996351264,True,False,30.35349453513971
2023Q2,Sociedades Inclusivas,3. Gobernanza,GOB_DES,69.5776267345831,54.60425268054326,56.215416650086624,1.6111639695433624,False,True,26.724420168992957
2023Q2,Sociedades Inclusivas,3. Gobernanza,GOB_EFF,42.85320656559015,54.60425268054326,56.215416650086624,1.6111639695433624,True,False,26.724420168992957
2023Q3,Sociedades Inclusivas,3. Gobernanza,GOB_DES,63.628080725030664,46.00299580725363,48.44408482659166,2.4410890193380297,False,True,30.36799179687801
2023Q3,Sociedades Inclusivas,3. Gobernanza,GOB_EFF,33.260088928152655,46.00299580725363,48.44408482659166,2.4410890193380297,True,False,30.36799179687801
2023Q4,Sociedades Inclusivas,3. Gobernanza,GOB_DES,79.97359056354198,51.3751596462779,56.488536732177884,5.113377085899984,False,True,46.97010766272818
2023Q4,Sociedades Inclusivas,3. Gobernanza,GOB_EFF,33.00348290081379,51.3751596462779,56.488536732177884,5.113377085899984,True,False,46.97010766272818
2024Q1,Sociedades Inclusivas,3. Gobernanza,GOB_DES,80.45223638930507,51.52867170815351,56.72785964505943,5.199187936905922,False,True,47.44875348849128
2024Q1,Sociedades Inclusivas,3. Gobernanza,GOB_EFF,33.00348290081379,51.52867170815351,56.72785964505943,5.199187936905922,True,False,47.44875348849128
2024Q2,Sociedades Inclusivas,3. Gobernanza,GOB_DES,78.60381798081887,37.77841765774627,48.38040464994207,10.601986992195805,False,True,60.446826661753605
2024Q2,Sociedades Inclusivas,3. Gobernanza,GOB_EFF,18.156991319065273,37.77841765774627,48.38040464994207,10.601986992195805,True,False,60.446826661753605
2024Q3,Sociedades Inclusivas,3. Gobernanza,GOB_DES,74.21135012610799,42.788504238135076,49.4410933772722,6.6525891391371275,False,True,49.54051349767157
2024Q3,Sociedades Inclusivas,3. Gobernanza,GOB_EFF,24.67083662843642,42.788504238135076,49.4410933772722,6.6525891391371275,True,False,49.54051349767157
2024Q4,Sociedades Inclusivas,3. Gobernanza,GOB_DES,84.2213470545725,54.043201236764844,59.4499093746123,5.406708137847453,False,True,49.542875359920416
2024Q4,Sociedades Inclusivas,3. Gobernanza,GOB_EFF,34.67847169465209,54.043201236764844,59.4499093746123,5.406708137847453,True,False,49.542875359920416
2025Q1,Sociedades Inclusivas,3. Gobernanza,GOB_DES,80.54792605349922,68.21654104435939,69.1604701043245,0.9439290599651144,False,True,22.77491189834945
2025Q1,Sociedades Inclusivas,3. Gobernanza,GOB_EFF,57.773014155149774,68.21654104435939,69.1604701043245,0.9439290599651144,True,False,22.77491189834945
2025Q2,Sociedades Inclusivas,3. Gobernanza,GOB_DES,83.5397081052598,69.71938558983902,70.86256240217351,1.143176812334488,False,True,25.354291406172585
2025Q2,Sociedades Inclusivas,3. Gobernanza,GOB_EFF,58.18541669908722,69.71938558983902,70.86256240217351,1.143176812334488,True,False,25.354291406172585
2025Q3,Sociedades Inclusivas,3. Gobernanza,GOB_DES,88.32628002698677,83.72077707837201,83.8408469907651,0.12006991239309173,False,True,8.970866072443314
2025Q3,Sociedades Inclusivas,3. Gobernanza,GOB_EFF,79.35541395454345,83.72077707837201,83.8408469907651,0.12006991239309173,True,False,8.970866072443314
2025Q4,Sociedades Inclusivas,3. Gobernanza,GOB_DES,82.41880196084213,85.83098432367767,85.90161740860641,0.07063308492874398,True,False,6.965630895528562
2025Q4,Sociedades Inclusivas,3. Gobernanza,GOB_EFF,89.3844328563707,85.83098432367767,85.90161740860641,0.07063308492874398,False,True,6.965630895528562
2016Q1,Economías Abiertas,5. Inversión,INV_HIP,49.87450396879603,13.104974089268744,26.65897683591588,13.554002746647136,False,True,46.431054265760295
2016Q1,Economías Abiertas,5. Inversión,INV_IED,3.443449703035732,13.104974089268744,26.65897683591588,13.554002746647136,True,False,46.431054265760295
2016Q2,Economías Abiertas,5. Inversión,INV_HIP,50.05858233824797,13.661226965078216,26.893398315929694,13.232171350851479,False,True,46.33036804463656
2016Q2,Economías Abiertas,5. Inversión,INV_IED,3.7282142936114178,13.661226965078216,26.893398315929694,13.232171350851479,True,False,46.33036804463656
2016Q3,Economías Abiertas,5. Inversión,INV_HIP,46.44521099117863,11.33624747915099,24.606068980478696,13.269821501327707,False,True,43.67828402139986
2016Q3,Economías Abiertas,5. Inversión,INV_IED,2.766926969778762,11.33624747915099,24.606068980478696,13.269821501327707,True,False,43.67828402139986
2016Q4,Economías Abiertas,5. Inversión,INV_HIP,52.50130555171438,15.112407811553346,28.42569268641462,13.313284874861274,False,True,48.15122573059952
2016Q4,Economías Abiertas,5. Inversión,INV_IED,4.350079821114864,15.112407811553346,28.42569268641462,13.313284874861274,True,False,48.15122573059952
2017Q1,Economías Abiertas,5. Inversión,INV_HIP,50.1795796992589,13.38694694739646,26.875479861846255,13.488532914449795,False,True,46.60819967482529
2017Q1,Economías Abiertas,5. Inversión,INV_IED,3.5713800244336067,13.38694694739646,26.875479861846255,13.488532914449795,True,False,46.60819967482529
2017Q2,Economías Abiertas,5. Inversión,INV_HIP,52.40118012113072,12.722975029626951,27.745155404612216,15.022180374985265,False,True,49.31204943303701
2017Q2,Economías Abiertas,5. Inversión,INV_IED,3.0891306880937104,12.722975029626951,27.745155404612216,15.022180374985265,True,False,49.31204943303701
2017Q3,Economías Abiertas,5. Inversión,INV_HIP,57.750772237110624,15.641557143584043,30.993611558654166,15.352054415070123,False,True,53.514321356912916
2017Q3,Economías Abiertas,5. Inversión,INV_IED,4.236450880197712,15.641557143584043,30.993611558654166,15.352054415070123,True,False,53.514321356912916
2017Q4,Economías Abiertas,5. Inversión,INV_HIP,51.97781093488349,12.330012780163512,27.451348887283476,15.121336107119964,False,True,49.052924095200034
2017Q4,Economías Abiertas,5. Inversión,INV_IED,2.9248868396834564,12.330012780163512,27.451348887283476,15.121336107119964,True,False,49.052924095200034
2018Q1,Economías Abiertas,5. Inversión,INV_HIP,55.51462823057637,14.292822216505137,29.597232470357945,15.304410253852808,False,True,51.83479152043685
2018Q1,Economías Abiertas,5. Inversión,INV_IED,3.679836710139522,14.292822216505137,29.597232470357945,15.304410253852808,True,False,51.83479152043685
2018Q2,Economías Abiertas,5. Inversión,INV_HIP,55.94785034321759,13.937136278874979,29.709861105378597,15.772724826503618,False,True,52.475978475677984
2018Q2,Economías Abiertas,5. Inversión,INV_IED,3.471871867539602,13.937136278874979,29.709861105378597,15.772724826503618,True,False,52.475978475677984
2018Q3,Economías Abiertas,5. Inversión,INV_HIP,65.44727239385573,14.927260826019145,34.42594637440231,19.498685548383165,False,True,62.04265203890684
2018Q3,Economías Abiertas,5. Inversión,INV_IED,3.404620354948891,14.927260826019145,34.42594637440231,19.498685548383165,True,False,62.04265203890684
2018Q4,Economías Abiertas,5. Inversión,INV_HIP,57.609042560242344,10.510238088318962,29.763269245404885,19.25303115708592,False,True,55.69154662967492
2018Q4,Economías Abiertas,5. Inversión,INV_IED,1.91749593056743,10.510238088318962,29.763269245404885,19.25303115708592,True,False,55.69154662967492
2019Q1,Economías Abiertas,5. Inversión,INV_HIP,60.25792400233874,13.684063470050468,31.682729378262394,17.998665908211926,False,True,57.15038924815269
2019Q1,Economías Abiertas,5. Inversión,INV_IED,3.1075347541860516,13.684063470050468,31.682729378262394,17.998665908211926,True,False,57.15038924815269
2019Q2,Economías Abiertas,5. Inversión,INV_HIP,63.600263659842206,24.214921940319005,36.40988036580632,12.194958425487318,False,True,54.380766588071765
2019Q2,Economías Abiertas,5. Inversión,INV_IED,9.219497071770437,24.214921940319005,36.40988036580632,12.194958425487318,True,False,54.380766588071765
2019Q3,Economías Abiertas,5. Inversión,INV_HIP,56.4605373923951,17.33023736230562,30.88997705981567,13.55973969751005,False,True,51.141120665158866
2019Q3,Economías Abiertas,5. Inversión,INV_IED,5.319416727236236,17.33023736230562,30.88997705981567,13.55973969751005,True,False,51.141120665158866
2019Q4,Economías Abiertas,5. Inversión,INV_HIP,60.52301179845308,19.270830539127715,33.3294704521511,14.058639913023384,False,True,54.387082692603975
2019Q4,Economías Abiertas,5. Inversión,INV_IED,6.135929105849111,19.270830539127715,33.3294704521511,14.058639913023384,True,False,54.387082692603975
2020Q1,Economías Abiertas,5. Inversión,INV_HIP,65.46983184539322,16.88882265940941,34.913265269114326,18.024442609704916,False,True,61.11313315255778
2020Q1,Economías Abiertas,5. Inversión,INV_IED,4.3566986928354385,16.88882265940941,34.913265269114326,18.024442609704916,True,False,61.11313315255778
2020Q2,Economías Abiertas,5. Inversión,INV_HIP,48.57179124324419,29.53697463401933,33.26675517198969,3.7297805379703632,False,True,30.610072142508994
2020Q2,Economías Abiertas,5. Inversión,INV_IED,17.9617191007352,29.53697463401933,33.26675517198969,3.7297805379703632,True,False,30.610072142508994
2020Q3,Economías Abiertas,5. Inversión,INV_HIP,49.98325539074524,7.069883690043652,24.99162769537262,17.921744005328968,False,True,49.98325539074524
2020Q3,Economías Abiertas,5. Inversión,INV_IED,0.0,7.069883690043652,24.99162769537262,17.921744005328968,True,False,49.98325539074524
2020Q4,Economías Abiertas,5. Inversión,INV_HIP,55.0626791650345,13.158043545887473,29.103494375753442,15.945450829865969,False,True,51.91836957856212
2020Q4,Economías Abiertas,5. Inversión,INV_IED,3.144309586472381,13.158043545887473,29.103494375753442,15.945450829865969,True,False,51.91836957856212
2021Q1,Economías Abiertas,5. Inversión,INV_HIP,63.59355933109602,17.583597105316056,34.22770891698633,16.644111811670275,False,True,58.731700828219374
2021Q1,Economías Abiertas,5. Inversión,INV_IED,4.8618585028766415,17.583597105316056,34.22770891698633,16.644111811670275,True,False,58.731700828219374
2021Q2,Economías Abiertas,5. Inversión,INV_HIP,70.92175064609789,18.287058057033686,37.81851941202576,19.53146135499207,False,True,66.20646246814427
2021Q2,Economías Abiertas,5. Inversión,INV_IED,4.715288177953631,18.287058057033686,37.81851941202576,19.53146135499207,True,False,66.20646246814427
2021Q3,Economías Abiertas,5. Inversión,INV_HIP,75.04960341258638,19.978049571854847,40.183859493056616,20.20580992120177,False,True,69.73148783905953
2021Q3,Economías Abiertas,5. Inversión,INV_IED,5.318115573526852,19.978049571854847,40.183859493056616,20.20580992120177,True,False,69.73148783905953
2021Q4,Economías Abiertas,5. Inversión,INV_HIP,73.20618011553334,23.598693056111312,40.40671915764365,16.808026101532338,False,True,65.59892191577939
2021Q4,Economías Abiertas,5. Inversión,INV_IED,7.607258199753959,23.598693056111312,40.40671915764365,16.808026101532338,True,False,65.59892191577939
2022Q1,Economías Abiertas,5. Inversión,INV_HIP,76.82479212956787,45.2600148326846,51.74447862479927,6.484463792114674,False,True,50.160627009537194
2022Q1,Economías Abiertas,5. Inversión,INV_IED,26.66416512003067,45.2600148326846,51.74447862479927,6.484463792114674,True,False,50.160627009537194
2022Q2,Economías Abiertas,5. Inversión,INV_HIP,71.51211131431491,20.171940673325228,38.601078570406976,18.42913789708175,False,True,65.82206548781586
2022Q2,Economías Abiertas,5. Inversión,INV_IED,5.690045826499046,20.171940673325228,38.601078570406976,18.42913789708175,True,False,65.82206548781586
2022Q3,Economías Abiertas,5. Inversión,INV_HIP,73.31983821540192,8.562700404393578,36.875277789114755,28.312577384721177,False,True,72.88912085257432
2022Q3,Economías Abiertas,5. Inversión,INV_IED,0.43071736282758716,8.562700404393578,36.875277789114755,28.312577384721177,True,False,72.88912085257432
2022Q4,Economías Abiertas,5. Inversión,INV_HIP,74.33511116134876,16.988851326158315,39.10890647712924,22.120055150970924,False,True,70.45240936843905
2022Q4,Economías Abiertas,5. Inversión,INV_IED,3.8827017929097076,16.988851326158315,39.10890647712924,22.120055150970924,True,False,70.45240936843905
2023Q1,Economías Abiertas,5. Inversión,INV_HIP,70.4605298164644,17.873135439124162,37.49712957173514,19.623994132610974,False,True,65.92680048945853
2023Q1,Economías Abiertas,5. Inversión,INV_IED,4.5337293270058705,17.873135439124162,37.49712957173514,19.623994132610974,True,False,65.92680048945853
2023Q2,Economías Abiertas,5. Inversión,INV_HIP,63.949421897529476,17.88811387879951,34.47656795267662,16.58845407387711,False,True,58.945707889705716
2023Q2,Economías Abiertas,5. Inversión,INV_IED,5.003714007823761,17.88811387879951,34.47656795267662,16.58845407387711,True,False,58.945707889705716
2023Q3,Economías Abiertas,5. Inversión,INV_HIP,57.148759473186416,14.050853311587085,30.30168301144704,16.250829699859956,False,True,53.694152923478754
2023Q3,Economías Abiertas,5. Inversión,INV_IED,3.454606549707664,14.050853311587085,30.30168301144704,16.250829699859956,True,False,53.694152923478754
2023Q4,Economías Abiertas,5. Inversión,INV_HIP,57.49631801831876,14.28164896354446,30.52188560720802,16.240236643663557,False,True,53.94886482222148
2023Q4,Economías Abiertas,5. Inversión,INV_IED,3.547453196097282,14.28164896354446,30.52188560720802,16.240236643663557,True,False,53.94886482222148
2024Q1,Economías Abiertas,5. Inversión,INV_HIP,56.61056631664599,21.573641380435383,32.4160175379116,10.842376157476217,False,True,48.389097557468794
2024Q1,Economías Abiertas,5. Inversión,INV_IED,8.221468759177199,21.573641380435383,32.4160175379116,10.842376157476217,True,False,48.389097557468794
2024Q2,Economías Abiertas,5. Inversión,INV_HIP,62.935539153752174,23.95292107969192,36.0259447825281,12.073023702836181,False,True,53.81918874244815
2024Q2,Economías Abiertas,5. Inversión,INV_IED,9.116350411304028,23.95292107969192,36.0259447825281,12.073023702836181,True,False,53.81918874244815
2024Q3,Economías Abiertas,5. Inversión,INV_HIP,69.14286256008052,8.315218731944489,34.57143128004026,26.256212548095768,False,True,69.14286256008052
2024Q3,Economías Abiertas,5. Inversión,INV_IED,0.0,8.315218731944489,34.57143128004026,26.256212548095768,True,False,69.14286256008052
2024Q4,Economías Abiertas,5. Inversión,INV_HIP,73.73697986288393,27.023825988281565,41.82046363854871,14.796637650267144,False,True,63.83303244867043
2024Q4,Economías Abiertas,5. Inversión,INV_IED,9.903947414213496,27.023825988281565,41.82046363854871,14.796637650267144,True,False,63.83303244867043
2025Q1,Economías Abiertas,5. Inversión,INV_HIP,73.22926279285214,21.179610531069876,39.677450037088335,18.497839506018458,False,True,67.10362551152761
2025Q1,Economías Abiertas,5. Inversión,INV_IED,6.125637281324527,21.179610531069876,39.677450037088335,18.497839506018458,True,False,67.10362551152761
2025Q2,Economías Abiertas,5. Inversión,INV_HIP,75.75322250651598,28.089214200780024,43.084336603486065,14.995122402706041,False,True,65.33777180605983
2025Q2,Economías Abiertas,5. Inversión,INV_IED,10.415450700456146,28.089214200780024,43.084336603486065,14.995122402706041,True,False,65.33777180605983
2025Q3,Economías Abiertas,5. Inversión,INV_HIP,77.69971190141351,29.752469539131287,44.546205538206515,14.793735999075228,False,True,66.30701272641399
2025Q3,Economías Abiertas,5. Inversión,INV_IED,11.392699174999523,29.752469539131287,44.546205538206515,14.793735999075228,True,False,66.30701272641399
2016Q1,Economías Abiertas,7. Infraestructura,INF_BAN,71.60141854805585,42.87901933146876,48.63991229620321,5.760892964734445,False,True,45.92301250370528
2016Q1,Economías Abiertas,7. Infraestructura,INF_TRA,25.678406044350567,42.87901933146876,48.63991229620321,5.760892964734445,True,False,45.92301250370528
2016Q2,Economías Abiertas,7. Infraestructura,INF_BAN,70.40772918183549,42.06097983091295,47.76730077110976,5.706320940196811,False,True,45.280856821451465
2016Q2,Economías Abiertas,7. Infraestructura,INF_TRA,25.126872360384024,42.06097983091295,47.76730077110976,5.706320940196811,True,False,45.280856821451465
2016Q3,Economías Abiertas,7. Infraestructura,INF_BAN,72.29079143323268,42.901648429404894,48.87558860473945,5.973940175334555,False,True,46.83040565698647
2016Q3,Economías Abiertas,7. Infraestructura,INF_TRA,25.460385776246213,42.901648429404894,48.87558860473945,5.973940175334555,True,False,46.83040565698647
2016Q4,Economías Abiertas,7. Infraestructura,INF_BAN,72.56921474351769,42.661789643578146,48.82455493785462,6.1627652942764755,False,True,47.48931961132614
2016Q4,Economías Abiertas,7. Infraestructura,INF_TRA,25.079895132191552,42.661789643578146,48.82455493785462,6.1627652942764755,True,False,47.48931961132614
2017Q1,Economías Abiertas,7. Infraestructura,INF_BAN,73.24401070274702,43.688766603987936,49.65179651835385,5.963029914365912,False,True,47.18442836878634
2017Q1,Economías Abiertas,7. Infraestructura,INF_TRA,26.059582333960673,43.688766603987936,49.65179651835385,5.963029914365912,True,False,47.18442836878634
2017Q2,Economías Abiertas,7. Infraestructura,INF_BAN,73.70939591035545,43.54670641925099,49.71815733198983,6.171450912738841,False,True,47.98247715673124
2017Q2,Economías Abiertas,7. Infraestructura,INF_TRA,25.72691875362421,43.54670641925099,49.71815733198983,6.171450912738841,True,False,47.98247715673124
2017Q3,Economías Abiertas,7. Infraestructura,INF_BAN,76.07237019829003,44.455718426648524,51.025861217281005,6.570142790632481,False,True,50.09301796201805
2017Q3,Economías Abiertas,7. Infraestructura,INF_TRA,25.97935223627198,44.455718426648524,51.025861217281005,6.570142790632481,True,False,50.09301796201805
2017Q4,Economías Abiertas,7. Infraestructura,INF_BAN,76.0308660077819,44.58708509240975,51.08912439676757,6.502039304357822,False,True,49.88348322202865
2017Q4,Economías Abiertas,7. Infraestructura,INF_TRA,26.147382785753244,44.58708509240975,51.08912439676757,6.502039304357822,True,False,49.88348322202865
2018Q1,Economías Abiertas,7. Infraestructura,INF_BAN,75.17399855773965,45.020016195576574,51.06773661581772,6.0477204202411485,False,True,48.21252388384386
2018Q1,Economías Abiertas,7. Infraestructura,INF_TRA,26.96147467389579,45.020016195576574,51.06773661581772,6.0477204202411485,True,False,48.21252388384386
2018Q2,Economías Abiertas,7. Infraestructura,INF_BAN,76.43665393633634,45.79771570025009,51.93838570535382,6.140670005103729,False,True,48.99653646196505
2018Q2,Economías Abiertas,7. Infraestructura,INF_TRA,27.440117474371288,45.79771570025009,51.93838570535382,6.140670005103729,True,False,48.99653646196505
2018Q3,Economías Abiertas,7. Infraestructura,INF_BAN,78.0880681688048,45.37168613228593,52.2252405783098,6.853554446023871,False,True,51.72565518098999
2018Q3,Economías Abiertas,7. Infraestructura,INF_TRA,26.362412987814803,45.37168613228593,52.2252405783098,6.853554446023871,True,False,51.72565518098999
2018Q4,Economías Abiertas,7. Infraestructura,INF_BAN,78.66511371051087,45.34822159811201,52.4035428686952,7.055321270583185,False,True,52.52314168363133
2018Q4,Economías Abiertas,7. Infraestructura,INF_TRA,26.141972026879536,45.34822159811201,52.4035428686952,7.055321270583185,True,False,52.52314168363133
2019Q1,Economías Abiertas,7. Infraestructura,INF_BAN,80.93097063543222,45.664210951713386,53.34819354097357,7.683982589260182,False,True,55.1655541889173
2019Q1,Economías Abiertas,7. Infraestructura,INF_TRA,25.765416446514923,45.664210951713386,53.34819354097357,7.683982589260182,True,False,55.1655541889173
2019Q2,Economías Abiertas,7. Infraestructura,INF_BAN,82.52322794314793,46.50066823220001,54.3628474056975,7.862179173497488,False,True,56.32076107490086
2019Q2,Economías Abiertas,7. Infraestructura,INF_TRA,26.202466868247075,46.50066823220001,54.3628474056975,7.862179173497488,True,False,56.32076107490086
2019Q3,Economías Abiertas,7. Infraestructura,INF_BAN,84.76868087165163,46.46701106429313,55.12007664787306,8.65306558357993,False,True,59.297208447557125
2019Q3,Economías Abiertas,7. Infraestructura,INF_TRA,25.471472424094504,46.46701106429313,55.12007664787306,8.65306558357993,True,False,59.297208447557125
2019Q4,Economías Abiertas,7. Infraestructura,INF_BAN,85.39700590784228,46.429838315005995,55.320314825662834,8.890476510656839,False,True,60.1533821643589
2019Q4,Economías Abiertas,7. Infraestructura,INF_TRA,25.24362374348338,46.429838315005995,55.320314825662834,8.890476510656839,True,False,60.1533821643589
2020Q1,Economías Abiertas,7. Infraestructura,INF_BAN,87.66872650328276,43.08182870615854,54.41991661083889,11.33808790468035,False,True,66.49761978488773
2020Q1,Economías Abiertas,7. Infraestructura,INF_TRA,21.171106718395027,43.08182870615854,54.41991661083889,11.33808790468035,True,False,66.49761978488773
2020Q2,Economías Abiertas,7. Infraestructura,INF_BAN,89.2477353279559,22.661896561998756,47.50103622125037,24.83913965925161,False,True,83.49339821341106
2020Q2,Economías Abiertas,7. Infraestructura,INF_TRA,5.754337114544835,22.661896561998756,47.50103622125037,24.83913965925161,True,False,83.49339821341106
2020Q3,Economías Abiertas,7. Infraestructura,INF_BAN,90.36785562360488,37.79162968028389,53.08611418125888,15.294484500974988,False,True,74.56348288469201
2020Q3,Economías Abiertas,7. Infraestructura,INF_TRA,15.804372738912868,37.79162968028389,53.08611418125888,15.294484500974988,True,False,74.56348288469201
2020Q4,Economías Abiertas,7. Infraestructura,INF_BAN,90.1525955729191,33.81311968404376,51.41736348457746,17.604243800533695,False,True,77.47046417668328
2020Q4,Economías Abiertas,7. Infraestructura,INF_TRA,12.682131396235816,33.81311968404376,51.41736348457746,17.604243800533695,True,False,77.47046417668328
2021Q1,Economías Abiertas,7. Infraestructura,INF_BAN,89.30372569807584,34.39872526802661,51.27685128493846,16.87812601691185,False,True,76.05374882627476
2021Q1,Economías Abiertas,7. Infraestructura,INF_TRA,13.249976871801078,34.39872526802661,51.27685128493846,16.87812601691185,True,False,76.05374882627476
2021Q2,Economías Abiertas,7. Infraestructura,INF_BAN,88.79409990323373,37.87937761448455,52.47668165025666,14.597304035772112,False,True,72.63483650595414
2021Q2,Economías Abiertas,7. Infraestructura,INF_TRA,16.159263397279584,37.87937761448455,52.47668165025666,14.597304035772112,True,False,72.63483650595414
2021Q3,Economías Abiertas,7. Infraestructura,INF_BAN,89.20510718112509,40.66853741551441,53.872930521778486,13.204393106264078,False,True,70.6643533186932
2021Q3,Economías Abiertas,7. Infraestructura,INF_TRA,18.540753862431878,40.66853741551441,53.872930521778486,13.204393106264078,True,False,70.6643533186932
2021Q4,Economías Abiertas,7. Infraestructura,INF_BAN,89.62374180480674,41.51477981876738,54.42694001631254,12.912160197545163,False,True,70.3936035769884
2021Q4,Economías Abiertas,7. Infraestructura,INF_TRA,19.230138227818347,41.51477981876738,54.42694001631254,12.912160197545163,True,False,70.3936035769884
2022Q1,Economías Abiertas,7. Infraestructura,INF_BAN,89.95735929245308,42.45963918269795,54.99909917446043,12.539459991762484,False,True,69.91652023598529
2022Q1,Economías Abiertas,7. Infraestructura,INF_TRA,20.040839056467785,42.45963918269795,54.99909917446043,12.539459991762484,True,False,69.91652023598529
2022Q2,Economías Abiertas,7. Infraestructura,INF_BAN,91.53933219107782,45.10694003539207,56.883118589978054,11.776178554585982,False,True,69.31242720219953
2022Q2,Economías Abiertas,7. Infraestructura,INF_TRA,22.22690498887829,45.10694003539207,56.883118589978054,11.776178554585982,True,False,69.31242720219953
2022Q3,Economías Abiertas,7. Infraestructura,INF_BAN,92.69492342774643,45.03151601858043,57.285695221948316,12.254179203367883,False,True,70.81845641159623
2022Q3,Economías Abiertas,7. Infraestructura,INF_TRA,21.876467016150208,45.03151601858043,57.285695221948316,12.254179203367883,True,False,70.81845641159623
2022Q4,Economías Abiertas,7. Infraestructura,INF_BAN,91.99718819183597,45.629004774063034,57.31419035267526,11.685185578612227,False,True,69.36599567832143
2022Q4,Economías Abiertas,7. Infraestructura,INF_TRA,22.63119251351455,45.629004774063034,57.31419035267526,11.685185578612227,True,False,69.36599567832143
2023Q1,Economías Abiertas,7. Infraestructura,INF_BAN,91.018021754098,47.23164660352555,57.76388303251795,10.532236428992405,False,True,66.5082774431601
2023Q1,Economías Abiertas,7. Infraestructura,INF_TRA,24.50974431093791,47.23164660352555,57.76388303251795,10.532236428992405,True,False,66.5082774431601
2023Q2,Economías Abiertas,7. Infraestructura,INF_BAN,91.13711867473701,48.02707608058111,58.22311804183033,10.196041961249222,False,True,65.82800126581336
2023Q2,Economías Abiertas,7. Infraestructura,INF_TRA,25.309117408923647,48.02707608058111,58.22311804183033,10.196041961249222,True,False,65.82800126581336
2023Q3,Economías Abiertas,7. Infraestructura,INF_BAN,92.38543931526387,48.91585629488993,59.142601234192185,10.226744939302257,False,True,66.48567616214336
2023Q3,Economías Abiertas,7. Infraestructura,INF_TRA,25.899763153120503,48.91585629488993,59.142601234192185,10.226744939302257,True,False,66.48567616214336
2023Q4,Economías Abiertas,7. Infraestructura,INF_BAN,94.023849034004,50.427742888761756,60.53486193650391,10.107119047742152,False,True,66.97797419500019
2023Q4,Economías Abiertas,7. Infraestructura,INF_TRA,27.045874839003815,50.427742888761756,60.53486193650391,10.107119047742152,True,False,66.97797419500019
2024Q1,Economías Abiertas,7. Infraestructura,INF_BAN,92.85849832006183,50.512121281493414,60.16775690308076,9.655635621587344,False,True,65.38148283396214
2024Q1,Economías Abiertas,7. Infraestructura,INF_TRA,27.47701548609969,50.512121281493414,60.16775690308076,9.655635621587344,True,False,65.38148283396214
2024Q2,Economías Abiertas,7. Infraestructura,INF_BAN,92.5699282490823,51.02980957826572,60.35023086314791,9.320421284882187,False,True,64.43939477186878
2024Q2,Economías Abiertas,7. Infraestructura,INF_TRA,28.130533477213515,51.02980957826572,60.35023086314791,9.320421284882187,True,False,64.43939477186878
2024Q3,Economías Abiertas,7. Infraestructura,INF_BAN,93.22826452664057,51.79564013650492,61.00241006068127,9.20676992417635,False,True,64.4517089319186
2024Q3,Economías Abiertas,7. Infraestructura,INF_TRA,28.77655559472197,51.79564013650492,61.00241006068127,9.20676992417635,True,False,64.4517089319186
2024Q4,Economías Abiertas,7. Infraestructura,INF_BAN,93.0024870752865,52.048565893813915,61.06565625818524,9.017090364371327,False,True,63.87366163420251
2024Q4,Economías Abiertas,7. Infraestructura,INF_TRA,29.128825441083983,52.048565893813915,61.06565625818524,9.017090364371327,True,False,63.87366163420251
2025Q1,Economías Abiertas,7. Infraestructura,INF_BAN,91.04535038119548,51.70338553356026,60.20349120393311,8.500105670372854,False,True,61.68371835452473
2025Q1,Economías Abiertas,7. Infraestructura,INF_TRA,29.361632026670748,51.70338553356026,60.20349120393311,8.500105670372854,True,False,61.68371835452473
2025Q2,Economías Abiertas,7. Infraestructura,INF_BAN,90.8869797186133,51.0810585320145,59.79799117967962,8.716932647665118,False,True,62.17797707786737
2025Q2,Economías Abiertas,7. Infraestructura,INF_TRA,28.709002640745933,51.0810585320145,59.79799117967962,8.716932647665118,True,False,62.17797707786737
2025Q3,Economías Abiertas,7. Infraestructura,INF_BAN,94.94428813347999,53.61493793609254,62.61029311394637,8.995355177853831,False,True,64.66799003906723
2025Q3,Economías Abiertas,7. Infraestructura,INF_TRA,30.276298094412752,53.61493793609254,62.61029311394637,8.995355177853831,True,False,64.66799003906723
2025Q4,Economías Abiertas,7. Infraestructura,INF_BAN,96.16384819295268,54.32736566705172,63.42793361971965,9.10056795266793,False,True,65.47182914646606
2025Q4,Economías Abiertas,7. Infraestructura,INF_TRA,30.692019046486617,54.32736566705172,63.42793361971965,9.10056795266793,True,False,65.47182914646606
2016Q1,Personas Empoderadas,9. Vida,VID_ARO,69.82553725866813,71.42066592830197,71.43888587742501,0.018219949123036372,True,False,3.226697237513733
2016Q1,Personas Empoderadas,9. Vida,VID_PAR,73.05223449618187,71.42066592830197,71.43888587742501,0.018219949123036372,False,True,3.226697237513733
2016Q2,Personas Empoderadas,9. Vida,VID_ARO,69.93919685756119,71.4725586949636,71.48936757060164,0.01680887563804845,True,False,3.1003414260809308
2016Q2,Personas Empoderadas,9. Vida,VID_PAR,73.03953828364212,71.4725586949636,71.48936757060164,0.01680887563804845,False,True,3.1003414260809308
2016Q3,Personas Empoderadas,9. Vida,VID_ARO,70.6807347732314,72.53827003431863,72.56267864620735,0.02440861188871679,True,False,3.7638877459518767
2016Q3,Personas Empoderadas,9. Vida,VID_PAR,74.44462251918328,72.53827003431863,72.56267864620735,0.02440861188871679,False,True,3.7638877459518767
2016Q4,Personas Empoderadas,9. Vida,VID_ARO,71.8878558432585,73.11994978949053,73.13050828699008,0.010558497499545183,True,False,2.48530488746313
2016Q4,Personas Empoderadas,9. Vida,VID_PAR,74.37316073072164,73.11994978949053,73.13050828699008,0.010558497499545183,False,True,2.48530488746313
2017Q1,Personas Empoderadas,9. Vida,VID_ARO,74.34062292655376,75.16171333393734,75.16624779592166,0.004534461984320615,True,False,1.6512497387357996
2017Q1,Personas Empoderadas,9. Vida,VID_PAR,75.99187266528956,75.16171333393734,75.16624779592166,0.004534461984320615,False,True,1.6512497387357996
2017Q2,Personas Empoderadas,9. Vida,VID_ARO,75.46957946604381,76.31201709954502,76.31671900176414,0.0047019022191250315,True,False,1.6942790714406755
2017Q2,Personas Empoderadas,9. Vida,VID_PAR,77.16385853748449,76.31201709954502,76.31671900176414,0.0047019022191250315,False,True,1.6942790714406755
2017Q3,Personas Empoderadas,9. Vida,VID_ARO,76.01689177155885,76.83972079905428,76.84417406985183,0.004453270797554865,True,False,1.6545645965859705
2017Q3,Personas Empoderadas,9. Vida,VID_PAR,77.67145636814482,76.83972079905428,76.84417406985183,0.004453270797554865,False,True,1.6545645965859705
2017Q4,Personas Empoderadas,9. Vida,VID_ARO,75.73636414168931,76.97301611896084,76.98311237939149,0.010096260430643156,True,False,2.4934964754043705
2017Q4,Personas Empoderadas,9. Vida,VID_PAR,78.22986061709368,76.97301611896084,76.98311237939149,0.010096260430643156,False,True,2.4934964754043705
2018Q1,Personas Empoderadas,9. Vida,VID_ARO,74.64035137362306,76.37817436674378,76.39840490357702,0.020230536833238943,True,False,3.516107059907924
2018Q1,Personas Empoderadas,9. Vida,VID_PAR,78.15645843353099,76.37817436674378,76.39840490357702,0.020230536833238943,False,True,3.516107059907924
2018Q2,Personas Empoderadas,9. Vida,VID_ARO,74.25727106310552,76.8131680763535,76.8571544055628,0.043986329209289465,True,False,5.19976668491455
2018Q2,Personas Empoderadas,9. Vida,VID_PAR,79.45703774802007,76.8131680763535,76.8571544055628,0.043986329209289465,False,True,5.19976668491455
2018Q3,Personas Empoderadas,9. Vida,VID_ARO,74.1716520834837,77.2772714534943,77.34228868986737,0.06501723637308032,True,False,6.341273212767334
2018Q3,Personas Empoderadas,9. Vida,VID_PAR,80.51292529625104,77.2772714534943,77.34228868986737,0.06501723637308032,False,True,6.341273212767334
2018Q4,Personas Empoderadas,9. Vida,VID_ARO,74.12369888265015,77.66911478643041,77.7539053063334,0.08479051990298103,True,False,7.260412847366496
2018Q4,Personas Empoderadas,9. Vida,VID_PAR,81.38411173001664,77.66911478643041,77.7539053063334,0.08479051990298103,False,True,7.260412847366496
2019Q1,Personas Empoderadas,9. Vida,VID_ARO,74.32403727726903,77.99874036182442,78.08958205486422,0.09084169303980616,True,False,7.531089555190377
2019Q1,Personas Empoderadas,9. Vida,VID_PAR,81.8551268324594,77.99874036182442,78.08958205486422,0.09084169303980616,False,True,7.531089555190377
2019Q2,Personas Empoderadas,9. Vida,VID_ARO,74.62237442947428,78.00618174005781,78.0829023751401,0.07672063508228177,True,False,6.921055891331633
2019Q2,Personas Empoderadas,9. Vida,VID_PAR,81.54343032080591,78.00618174005781,78.0829023751401,0.07672063508228177,False,True,6.921055891331633
2019Q3,Personas Empoderadas,9. Vida,VID_ARO,75.21818715932017,78.47264697745504,78.54305221525624,0.07040523780119656,True,False,6.649730111872131
2019Q3,Personas Empoderadas,9. Vida,VID_PAR,81.8679172711923,78.47264697745504,78.54305221525624,0.07040523780119656,False,True,6.649730111872131
2019Q4,Personas Empoderadas,9. Vida,VID_ARO,76.08771396888724,78.90164945011588,78.95368303398561,0.05203358386972923,True,False,5.731938130196724
2019Q4,Personas Empoderadas,9. Vida,VID_PAR,81.81965209908397,78.90164945011588,78.95368303398561,0.05203358386972923,False,True,5.731938130196724
2020Q1,Personas Empoderadas,9. Vida,VID_ARO,77.94503911910815,79.73348921502213,79.75400722220853,0.020518007186396403,True,False,3.617936206200767
2020Q1,Personas Empoderadas,9. Vida,VID_PAR,81.56297532530891,79.73348921502213,79.75400722220853,0.020518007186396403,False,True,3.617936206200767
2020Q2,Personas Empoderadas,9. Vida,VID_ARO,78.65754657419193,79.9144381573464,79.92448027358711,0.010042116240711607,True,False,2.5338673987903633
2020Q2,Personas Empoderadas,9. Vida,VID_PAR,81.19141397298229,79.9144381573464,79.92448027358711,0.010042116240711607,False,True,2.5338673987903633
2020Q3,Personas Empoderadas,9. Vida,VID_ARO,78.52881038535402,79.24287896261548,79.24612550315607,0.0032465405405872616,True,False,1.4346302356040894
2020Q3,Personas Empoderadas,9. Vida,VID_PAR,79.96344062095811,79.24287896261548,79.24612550315607,0.0032465405405872616,False,True,1.4346302356040894
2020Q4,Personas Empoderadas,9. Vida,VID_ARO,77.35827448464975,78.6168611199627,78.62709945793712,0.01023833797441398,True,False,2.5376499465747315
2020Q4,Personas Empoderadas,9. Vida,VID_PAR,79.89592443122449,78.6168611199627,78.62709945793712,0.01023833797441398,False,True,2.5376499465747315
2021Q1,Personas Empoderadas,9. Vida,VID_ARO,74.63740369785529,77.21781248100098,77.26241819581853,0.044605714817549824,True,False,5.2500289959264705
2021Q1,Personas Empoderadas,9. Vida,VID_PAR,79.88743269378176,77.21781248100098,77.26241819581853,0.044605714817549824,False,True,5.2500289959264705
2021Q2,Personas Empoderadas,9. Vida,VID_ARO,73.49307164656071,76.982805902046,77.06565891731029,0.08285301526429123,True,False,7.145174541499173
2021Q2,Personas Empoderadas,9. Vida,VID_PAR,80.63824618805988,76.982805902046,77.06565891731029,0.08285301526429123,False,True,7.145174541499173
2021Q3,Personas Empoderadas,9. Vida,VID_ARO,73.4323859016486,77.1883867789606,77.28444482213288,0.09605804317227751,True,False,7.704117840968578
2021Q3,Personas Empoderadas,9. Vida,VID_PAR,81.13650374261718,77.1883867789606,77.28444482213288,0.09605804317227751,False,True,7.704117840968578
2021Q4,Personas Empoderadas,9. Vida,VID_ARO,74.31896668590281,78.329506174901,78.43771830237037,0.10821212746937192,True,False,8.237503232935126
2021Q4,Personas Empoderadas,9. Vida,VID_PAR,82.55646991883793,78.329506174901,78.43771830237037,0.10821212746937192,False,True,8.237503232935126
2022Q1,Personas Empoderadas,9. Vida,VID_ARO,76.56747781492582,79.85790181996144,79.92860344447547,0.0707016245140295,True,False,6.722251259099309
2022Q1,Personas Empoderadas,9. Vida,VID_PAR,83.28972907402513,79.85790181996144,79.92860344447547,0.0707016245140295,False,True,6.722251259099309
2022Q2,Personas Empoderadas,9. Vida,VID_ARO,77.69636245301756,80.67928534175839,80.73654560902997,0.057260267271587395,True,False,6.080366312024822
2022Q2,Personas Empoderadas,9. Vida,VID_PAR,83.77672876504238,80.67928534175839,80.73654560902997,0.057260267271587395,False,True,6.080366312024822
2022Q3,Personas Empoderadas,9. Vida,VID_ARO,78.03630744227684,81.22915565501995,81.29447319786473,0.06531754284478097,True,False,6.516331511175807
2022Q3,Personas Empoderadas,9. Vida,VID_PAR,84.55263895345264,81.22915565501995,81.29447319786473,0.06531754284478097,False,True,6.516331511175807
2022Q4,Personas Empoderadas,9. Vida,VID_ARO,77.5672319112937,80.66144447442699,80.72315965459998,0.06171518017299604,True,False,6.311855486612572
2022Q4,Personas Empoderadas,9. Vida,VID_PAR,83.87908739790628,80.66144447442699,80.72315965459998,0.06171518017299604,False,True,6.311855486612572
2023Q1,Personas Empoderadas,9. Vida,VID_ARO,76.23669022335784,80.36636830089648,80.47821891360101,0.11185061270452934,True,False,8.48305738048633
2023Q1,Personas Empoderadas,9. Vida,VID_PAR,84.71974760384417,80.36636830089648,80.47821891360101,0.11185061270452934,False,True,8.48305738048633
2023Q2,Personas Empoderadas,9. Vida,VID_ARO,75.70506314943711,79.91868942724129,80.0359513755865,0.11726194834521664,True,False,8.661776452298795
2023Q2,Personas Empoderadas,9. Vida,VID_PAR,84.3668396017359,79.91868942724129,80.0359513755865,0.11726194834521664,False,True,8.661776452298795
2023Q3,Personas Empoderadas,9. Vida,VID_ARO,75.70382694414275,80.04513681598144,80.16961514266649,0.12447832668505043,True,False,8.931576397047465
2023Q3,Personas Empoderadas,9. Vida,VID_PAR,84.63540334119021,80.04513681598144,80.16961514266649,0.12447832668505043,False,True,8.931576397047465
2023Q4,Personas Empoderadas,9. Vida,VID_ARO,76.10312044039966,80.59906661509127,80.73187018404315,0.1328035689518714,True,False,9.25749948728695
2023Q4,Personas Empoderadas,9. Vida,VID_PAR,85.36061992768661,80.59906661509127,80.73187018404315,0.1328035689518714,False,True,9.25749948728695
2024Q1,Personas Empoderadas,9. Vida,VID_ARO,76.72214487820354,81.03013251656903,81.15108037016313,0.1209478535941031,True,False,8.85787098391917
2024Q1,Personas Empoderadas,9. Vida,VID_PAR,85.5800158621227,81.03013251656903,81.15108037016313,0.1209478535941031,False,True,8.85787098391917
2024Q2,Personas Empoderadas,9. Vida,VID_ARO,77.13276240110393,81.62520195467617,81.75602841877682,0.13082646410065024,True,False,9.24653203534578
2024Q2,Personas Empoderadas,9. Vida,VID_PAR,86.37929443644971,81.62520195467617,81.75602841877682,0.13082646410065024,False,True,9.24653203534578
2024Q3,Personas Empoderadas,9. Vida,VID_ARO,77.56060833376382,82.25679991287988,82.39897398694632,0.1421740740664319,True,False,9.676731306364971
2024Q3,Personas Empoderadas,9. Vida,VID_PAR,87.2373396401288,82.25679991287988,82.39897398694632,0.1421740740664319,False,True,9.676731306364971
2024Q4,Personas Empoderadas,9. Vida,VID_ARO,78.01481551814427,82.5026134105011,82.6316935716787,0.12908016117759757,True,False,9.233756107068842
2024Q4,Personas Empoderadas,9. Vida,VID_PAR,87.24857162521312,82.5026134105011,82.6316935716787,0.12908016117759757,False,True,9.233756107068842
2025Q1,Personas Empoderadas,9. Vida,VID_ARO,78.65286906743175,82.96637027750863,83.08465135809695,0.11828108058831788,True,False,8.863564581330408
2025Q1,Personas Empoderadas,9. Vida,VID_PAR,87.51643364876216,82.96637027750863,83.08465135809695,0.11828108058831788,False,True,8.863564581330408
2025Q2,Personas Empoderadas,9. Vida,VID_ARO,78.95792300686838,83.28407828573388,83.40259469791978,0.11851641218589748,True,False,8.889343382102794
2025Q2,Personas Empoderadas,9. Vida,VID_PAR,87.84726638897118,83.28407828573388,83.40259469791978,0.11851641218589748,False,True,8.889343382102794
2025Q3,Personas Empoderadas,9. Vida,VID_ARO,79.31913937957475,83.47751491654327,83.58651816116817,0.10900324462490119,True,False,8.534757563186844
2025Q3,Personas Empoderadas,9. Vida,VID_PAR,87.8538969427616,83.47751491654327,83.58651816116817,0.10900324462490119,False,True,8.534757563186844
2025Q4,Personas Empoderadas,9. Vida,VID_ARO,79.05612703181558,83.57093671458396,83.69985465704417,0.12891794246020538,True,False,9.287455250457185
2025Q4,Personas Empoderadas,9. Vida,VID_PAR,88.34358228227276,83.57093671458396,83.69985465704417,0.12891794246020538,False,True,9.287455250457185
