ESTU,CCAA,ABSTENCION_HOMOG,N_MUESTRA,FECHA,TERRITORIO,ABSTENCION_ESCALA,FUENTE_HOMOG
3261.0,1.0,20.093808630393998,1079,2019-09,Andalucía,20.093808630393998,Escala 0-10
3261.0,2.0,26.274509803921568,170,2019-09,Aragón,26.274509803921568,Escala 0-10
3261.0,3.0,18.285714285714285,149,2019-09,Asturias,18.285714285714285,Escala 0-10
3261.0,4.0,22.520325203252032,127,2019-09,Baleares,22.520325203252032,Escala 0-10
3261.0,5.0,18.764940239043824,253,2019-09,Canarias,18.764940239043824,Escala 0-10
3261.0,6.0,18.625,80,2019-09,Cantabria,18.625,Escala 0-10
3261.0,7.0,25.691056910569106,265,2019-09,Castilla-La Mancha,25.691056910569106,Escala 0-10
3261.0,8.0,30.694864048338367,338,2019-09,Castilla y León,30.694864048338367,Escala 0-10
3261.0,9.0,19.93288590604027,902,2019-09,Cataluña,19.93288590604027,Escala 0-10
3261.0,10.0,22.705479452054796,612,2019-09,C. Valenciana,22.705479452054796,Escala 0-10
3261.0,11.0,25.4,151,2019-09,Extremadura,25.4,Escala 0-10
3261.0,12.0,25.49738219895288,389,2019-09,Galicia,25.49738219895288,Escala 0-10
3261.0,13.0,20.026315789473685,790,2019-09,Madrid,20.026315789473685,Escala 0-10
3261.0,14.0,31.228070175438596,173,2019-09,Murcia,31.228070175438596,Escala 0-10
3261.0,15.0,17.916666666666668,75,2019-09,Navarra,17.916666666666668,Escala 0-10
3261.0,16.0,24.041095890410958,297,2019-09,País Vasco,24.041095890410958,Escala 0-10
3261.0,17.0,28.0,37,2019-09,La Rioja,28.0,Escala 0-10
3267.0,1.0,16.339563862928348,651,2019-11,Andalucía,16.339563862928348,Escala 0-10
3267.0,2.0,18.071065989847718,200,2019-11,Aragón,18.071065989847718,Escala 0-10
3267.0,3.0,21.71717171717172,200,2019-11,Asturias,21.71717171717172,Escala 0-10
3267.0,4.0,21.979166666666664,194,2019-11,Baleares,21.979166666666664,Escala 0-10
3267.0,5.0,18.54054054054054,185,2019-11,Canarias,18.54054054054054,Escala 0-10
3267.0,6.0,16.200000000000006,200,2019-11,Cantabria,16.200000000000006,Escala 0-10
3267.0,7.0,17.20430107526882,191,2019-11,Castilla-La Mancha,17.20430107526882,Escala 0-10
3267.0,8.0,20.509259259259256,220,2019-11,Castilla y León,20.509259259259256,Escala 0-10
3267.0,9.0,13.903281519861826,586,2019-11,Cataluña,13.903281519861826,Escala 0-10
3267.0,10.0,17.748691099476442,394,2019-11,C. Valenciana,17.748691099476442,Escala 0-10
3267.0,11.0,15.555555555555555,198,2019-11,Extremadura,15.555555555555555,Escala 0-10
3267.0,12.0,20.12048192771084,250,2019-11,Galicia,20.12048192771084,Escala 0-10
3267.0,13.0,15.247524752475252,516,2019-11,Madrid,15.247524752475252,Escala 0-10
3267.0,14.0,18.020833333333332,192,2019-11,Murcia,18.020833333333332,Escala 0-10
3267.0,15.0,10.473372781065088,170,2019-11,Navarra,10.473372781065088,Escala 0-10
3267.0,16.0,16.78756476683937,195,2019-11,País Vasco,16.78756476683937,Escala 0-10
3267.0,17.0,13.172043010752692,188,2019-11,La Rioja,13.172043010752692,Escala 0-10
3271.0,1.0,21.96078431372549,517,2020-01,Andalucía,21.96078431372549,Escala 0-10
3271.0,2.0,26.50602409638554,85,2020-01,Aragón,26.50602409638554,Escala 0-10
3271.0,3.0,29.041095890410958,74,2020-01,Asturias,29.041095890410958,Escala 0-10
3271.0,4.0,30.158730158730158,66,2020-01,Baleares,30.158730158730158,Escala 0-10
3271.0,5.0,20.64814814814815,111,2020-01,Canarias,20.64814814814815,Escala 0-10
3271.0,6.0,16.5,40,2020-01,Cantabria,16.5,Escala 0-10
3271.0,7.0,31.84,132,2020-01,Castilla-La Mancha,31.84,Escala 0-10
3271.0,8.0,27.333333333333332,170,2020-01,Castilla y León,27.333333333333332,Escala 0-10
3271.0,9.0,17.228381374722836,455,2020-01,Cataluña,17.228381374722836,Escala 0-10
3271.0,10.0,22.635135135135137,304,2020-01,C. Valenciana,22.635135135135137,Escala 0-10
3271.0,11.0,32.93333333333333,76,2020-01,Extremadura,32.93333333333333,Escala 0-10
3271.0,12.0,27.447916666666668,194,2020-01,Galicia,27.447916666666668,Escala 0-10
3271.0,13.0,15.089058524173028,405,2020-01,Madrid,15.089058524173028,Escala 0-10
3271.0,14.0,27.92207792207792,85,2020-01,Murcia,27.92207792207792,Escala 0-10
3271.0,15.0,5.675675675675675,40,2020-01,Navarra,5.675675675675675,Escala 0-10
3271.0,16.0,18.47826086956522,144,2020-01,País Vasco,18.47826086956522,Escala 0-10
3271.0,17.0,35.5,21,2020-01,La Rioja,35.5,Escala 0-10
3273.0,1.0,23.559322033898304,536,2020-02,Andalucía,23.559322033898304,Escala 0-10
3273.0,2.0,20.240963855421686,85,2020-02,Aragón,20.240963855421686,Escala 0-10
3273.0,3.0,21.857142857142858,74,2020-02,Asturias,21.857142857142858,Escala 0-10
3273.0,4.0,26.21212121212121,66,2020-02,Baleares,26.21212121212121,Escala 0-10
3273.0,5.0,22.348484848484848,132,2020-02,Canarias,22.348484848484848,Escala 0-10
3273.0,6.0,20.0,40,2020-02,Cantabria,20.0,Escala 0-10
3273.0,7.0,16.585365853658537,132,2020-02,Castilla-La Mancha,16.585365853658537,Escala 0-10
3273.0,8.0,23.154761904761905,171,2020-02,Castilla y León,23.154761904761905,Escala 0-10
3273.0,9.0,14.295454545454545,448,2020-02,Cataluña,14.295454545454545,Escala 0-10
3273.0,10.0,19.693877551020407,297,2020-02,C. Valenciana,19.693877551020407,Escala 0-10
3273.0,11.0,25.13157894736842,76,2020-02,Extremadura,25.13157894736842,Escala 0-10
3273.0,12.0,21.917098445595855,194,2020-02,Galicia,21.917098445595855,Escala 0-10
3273.0,13.0,14.373401534526854,402,2020-02,Madrid,14.373401534526854,Escala 0-10
3273.0,14.0,20.952380952380953,86,2020-02,Murcia,20.952380952380953,Escala 0-10
3273.0,15.0,19.761904761904763,42,2020-02,Navarra,19.761904761904763,Escala 0-10
3273.0,16.0,20.28368794326241,146,2020-02,País Vasco,20.28368794326241,Escala 0-10
3273.0,17.0,7.5,20,2020-02,La Rioja,7.5,Escala 0-10
3277.0,1.0,20.964749536178108,544,2020-03,Andalucía,20.964749536178108,Escala 0-10
3277.0,2.0,19.615384615384617,85,2020-03,Aragón,19.615384615384617,Escala 0-10
3277.0,3.0,14.054054054054054,74,2020-03,Asturias,14.054054054054054,Escala 0-10
3277.0,4.0,28.688524590163933,61,2020-03,Baleares,28.688524590163933,Escala 0-10
3277.0,5.0,19.186991869918696,123,2020-03,Canarias,19.186991869918696,Escala 0-10
3277.0,6.0,17.0,40,2020-03,Cantabria,17.0,Escala 0-10
3277.0,7.0,19.531250000000004,133,2020-03,Castilla-La Mancha,19.531250000000004,Escala 0-10
3277.0,8.0,19.32098765432099,169,2020-03,Castilla y León,19.32098765432099,Escala 0-10
3277.0,9.0,14.335410444395865,1409,2020-03,Cataluña,14.335410444395865,Escala 0-10
3277.0,10.0,14.930555555555555,301,2020-03,C. Valenciana,14.930555555555555,Escala 0-10
3277.0,11.0,18.888888888888886,73,2020-03,Extremadura,18.888888888888886,Escala 0-10
3277.0,12.0,20.473684210526315,194,2020-03,Galicia,20.473684210526315,Escala 0-10
3277.0,13.0,15.584415584415586,401,2020-03,Madrid,15.584415584415586,Escala 0-10
3277.0,14.0,23.086419753086414,83,2020-03,Murcia,23.086419753086414,Escala 0-10
3277.0,15.0,9.5,42,2020-03,Navarra,9.5,Escala 0-10
3277.0,16.0,15.958904109589037,148,2020-03,País Vasco,15.958904109589037,Escala 0-10
3277.0,17.0,18.500000000000004,21,2020-03,La Rioja,18.500000000000004,Escala 0-10
3283.0,16.0,23.207547169811328,761,2020-06,País Vasco,23.207547169811328,Escala 0-10
3363.0,1.0,13.54847389598099,1293,2022-05,Andalucía,13.54847389598099,Escala 0-10
3375.0,1.0,14.080905047868741,689,2022-09,Andalucía,14.080905047868741,Escala 0-10
3375.0,2.0,18.994257048467244,104,2022-09,Aragón,18.994257048467244,Escala 0-10
3375.0,3.0,11.802678608575931,96,2022-09,Asturias,11.802678608575931,Escala 0-10
3375.0,4.0,18.605094764564658,89,2022-09,Baleares,18.605094764564658,Escala 0-10
3375.0,5.0,15.549946621167841,148,2022-09,Canarias,15.549946621167841,Escala 0-10
3375.0,6.0,8.902500107139796,94,2022-09,Cantabria,8.902500107139796,Escala 0-10
3375.0,7.0,18.98637534100891,159,2022-09,Castilla-La Mancha,18.98637534100891,Escala 0-10
3375.0,8.0,14.282594593376336,196,2022-09,Castilla y León,14.282594593376336,Escala 0-10
3375.0,9.0,21.466759833250944,569,2022-09,Cataluña,21.466759833250944,Escala 0-10
3375.0,10.0,16.404651109715847,374,2022-09,C. Valenciana,16.404651109715847,Escala 0-10
3375.0,11.0,15.913354756232824,84,2022-09,Extremadura,15.913354756232824,Escala 0-10
3375.0,12.0,13.60060228921987,235,2022-09,Galicia,13.60060228921987,Escala 0-10
3375.0,13.0,12.796571576514111,531,2022-09,Madrid,12.796571576514111,Escala 0-10
3375.0,14.0,23.700747376624047,96,2022-09,Murcia,23.700747376624047,Escala 0-10
3375.0,15.0,18.15694285731155,95,2022-09,Navarra,18.15694285731155,Escala 0-10
3375.0,16.0,18.366043273175837,188,2022-09,País Vasco,18.366043273175837,Escala 0-10
3375.0,17.0,14.039258501838148,76,2022-09,La Rioja,14.039258501838148,Escala 0-10
3380.0,1.0,13.946032179286394,638,2022-10,Andalucía,13.946032179286394,Escala 0-10
3380.0,2.0,17.360940440350454,99,2022-10,Aragón,17.360940440350454,Escala 0-10
3380.0,3.0,15.09447684437998,89,2022-10,Asturias,15.09447684437998,Escala 0-10
3380.0,4.0,19.166920829222054,94,2022-10,Baleares,19.166920829222054,Escala 0-10
3380.0,5.0,14.902106151158698,154,2022-10,Canarias,14.902106151158698,Escala 0-10
3380.0,6.0,9.192652696738863,90,2022-10,Cantabria,9.192652696738863,Escala 0-10
3380.0,7.0,17.71814397634655,154,2022-10,Castilla-La Mancha,17.71814397634655,Escala 0-10
3380.0,8.0,13.148902755414555,199,2022-10,Castilla y León,13.148902755414555,Escala 0-10
3380.0,9.0,18.992703879103086,521,2022-10,Cataluña,18.992703879103086,Escala 0-10
3380.0,10.0,16.55711816296589,369,2022-10,C. Valenciana,16.55711816296589,Escala 0-10
3380.0,11.0,16.728896811633515,85,2022-10,Extremadura,16.728896811633515,Escala 0-10
3380.0,12.0,10.257393228106688,225,2022-10,Galicia,10.257393228106688,Escala 0-10
3380.0,13.0,12.429642615345944,524,2022-10,Madrid,12.429642615345944,Escala 0-10
3380.0,14.0,11.447342384337647,106,2022-10,Murcia,11.447342384337647,Escala 0-10
3380.0,15.0,20.20306776870167,100,2022-10,Navarra,20.20306776870167,Escala 0-10
3380.0,16.0,20.475299391478973,182,2022-10,País Vasco,20.475299391478973,Escala 0-10
3380.0,17.0,8.43946047120346,69,2022-10,La Rioja,8.43946047120346,Escala 0-10
3384.0,1.0,14.185815657689341,675,2022-11,Andalucía,14.185815657689341,Escala 0-10
3384.0,2.0,18.145665546348212,101,2022-11,Aragón,18.145665546348212,Escala 0-10
3384.0,3.0,18.778395132148834,86,2022-11,Asturias,18.778395132148834,Escala 0-10
3384.0,4.0,16.63470378319962,106,2022-11,Baleares,16.63470378319962,Escala 0-10
3384.0,5.0,12.592228710469039,153,2022-11,Canarias,12.592228710469039,Escala 0-10
3384.0,6.0,19.139455385922616,85,2022-11,Cantabria,19.139455385922616,Escala 0-10
3384.0,7.0,20.65758344025536,164,2022-11,Castilla-La Mancha,20.65758344025536,Escala 0-10
3384.0,8.0,17.00919051526294,192,2022-11,Castilla y León,17.00919051526294,Escala 0-10
3384.0,9.0,16.87814608309162,574,2022-11,Cataluña,16.87814608309162,Escala 0-10
3384.0,10.0,16.001675509561785,382,2022-11,C. Valenciana,16.001675509561785,Escala 0-10
3384.0,11.0,14.39618667660311,112,2022-11,Extremadura,14.39618667660311,Escala 0-10
3384.0,12.0,12.270729298724829,222,2022-11,Galicia,12.270729298724829,Escala 0-10
3384.0,13.0,11.466083968580158,512,2022-11,Madrid,11.466083968580158,Escala 0-10
3384.0,14.0,12.642047373669163,91,2022-11,Murcia,12.642047373669163,Escala 0-10
3384.0,15.0,18.28372021957917,95,2022-11,Navarra,18.28372021957917,Escala 0-10
3384.0,16.0,18.20899189612184,179,2022-11,País Vasco,18.20899189612184,Escala 0-10
3384.0,17.0,11.651761778984511,72,2022-11,La Rioja,11.651761778984511,Escala 0-10
3388.0,1.0,14.867242928656568,688,2022-12,Andalucía,14.867242928656568,Escala 0-10
3388.0,2.0,18.13455700786527,114,2022-12,Aragón,18.13455700786527,Escala 0-10
3388.0,3.0,17.737859210410917,98,2022-12,Asturias,17.737859210410917,Escala 0-10
3388.0,4.0,19.303477419939426,87,2022-12,Baleares,19.303477419939426,Escala 0-10
3388.0,5.0,12.380847020124296,176,2022-12,Canarias,12.380847020124296,Escala 0-10
3388.0,6.0,13.287448852884928,100,2022-12,Cantabria,13.287448852884928,Escala 0-10
3388.0,7.0,21.873909855272743,157,2022-12,Castilla-La Mancha,21.873909855272743,Escala 0-10
3388.0,8.0,15.429623571948035,196,2022-12,Castilla y León,15.429623571948035,Escala 0-10
3388.0,9.0,18.0901437032381,537,2022-12,Cataluña,18.0901437032381,Escala 0-10
3388.0,10.0,14.356401414088122,381,2022-12,C. Valenciana,14.356401414088122,Escala 0-10
3388.0,11.0,15.333930139666318,88,2022-12,Extremadura,15.333930139666318,Escala 0-10
3388.0,12.0,15.158415091000219,254,2022-12,Galicia,15.158415091000219,Escala 0-10
3388.0,13.0,12.964983004022523,560,2022-12,Madrid,12.964983004022523,Escala 0-10
3388.0,14.0,15.478281997187983,123,2022-12,Murcia,15.478281997187983,Escala 0-10
3388.0,15.0,16.941697725923582,111,2022-12,Navarra,16.941697725923582,Escala 0-10
3388.0,16.0,20.602160815063822,207,2022-12,País Vasco,20.602160815063822,Escala 0-10
3388.0,17.0,15.659949305890105,200,2022-12,La Rioja,15.659949305890105,Escala 0-10
3390.0,1.0,15.386735748772862,677,2023-01,Andalucía,15.386735748772862,Escala 0-10
3390.0,2.0,17.1000043051794,105,2023-01,Aragón,17.1000043051794,Escala 0-10
3390.0,3.0,13.65065986285371,88,2023-01,Asturias,13.65065986285371,Escala 0-10
3390.0,4.0,13.719983621849657,94,2023-01,Baleares,13.719983621849657,Escala 0-10
3390.0,5.0,15.556731770641381,180,2023-01,Canarias,15.556731770641381,Escala 0-10
3390.0,6.0,17.83082400624448,87,2023-01,Cantabria,17.83082400624448,Escala 0-10
3390.0,7.0,18.47137547129647,161,2023-01,Castilla-La Mancha,18.47137547129647,Escala 0-10
3390.0,8.0,16.424023008568927,200,2023-01,Castilla y León,16.424023008568927,Escala 0-10
3390.0,9.0,18.929212524649895,569,2023-01,Cataluña,18.929212524649895,Escala 0-10
3390.0,10.0,15.387345784428161,409,2023-01,C. Valenciana,15.387345784428161,Escala 0-10
3390.0,11.0,19.69126891290371,96,2023-01,Extremadura,19.69126891290371,Escala 0-10
3390.0,12.0,14.522304191517055,227,2023-01,Galicia,14.522304191517055,Escala 0-10
3390.0,13.0,13.046676143480434,563,2023-01,Madrid,13.046676143480434,Escala 0-10
3390.0,14.0,13.908930058419411,104,2023-01,Murcia,13.908930058419411,Escala 0-10
3390.0,15.0,16.010010032164484,94,2023-01,Navarra,16.010010032164484,Escala 0-10
3390.0,16.0,19.94585342368418,181,2023-01,País Vasco,19.94585342368418,Escala 0-10
3390.0,17.0,14.723426365578895,82,2023-01,La Rioja,14.723426365578895,Escala 0-10
3395.0,1.0,15.153510984316787,677,2023-02,Andalucía,15.153510984316787,Escala 0-10
3395.0,2.0,18.835049744643158,103,2023-02,Aragón,18.835049744643158,Escala 0-10
3395.0,3.0,14.476622538714784,96,2023-02,Asturias,14.476622538714784,Escala 0-10
3395.0,4.0,19.843016950266616,99,2023-02,Baleares,19.843016950266616,Escala 0-10
3395.0,5.0,14.48678025682283,160,2023-02,Canarias,14.48678025682283,Escala 0-10
3395.0,6.0,15.976806940436136,97,2023-02,Cantabria,15.976806940436136,Escala 0-10
3395.0,7.0,13.890310594639697,168,2023-02,Castilla-La Mancha,13.890310594639697,Escala 0-10
3395.0,8.0,16.475061052837017,195,2023-02,Castilla y León,16.475061052837017,Escala 0-10
3395.0,9.0,21.953322182754185,562,2023-02,Cataluña,21.953322182754185,Escala 0-10
3395.0,10.0,15.605895667715625,375,2023-02,C. Valenciana,15.605895667715625,Escala 0-10
3395.0,11.0,19.827479761192993,85,2023-02,Extremadura,19.827479761192993,Escala 0-10
3395.0,12.0,12.948268049134427,250,2023-02,Galicia,12.948268049134427,Escala 0-10
3395.0,13.0,11.919431615819741,565,2023-02,Madrid,11.919431615819741,Escala 0-10
3395.0,14.0,15.552793258527045,120,2023-02,Murcia,15.552793258527045,Escala 0-10
3395.0,15.0,15.369358802583315,102,2023-02,Navarra,15.369358802583315,Escala 0-10
3395.0,16.0,23.962510054599132,174,2023-02,País Vasco,23.962510054599132,Escala 0-10
3395.0,17.0,15.464716912265986,91,2023-02,La Rioja,15.464716912265986,Escala 0-10
3398.0,1.0,16.372119200184528,653,2023-03,Andalucía,16.372119200184528,Escala 0-10
3398.0,2.0,22.58698934525889,97,2023-03,Aragón,22.58698934525889,Escala 0-10
3398.0,3.0,16.20965524944915,103,2023-03,Asturias,16.20965524944915,Escala 0-10
3398.0,4.0,10.402051050614157,98,2023-03,Baleares,10.402051050614157,Escala 0-10
3398.0,5.0,17.41220122169359,142,2023-03,Canarias,17.41220122169359,Escala 0-10
3398.0,6.0,13.019814902752339,90,2023-03,Cantabria,13.019814902752339,Escala 0-10
3398.0,7.0,18.141418418851682,152,2023-03,Castilla-La Mancha,18.141418418851682,Escala 0-10
3398.0,8.0,15.899155228716092,191,2023-03,Castilla y León,15.899155228716092,Escala 0-10
3398.0,9.0,17.846797478656832,571,2023-03,Cataluña,17.846797478656832,Escala 0-10
3398.0,10.0,14.965670542394632,378,2023-03,C. Valenciana,14.965670542394632,Escala 0-10
3398.0,11.0,16.478798613594044,99,2023-03,Extremadura,16.478798613594044,Escala 0-10
3398.0,12.0,15.835541565764283,228,2023-03,Galicia,15.835541565764283,Escala 0-10
3398.0,13.0,12.905298392298342,515,2023-03,Madrid,12.905298392298342,Escala 0-10
3398.0,14.0,16.688259885939086,105,2023-03,Murcia,16.688259885939086,Escala 0-10
3398.0,15.0,17.351171183863542,90,2023-03,Navarra,17.351171183863542,Escala 0-10
3398.0,16.0,20.16652415357746,181,2023-03,País Vasco,20.16652415357746,Escala 0-10
3398.0,17.0,13.915848557470134,80,2023-03,La Rioja,13.915848557470134,Escala 0-10
3403.0,1.0,14.749532246305714,725,2023-04,Andalucía,14.749532246305714,Escala 0-10
3403.0,2.0,20.150225146405024,113,2023-04,Aragón,20.150225146405024,Escala 0-10
3403.0,3.0,17.10129142926465,105,2023-04,Asturias,17.10129142926465,Escala 0-10
3403.0,4.0,16.509813220162048,104,2023-04,Baleares,16.509813220162048,Escala 0-10
3403.0,5.0,15.155678868248659,186,2023-04,Canarias,15.155678868248659,Escala 0-10
3403.0,6.0,18.32141792921271,111,2023-04,Cantabria,18.32141792921271,Escala 0-10
3403.0,7.0,14.869040015135093,177,2023-04,Castilla-La Mancha,14.869040015135093,Escala 0-10
3403.0,8.0,15.413855376501777,205,2023-04,Castilla y León,15.413855376501777,Escala 0-10
3403.0,9.0,18.28455659477262,588,2023-04,Cataluña,18.28455659477262,Escala 0-10
3403.0,10.0,17.91401833957789,398,2023-04,C. Valenciana,17.91401833957789,Escala 0-10
3403.0,11.0,14.040113525907712,105,2023-04,Extremadura,14.040113525907712,Escala 0-10
3403.0,12.0,16.421471116305334,256,2023-04,Galicia,16.421471116305334,Escala 0-10
3403.0,13.0,13.24200468911441,544,2023-04,Madrid,13.24200468911441,Escala 0-10
3403.0,14.0,14.053177063037777,123,2023-04,Murcia,14.053177063037777,Escala 0-10
3403.0,15.0,12.497658197665494,101,2023-04,Navarra,12.497658197665494,Escala 0-10
3403.0,16.0,18.939649388353747,172,2023-04,País Vasco,18.939649388353747,Escala 0-10
3403.0,17.0,15.618250413656757,109,2023-04,La Rioja,15.618250413656757,Escala 0-10
3405.0,1.0,13.920889330388261,678,2023-05,Andalucía,13.920889330388261,Escala 0-10
3405.0,2.0,17.124220900832928,113,2023-05,Aragón,17.124220900832928,Escala 0-10
3405.0,3.0,14.636729857592696,102,2023-05,Asturias,14.636729857592696,Escala 0-10
3405.0,4.0,18.58261252620485,106,2023-05,Baleares,18.58261252620485,Escala 0-10
3405.0,5.0,16.17462574391656,180,2023-05,Canarias,16.17462574391656,Escala 0-10
3405.0,6.0,16.301862825761336,101,2023-05,Cantabria,16.301862825761336,Escala 0-10
3405.0,7.0,16.43861623208297,159,2023-05,Castilla-La Mancha,16.43861623208297,Escala 0-10
3405.0,8.0,14.84406315229329,197,2023-05,Castilla y León,14.84406315229329,Escala 0-10
3405.0,9.0,18.593848168605785,587,2023-05,Cataluña,18.593848168605785,Escala 0-10
3405.0,10.0,14.475051227309024,393,2023-05,C. Valenciana,14.475051227309024,Escala 0-10
3405.0,11.0,11.866403537720815,95,2023-05,Extremadura,11.866403537720815,Escala 0-10
3405.0,12.0,13.750060362200141,236,2023-05,Galicia,13.750060362200141,Escala 0-10
3405.0,13.0,11.035079643615509,568,2023-05,Madrid,11.035079643615509,Escala 0-10
3405.0,14.0,14.441922893841394,121,2023-05,Murcia,14.441922893841394,Escala 0-10
3405.0,15.0,15.930453049000139,97,2023-05,Navarra,15.930453049000139,Escala 0-10
3405.0,16.0,22.866675572559764,178,2023-05,País Vasco,22.866675572559764,Escala 0-10
3405.0,17.0,13.420056433526355,86,2023-05,La Rioja,13.420056433526355,Escala 0-10
3413.0,1.0,10.66899831305272,739,2023-07,Andalucía,10.66899831305272,Escala 0-10
3413.0,2.0,10.165941321410697,114,2023-07,Aragón,10.165941321410697,Escala 0-10
3413.0,3.0,12.658647204373693,101,2023-07,Asturias,12.658647204373693,Escala 0-10
3413.0,4.0,12.62048853660544,107,2023-07,Baleares,12.62048853660544,Escala 0-10
3413.0,5.0,10.695737170101992,164,2023-07,Canarias,10.695737170101992,Escala 0-10
3413.0,6.0,9.343103581883081,103,2023-07,Cantabria,9.343103581883081,Escala 0-10
3413.0,7.0,11.041621975827654,166,2023-07,Castilla-La Mancha,11.041621975827654,Escala 0-10
3413.0,8.0,11.85990056018734,226,2023-07,Castilla y León,11.85990056018734,Escala 0-10
3413.0,9.0,16.122267757579856,585,2023-07,Cataluña,16.122267757579856,Escala 0-10
3413.0,10.0,10.57516590358677,410,2023-07,C. Valenciana,10.57516590358677,Escala 0-10
3413.0,11.0,9.65911835806583,105,2023-07,Extremadura,9.65911835806583,Escala 0-10
3413.0,12.0,11.711710663691388,246,2023-07,Galicia,11.711710663691388,Escala 0-10
3413.0,13.0,9.14841272455041,558,2023-07,Madrid,9.14841272455041,Escala 0-10
3413.0,14.0,15.110419096885463,134,2023-07,Murcia,15.110419096885463,Escala 0-10
3413.0,15.0,11.60255499964885,98,2023-07,Navarra,11.60255499964885,Escala 0-10
3413.0,16.0,14.423724756288246,191,2023-07,País Vasco,14.423724756288246,Escala 0-10
3413.0,17.0,7.407814115508185,89,2023-07,La Rioja,7.407814115508185,Escala 0-10
3423.0,1.0,11.911694758643318,724,2023-10,Andalucía,11.911694758643318,Escala 0-10
3423.0,2.0,6.492929837463766,107,2023-10,Aragón,6.492929837463766,Escala 0-10
3423.0,3.0,10.144622211523673,107,2023-10,Asturias,10.144622211523673,Escala 0-10
3423.0,4.0,8.650716931525848,96,2023-10,Baleares,8.650716931525848,Escala 0-10
3423.0,5.0,13.732098998880197,154,2023-10,Canarias,13.732098998880197,Escala 0-10
3423.0,6.0,14.104689143980426,95,2023-10,Cantabria,14.104689143980426,Escala 0-10
3423.0,7.0,18.59663728520129,162,2023-10,Castilla-La Mancha,18.59663728520129,Escala 0-10
3423.0,8.0,10.768353099753343,223,2023-10,Castilla y León,10.768353099753343,Escala 0-10
3423.0,9.0,15.136179324163455,593,2023-10,Cataluña,15.136179324163455,Escala 0-10
3423.0,10.0,13.006187223979477,375,2023-10,C. Valenciana,13.006187223979477,Escala 0-10
3423.0,11.0,7.682164287256501,88,2023-10,Extremadura,7.682164287256501,Escala 0-10
3423.0,12.0,13.474272688670954,262,2023-10,Galicia,13.474272688670954,Escala 0-10
3423.0,13.0,10.037340935618637,552,2023-10,Madrid,10.037340935618637,Escala 0-10
3423.0,14.0,11.724997970003868,115,2023-10,Murcia,11.724997970003868,Escala 0-10
3423.0,15.0,14.178665073001127,98,2023-10,Navarra,14.178665073001127,Escala 0-10
3423.0,16.0,16.413223156723973,179,2023-10,País Vasco,16.413223156723973,Escala 0-10
3423.0,17.0,12.90965684525116,73,2023-10,La Rioja,12.90965684525116,Escala 0-10
3427.0,1.0,14.374232582868473,729,2023-11,Andalucía,14.374232582868473,Escala 0-10
3427.0,2.0,6.521406497332026,103,2023-11,Aragón,6.521406497332026,Escala 0-10
3427.0,3.0,13.960277122454277,113,2023-11,Asturias,13.960277122454277,Escala 0-10
3427.0,4.0,16.057468193501435,104,2023-11,Baleares,16.057468193501435,Escala 0-10
3427.0,5.0,14.163030587981225,164,2023-11,Canarias,14.163030587981225,Escala 0-10
3427.0,6.0,11.483101726261431,91,2023-11,Cantabria,11.483101726261431,Escala 0-10
3427.0,7.0,20.97439511885225,164,2023-11,Castilla-La Mancha,20.97439511885225,Escala 0-10
3427.0,8.0,14.633081380336137,217,2023-11,Castilla y León,14.633081380336137,Escala 0-10
3427.0,9.0,17.23616826296974,596,2023-11,Cataluña,17.23616826296974,Escala 0-10
3427.0,10.0,15.0060924236059,412,2023-11,C. Valenciana,15.0060924236059,Escala 0-10
3427.0,11.0,12.033958628885133,89,2023-11,Extremadura,12.033958628885133,Escala 0-10
3427.0,12.0,13.884345327037488,228,2023-11,Galicia,13.884345327037488,Escala 0-10
3427.0,13.0,10.070572996200037,551,2023-11,Madrid,10.070572996200037,Escala 0-10
3427.0,14.0,14.374674041046216,123,2023-11,Murcia,14.374674041046216,Escala 0-10
3427.0,15.0,14.152987591625374,97,2023-11,Navarra,14.152987591625374,Escala 0-10
3427.0,16.0,16.521277629328267,191,2023-11,País Vasco,16.521277629328267,Escala 0-10
3427.0,17.0,21.906267491900156,87,2023-11,La Rioja,21.906267491900156,Escala 0-10
3431.0,1.0,15.912961189709234,863,2023-12,Andalucía,15.912961189709234,Escala 0-10
3431.0,2.0,13.31615210641046,138,2023-12,Aragón,13.31615210641046,Escala 0-10
3431.0,3.0,14.830747212477556,132,2023-12,Asturias,14.830747212477556,Escala 0-10
3431.0,4.0,12.576572822982719,102,2023-12,Baleares,12.576572822982719,Escala 0-10
3431.0,5.0,19.247316796142474,172,2023-12,Canarias,19.247316796142474,Escala 0-10
3431.0,6.0,12.229371845448815,115,2023-12,Cantabria,12.229371845448815,Escala 0-10
3431.0,7.0,11.919444687529266,205,2023-12,Castilla-La Mancha,11.919444687529266,Escala 0-10
3431.0,8.0,18.15647018857812,225,2023-12,Castilla y León,18.15647018857812,Escala 0-10
3431.0,9.0,16.92565737159572,606,2023-12,Cataluña,16.92565737159572,Escala 0-10
3431.0,10.0,12.243262095442176,423,2023-12,C. Valenciana,12.243262095442176,Escala 0-10
3431.0,11.0,16.621371374029003,104,2023-12,Extremadura,16.621371374029003,Escala 0-10
3431.0,12.0,15.15817949449796,315,2023-12,Galicia,15.15817949449796,Escala 0-10
3431.0,13.0,11.876150861847213,652,2023-12,Madrid,11.876150861847213,Escala 0-10
3431.0,14.0,16.26585677400388,114,2023-12,Murcia,16.26585677400388,Escala 0-10
3431.0,15.0,15.958655088108669,102,2023-12,Navarra,15.958655088108669,Escala 0-10
3431.0,16.0,16.603014644534294,222,2023-12,País Vasco,16.603014644534294,Escala 0-10
3431.0,17.0,15.324470631978453,89,2023-12,La Rioja,15.324470631978453,Escala 0-10
3435.0,1.0,17.11291744413628,730,2024-01,Andalucía,17.11291744413628,Escala 0-10
3435.0,2.0,22.478495034056234,116,2024-01,Aragón,22.478495034056234,Escala 0-10
3435.0,3.0,20.33954610317539,96,2024-01,Asturias,20.33954610317539,Escala 0-10
3435.0,4.0,12.147685601729929,91,2024-01,Baleares,12.147685601729929,Escala 0-10
3435.0,5.0,18.994801659651415,163,2024-01,Canarias,18.994801659651415,Escala 0-10
3435.0,6.0,19.44988804685583,98,2024-01,Cantabria,19.44988804685583,Escala 0-10
3435.0,7.0,14.362228397984648,149,2024-01,Castilla-La Mancha,14.362228397984648,Escala 0-10
3435.0,8.0,18.4343463707452,195,2024-01,Castilla y León,18.4343463707452,Escala 0-10
3435.0,9.0,22.629417421376882,558,2024-01,Cataluña,22.629417421376882,Escala 0-10
3435.0,10.0,18.224394776842807,406,2024-01,C. Valenciana,18.224394776842807,Escala 0-10
3435.0,11.0,10.227122611894233,87,2024-01,Extremadura,10.227122611894233,Escala 0-10
3435.0,12.0,20.56949848772381,264,2024-01,Galicia,20.56949848772381,Escala 0-10
3435.0,13.0,13.516338528873606,543,2024-01,Madrid,13.516338528873606,Escala 0-10
3435.0,14.0,13.350076713982121,128,2024-01,Murcia,13.350076713982121,Escala 0-10
3435.0,15.0,18.51981823428947,103,2024-01,Navarra,18.51981823428947,Escala 0-10
3435.0,16.0,14.531173504996795,172,2024-01,País Vasco,14.531173504996795,Escala 0-10
3435.0,17.0,10.359630997437918,84,2024-01,La Rioja,10.359630997437918,Escala 0-10
3441.0,1.0,15.26103644404788,662,2024-02,Andalucía,15.26103644404788,Escala 0-10
3441.0,2.0,21.083953851988362,106,2024-02,Aragón,21.083953851988362,Escala 0-10
3441.0,3.0,22.07094749609789,108,2024-02,Asturias,22.07094749609789,Escala 0-10
3441.0,4.0,9.403203600849594,97,2024-02,Baleares,9.403203600849594,Escala 0-10
3441.0,5.0,15.937985645794933,158,2024-02,Canarias,15.937985645794933,Escala 0-10
3441.0,6.0,14.990451669753066,96,2024-02,Cantabria,14.990451669753066,Escala 0-10
3441.0,7.0,12.920175110017516,161,2024-02,Castilla-La Mancha,12.920175110017516,Escala 0-10
3441.0,8.0,25.387605054989983,207,2024-02,Castilla y León,25.387605054989983,Escala 0-10
3441.0,9.0,25.641258991702916,529,2024-02,Cataluña,25.641258991702916,Escala 0-10
3441.0,10.0,12.889172734328897,382,2024-02,C. Valenciana,12.889172734328897,Escala 0-10
3441.0,11.0,18.056637094910688,91,2024-02,Extremadura,18.056637094910688,Escala 0-10
3441.0,12.0,8.649557861892516,248,2024-02,Galicia,8.649557861892516,Escala 0-10
3441.0,13.0,15.284233665625024,586,2024-02,Madrid,15.284233665625024,Escala 0-10
3441.0,14.0,25.983003668740306,115,2024-02,Murcia,25.983003668740306,Escala 0-10
3441.0,15.0,20.29123583254244,93,2024-02,Navarra,20.29123583254244,Escala 0-10
3441.0,16.0,17.01277114380852,178,2024-02,País Vasco,17.01277114380852,Escala 0-10
3441.0,17.0,15.617128865859607,84,2024-02,La Rioja,15.617128865859607,Escala 0-10
3445.0,1.0,15.808474574710567,661,2024-03,Andalucía,15.808474574710567,Escala 0-10
3445.0,2.0,25.179590669965037,102,2024-03,Aragón,25.179590669965037,Escala 0-10
3445.0,3.0,12.42563229506533,99,2024-03,Asturias,12.42563229506533,Escala 0-10
3445.0,4.0,13.535641032698475,95,2024-03,Baleares,13.535641032698475,Escala 0-10
3445.0,5.0,14.215322219265769,181,2024-03,Canarias,14.215322219265769,Escala 0-10
3445.0,6.0,19.10655778182184,102,2024-03,Cantabria,19.10655778182184,Escala 0-10
3445.0,7.0,19.241176632624875,165,2024-03,Castilla-La Mancha,19.241176632624875,Escala 0-10
3445.0,8.0,11.06253915016485,197,2024-03,Castilla y León,11.06253915016485,Escala 0-10
3445.0,9.0,18.497651506682622,543,2024-03,Cataluña,18.497651506682622,Escala 0-10
3445.0,10.0,13.18129188995708,374,2024-03,C. Valenciana,13.18129188995708,Escala 0-10
3445.0,11.0,21.55378438250532,100,2024-03,Extremadura,21.55378438250532,Escala 0-10
3445.0,12.0,15.757795397782003,229,2024-03,Galicia,15.757795397782003,Escala 0-10
3445.0,13.0,13.03198445043345,564,2024-03,Madrid,13.03198445043345,Escala 0-10
3445.0,14.0,12.444949421343903,117,2024-03,Murcia,12.444949421343903,Escala 0-10
3445.0,15.0,28.21244645816955,98,2024-03,Navarra,28.21244645816955,Escala 0-10
3445.0,16.0,17.5016507600863,180,2024-03,País Vasco,17.5016507600863,Escala 0-10
3445.0,17.0,22.920023497100484,89,2024-03,La Rioja,22.920023497100484,Escala 0-10
3450.0,1.0,15.824505211313841,696,2024-04,Andalucía,15.824505211313841,Escala 0-10
3450.0,2.0,9.447206068429729,101,2024-04,Aragón,9.447206068429729,Escala 0-10
3450.0,3.0,20.72555207604178,102,2024-04,Asturias,20.72555207604178,Escala 0-10
3450.0,4.0,15.49615545649603,97,2024-04,Baleares,15.49615545649603,Escala 0-10
3450.0,5.0,11.30594161999524,162,2024-04,Canarias,11.30594161999524,Escala 0-10
3450.0,6.0,14.49868078003076,96,2024-04,Cantabria,14.49868078003076,Escala 0-10
3450.0,7.0,20.452213733007408,161,2024-04,Castilla-La Mancha,20.452213733007408,Escala 0-10
3450.0,8.0,20.868139073730152,214,2024-04,Castilla y León,20.868139073730152,Escala 0-10
3450.0,9.0,19.00976119903466,580,2024-04,Cataluña,19.00976119903466,Escala 0-10
3450.0,10.0,16.844509085761388,397,2024-04,C. Valenciana,16.844509085761388,Escala 0-10
3450.0,11.0,14.172612921578155,99,2024-04,Extremadura,14.172612921578155,Escala 0-10
3450.0,12.0,11.803793940870051,247,2024-04,Galicia,11.803793940870051,Escala 0-10
3450.0,13.0,14.646832152041574,552,2024-04,Madrid,14.646832152041574,Escala 0-10
3450.0,14.0,20.20182903017946,107,2024-04,Murcia,20.20182903017946,Escala 0-10
3450.0,15.0,18.578438848232175,100,2024-04,Navarra,18.578438848232175,Escala 0-10
3450.0,16.0,13.989038126170554,181,2024-04,País Vasco,13.989038126170554,Escala 0-10
3450.0,17.0,21.500595900354494,103,2024-04,La Rioja,21.500595900354494,Escala 0-10
3457.0,1.0,17.43250519751172,702,2024-05,Andalucía,17.43250519751172,Escala 0-10
3457.0,2.0,12.730706908290914,102,2024-05,Aragón,12.730706908290914,Escala 0-10
3457.0,3.0,16.392250444387674,91,2024-05,Asturias,16.392250444387674,Escala 0-10
3457.0,4.0,11.609661677262471,97,2024-05,Baleares,11.609661677262471,Escala 0-10
3457.0,5.0,13.079278017858687,159,2024-05,Canarias,13.079278017858687,Escala 0-10
3457.0,6.0,19.38905121811854,106,2024-05,Cantabria,19.38905121811854,Escala 0-10
3457.0,7.0,12.704728587158062,159,2024-05,Castilla-La Mancha,12.704728587158062,Escala 0-10
3457.0,8.0,22.197185366255336,195,2024-05,Castilla y León,22.197185366255336,Escala 0-10
3457.0,9.0,16.73955636458503,584,2024-05,Cataluña,16.73955636458503,Escala 0-10
3457.0,10.0,14.061158515115537,432,2024-05,C. Valenciana,14.061158515115537,Escala 0-10
3457.0,11.0,22.93405003337574,106,2024-05,Extremadura,22.93405003337574,Escala 0-10
3457.0,12.0,13.40123935151648,230,2024-05,Galicia,13.40123935151648,Escala 0-10
3457.0,13.0,17.851509828910764,530,2024-05,Madrid,17.851509828910764,Escala 0-10
3457.0,14.0,14.542717754113797,121,2024-05,Murcia,14.542717754113797,Escala 0-10
3457.0,15.0,25.95528340702588,96,2024-05,Navarra,25.95528340702588,Escala 0-10
3457.0,16.0,25.84116812970295,180,2024-05,País Vasco,25.84116812970295,Escala 0-10
3457.0,17.0,12.879551071403602,90,2024-05,La Rioja,12.879551071403602,Escala 0-10
3463.0,1.0,17.10641501555381,701,2024-06,Andalucía,17.10641501555381,Escala 0-10
3463.0,2.0,9.827954363447,103,2024-06,Aragón,9.827954363447,Escala 0-10
3463.0,3.0,12.519316760592348,99,2024-06,Asturias,12.519316760592348,Escala 0-10
3463.0,4.0,13.450132570959797,102,2024-06,Baleares,13.450132570959797,Escala 0-10
3463.0,5.0,18.835820283375625,178,2024-06,Canarias,18.835820283375625,Escala 0-10
3463.0,6.0,12.542456752607425,105,2024-06,Cantabria,12.542456752607425,Escala 0-10
3463.0,7.0,20.19478289538267,166,2024-06,Castilla-La Mancha,20.19478289538267,Escala 0-10
3463.0,8.0,12.979361270935732,212,2024-06,Castilla y León,12.979361270935732,Escala 0-10
3463.0,9.0,19.0507620008688,573,2024-06,Cataluña,19.0507620008688,Escala 0-10
3463.0,10.0,13.206049086586422,383,2024-06,C. Valenciana,13.206049086586422,Escala 0-10
3463.0,11.0,29.641935628814544,98,2024-06,Extremadura,29.641935628814544,Escala 0-10
3463.0,12.0,15.686482407261527,248,2024-06,Galicia,15.686482407261527,Escala 0-10
3463.0,13.0,15.713171644498871,544,2024-06,Madrid,15.713171644498871,Escala 0-10
3463.0,14.0,11.11350723085829,114,2024-06,Murcia,11.11350723085829,Escala 0-10
3463.0,15.0,23.928999636899132,97,2024-06,Navarra,23.928999636899132,Escala 0-10
3463.0,16.0,18.641545468372072,165,2024-06,País Vasco,18.641545468372072,Escala 0-10
3463.0,17.0,18.390913947130855,86,2024-06,La Rioja,18.390913947130855,Escala 0-10
3474.0,1.0,17.58375676421041,740,2024-09,Andalucía,17.58375676421041,Escala 0-10
3474.0,2.0,18.946277165842258,107,2024-09,Aragón,18.946277165842258,Escala 0-10
3474.0,3.0,22.305544782523743,103,2024-09,Asturias,22.305544782523743,Escala 0-10
3474.0,4.0,12.68167021120284,95,2024-09,Baleares,12.68167021120284,Escala 0-10
3474.0,5.0,14.539506566082164,162,2024-09,Canarias,14.539506566082164,Escala 0-10
3474.0,6.0,12.329197104685548,107,2024-09,Cantabria,12.329197104685548,Escala 0-10
3474.0,7.0,17.54343274847339,165,2024-09,Castilla-La Mancha,17.54343274847339,Escala 0-10
3474.0,8.0,17.89368473983722,212,2024-09,Castilla y León,17.89368473983722,Escala 0-10
3474.0,9.0,18.922299240422923,585,2024-09,Cataluña,18.922299240422923,Escala 0-10
3474.0,10.0,12.20676091261722,378,2024-09,C. Valenciana,12.20676091261722,Escala 0-10
3474.0,11.0,8.682893056257296,97,2024-09,Extremadura,8.682893056257296,Escala 0-10
3474.0,12.0,12.389601856775371,227,2024-09,Galicia,12.389601856775371,Escala 0-10
3474.0,13.0,14.883860135374588,506,2024-09,Madrid,14.883860135374588,Escala 0-10
3474.0,14.0,24.022587602741403,132,2024-09,Murcia,24.022587602741403,Escala 0-10
3474.0,15.0,13.682356692029204,106,2024-09,Navarra,13.682356692029204,Escala 0-10
3474.0,16.0,18.179148883409482,174,2024-09,País Vasco,18.179148883409482,Escala 0-10
3474.0,17.0,26.314188787067753,97,2024-09,La Rioja,26.314188787067753,Escala 0-10
3478.0,1.0,15.60459177494674,683,2024-10,Andalucía,15.60459177494674,Escala 0-10
3478.0,2.0,20.272936279421124,103,2024-10,Aragón,20.272936279421124,Escala 0-10
3478.0,3.0,20.751535689110245,95,2024-10,Asturias,20.751535689110245,Escala 0-10
3478.0,4.0,11.550778503347876,99,2024-10,Baleares,11.550778503347876,Escala 0-10
3478.0,5.0,21.92560999231339,168,2024-10,Canarias,21.92560999231339,Escala 0-10
3478.0,6.0,13.255843898868283,99,2024-10,Cantabria,13.255843898868283,Escala 0-10
3478.0,7.0,18.221746123739486,164,2024-10,Castilla-La Mancha,18.221746123739486,Escala 0-10
3478.0,8.0,19.46946851899996,200,2024-10,Castilla y León,19.46946851899996,Escala 0-10
3478.0,9.0,20.97237033709709,583,2024-10,Cataluña,20.97237033709709,Escala 0-10
3478.0,10.0,16.53550183221667,404,2024-10,C. Valenciana,16.53550183221667,Escala 0-10
3478.0,11.0,22.79376288311699,94,2024-10,Extremadura,22.79376288311699,Escala 0-10
3478.0,12.0,14.515128548152227,231,2024-10,Galicia,14.515128548152227,Escala 0-10
3478.0,13.0,14.282608838462476,573,2024-10,Madrid,14.282608838462476,Escala 0-10
3478.0,14.0,18.445831403379685,111,2024-10,Murcia,18.445831403379685,Escala 0-10
3478.0,15.0,32.30961999857682,93,2024-10,Navarra,32.30961999857682,Escala 0-10
3478.0,16.0,20.467389451311252,180,2024-10,País Vasco,20.467389451311252,Escala 0-10
3478.0,17.0,33.373957072064684,90,2024-10,La Rioja,33.373957072064684,Escala 0-10
3485.0,1.0,19.858353731836708,688,2024-11,Andalucía,19.858353731836708,Escala 0-10
3485.0,2.0,35.8923816711086,97,2024-11,Aragón,35.8923816711086,Escala 0-10
3485.0,3.0,14.895944201053432,99,2024-11,Asturias,14.895944201053432,Escala 0-10
3485.0,4.0,27.781285092576237,94,2024-11,Baleares,27.781285092576237,Escala 0-10
3485.0,5.0,17.12807335439734,169,2024-11,Canarias,17.12807335439734,Escala 0-10
3485.0,6.0,22.9871188927609,98,2024-11,Cantabria,22.9871188927609,Escala 0-10
3485.0,7.0,21.902093963684507,171,2024-11,Castilla-La Mancha,21.902093963684507,Escala 0-10
3485.0,8.0,25.25554136559868,205,2024-11,Castilla y León,25.25554136559868,Escala 0-10
3485.0,9.0,22.340079280248855,598,2024-11,Cataluña,22.340079280248855,Escala 0-10
3485.0,10.0,21.997203155775768,415,2024-11,C. Valenciana,21.997203155775768,Escala 0-10
3485.0,11.0,21.645518884665766,96,2024-11,Extremadura,21.645518884665766,Escala 0-10
3485.0,12.0,22.369544703959996,251,2024-11,Galicia,22.369544703959996,Escala 0-10
3485.0,13.0,18.396610460991393,558,2024-11,Madrid,18.396610460991393,Escala 0-10
3485.0,14.0,19.35672898429171,115,2024-11,Murcia,19.35672898429171,Escala 0-10
3485.0,15.0,25.915245508741542,91,2024-11,Navarra,25.915245508741542,Escala 0-10
3485.0,16.0,18.471974329738565,175,2024-11,País Vasco,18.471974329738565,Escala 0-10
3485.0,17.0,14.416468495647877,72,2024-11,La Rioja,14.416468495647877,Escala 0-10
3489.0,1.0,18.524128056423944,641,2024-12,Andalucía,18.524128056423944,Escala 0-10
3489.0,2.0,30.759079382462062,105,2024-12,Aragón,30.759079382462062,Escala 0-10
3489.0,3.0,10.012048861489124,97,2024-12,Asturias,10.012048861489124,Escala 0-10
3489.0,4.0,24.57621797884227,104,2024-12,Baleares,24.57621797884227,Escala 0-10
3489.0,5.0,20.86936826171985,156,2024-12,Canarias,20.86936826171985,Escala 0-10
3489.0,6.0,16.22609302866897,108,2024-12,Cantabria,16.22609302866897,Escala 0-10
3489.0,7.0,16.50493152279165,160,2024-12,Castilla-La Mancha,16.50493152279165,Escala 0-10
3489.0,8.0,17.98868666572162,203,2024-12,Castilla y León,17.98868666572162,Escala 0-10
3489.0,9.0,20.966011928675943,558,2024-12,Cataluña,20.966011928675943,Escala 0-10
3489.0,10.0,21.987012642295813,1062,2024-12,C. Valenciana,21.987012642295813,Escala 0-10
3489.0,11.0,19.149037483363085,100,2024-12,Extremadura,19.149037483363085,Escala 0-10
3489.0,12.0,19.139415591190506,238,2024-12,Galicia,19.139415591190506,Escala 0-10
3489.0,13.0,14.038191144330266,547,2024-12,Madrid,14.038191144330266,Escala 0-10
3489.0,14.0,24.06571636312132,117,2024-12,Murcia,24.06571636312132,Escala 0-10
3489.0,15.0,16.229286987807463,113,2024-12,Navarra,16.229286987807463,Escala 0-10
3489.0,16.0,35.46787268562641,182,2024-12,País Vasco,35.46787268562641,Escala 0-10
3489.0,17.0,29.704527217246845,96,2024-12,La Rioja,29.704527217246845,Escala 0-10
3492.0,1.0,20.473601669249536,684,2025-01,Andalucía,20.473601669249536,Escala 0-10
3492.0,2.0,20.543646150269577,103,2025-01,Aragón,20.543646150269577,Escala 0-10
3492.0,3.0,13.138181865399348,96,2025-01,Asturias,13.138181865399348,Escala 0-10
3492.0,4.0,14.964684989996972,108,2025-01,Baleares,14.964684989996972,Escala 0-10
3492.0,5.0,16.012579895822984,159,2025-01,Canarias,16.012579895822984,Escala 0-10
3492.0,6.0,21.546987721111122,102,2025-01,Cantabria,21.546987721111122,Escala 0-10
3492.0,7.0,23.564071206228082,160,2025-01,Castilla-La Mancha,23.564071206228082,Escala 0-10
3492.0,8.0,18.224156416594695,215,2025-01,Castilla y León,18.224156416594695,Escala 0-10
3492.0,9.0,22.600799180243644,590,2025-01,Cataluña,22.600799180243644,Escala 0-10
3492.0,10.0,19.628028248680852,402,2025-01,C. Valenciana,19.628028248680852,Escala 0-10
3492.0,11.0,11.111139749980698,96,2025-01,Extremadura,11.111139749980698,Escala 0-10
3492.0,12.0,11.93052967593018,240,2025-01,Galicia,11.93052967593018,Escala 0-10
3492.0,13.0,17.40070444034478,544,2025-01,Madrid,17.40070444034478,Escala 0-10
3492.0,14.0,21.755485022333318,117,2025-01,Murcia,21.755485022333318,Escala 0-10
3492.0,15.0,20.260978431789383,95,2025-01,Navarra,20.260978431789383,Escala 0-10
3492.0,16.0,22.7013993992968,189,2025-01,País Vasco,22.7013993992968,Escala 0-10
3492.0,17.0,21.807161835993753,91,2025-01,La Rioja,21.807161835993753,Escala 0-10
3496.0,1.0,14.501587120290008,689,2025-02,Andalucía,14.501587120290008,Escala 0-10
3496.0,2.0,20.597159580920657,107,2025-02,Aragón,20.597159580920657,Escala 0-10
3496.0,3.0,25.772165262969164,96,2025-02,Asturias,25.772165262969164,Escala 0-10
3496.0,4.0,14.774467621156917,109,2025-02,Baleares,14.774467621156917,Escala 0-10
3496.0,5.0,13.410736144077354,170,2025-02,Canarias,13.410736144077354,Escala 0-10
3496.0,6.0,13.293501660127045,106,2025-02,Cantabria,13.293501660127045,Escala 0-10
3496.0,7.0,18.22545328756572,178,2025-02,Castilla-La Mancha,18.22545328756572,Escala 0-10
3496.0,8.0,18.827123762915733,203,2025-02,Castilla y León,18.827123762915733,Escala 0-10
3496.0,9.0,23.497767198438194,551,2025-02,Cataluña,23.497767198438194,Escala 0-10
3496.0,10.0,18.99855116144928,402,2025-02,C. Valenciana,18.99855116144928,Escala 0-10
3496.0,11.0,16.384640998841334,97,2025-02,Extremadura,16.384640998841334,Escala 0-10
3496.0,12.0,11.766986025315324,240,2025-02,Galicia,11.766986025315324,Escala 0-10
3496.0,13.0,18.836719470323597,554,2025-02,Madrid,18.836719470323597,Escala 0-10
3496.0,14.0,19.46898429646874,121,2025-02,Murcia,19.46898429646874,Escala 0-10
3496.0,15.0,39.71626374999411,105,2025-02,Navarra,39.71626374999411,Escala 0-10
3496.0,16.0,20.824167833288183,188,2025-02,País Vasco,20.824167833288183,Escala 0-10
3496.0,17.0,20.970081442892997,92,2025-02,La Rioja,20.970081442892997,Escala 0-10
3502.0,1.0,17.129009930581677,679,2025-03,Andalucía,17.129009930581677,Escala 0-10
3502.0,2.0,23.291354308501003,95,2025-03,Aragón,23.291354308501003,Escala 0-10
3502.0,3.0,19.417697823324904,91,2025-03,Asturias,19.417697823324904,Escala 0-10
3502.0,4.0,22.637104394682055,115,2025-03,Baleares,22.637104394682055,Escala 0-10
3502.0,5.0,15.160367415929743,154,2025-03,Canarias,15.160367415929743,Escala 0-10
3502.0,6.0,32.43228792366987,103,2025-03,Cantabria,32.43228792366987,Escala 0-10
3502.0,7.0,13.512544718949595,174,2025-03,Castilla-La Mancha,13.512544718949595,Escala 0-10
3502.0,8.0,23.71249344195436,196,2025-03,Castilla y León,23.71249344195436,Escala 0-10
3502.0,9.0,18.223298182333043,555,2025-03,Cataluña,18.223298182333043,Escala 0-10
3502.0,10.0,15.407013872941096,412,2025-03,C. Valenciana,15.407013872941096,Escala 0-10
3502.0,11.0,21.687163959678497,113,2025-03,Extremadura,21.687163959678497,Escala 0-10
3502.0,12.0,19.12320939585862,247,2025-03,Galicia,19.12320939585862,Escala 0-10
3502.0,13.0,17.62926135453899,562,2025-03,Madrid,17.62926135453899,Escala 0-10
3502.0,14.0,14.396915758854648,118,2025-03,Murcia,14.396915758854648,Escala 0-10
3502.0,15.0,24.099945907846045,105,2025-03,Navarra,24.099945907846045,Escala 0-10
3502.0,16.0,24.651181511350273,169,2025-03,País Vasco,24.651181511350273,Escala 0-10
3502.0,17.0,20.780764431395173,88,2025-03,La Rioja,20.780764431395173,Escala 0-10
3505.0,1.0,16.005128313165926,671,2025-04,Andalucía,16.005128313165926,Escala 0-10
3505.0,2.0,16.157305885743117,98,2025-04,Aragón,16.157305885743117,Escala 0-10
3505.0,3.0,17.283178447276228,95,2025-04,Asturias,17.283178447276228,Escala 0-10
3505.0,4.0,16.291461624559314,102,2025-04,Baleares,16.291461624559314,Escala 0-10
3505.0,5.0,17.02712252439609,171,2025-04,Canarias,17.02712252439609,Escala 0-10
3505.0,6.0,19.953367843107362,109,2025-04,Cantabria,19.953367843107362,Escala 0-10
3505.0,7.0,14.716580770399647,162,2025-04,Castilla-La Mancha,14.716580770399647,Escala 0-10
3505.0,8.0,21.977245688610015,202,2025-04,Castilla y León,21.977245688610015,Escala 0-10
3505.0,9.0,21.666146788950076,573,2025-04,Cataluña,21.666146788950076,Escala 0-10
3505.0,10.0,14.854718145253713,407,2025-04,C. Valenciana,14.854718145253713,Escala 0-10
3505.0,11.0,20.556216169187497,108,2025-04,Extremadura,20.556216169187497,Escala 0-10
3505.0,12.0,15.660913257119319,237,2025-04,Galicia,15.660913257119319,Escala 0-10
3505.0,13.0,14.48454428489541,543,2025-04,Madrid,14.48454428489541,Escala 0-10
3505.0,14.0,16.33617643411686,117,2025-04,Murcia,16.33617643411686,Escala 0-10
3505.0,15.0,20.657530361090405,108,2025-04,Navarra,20.657530361090405,Escala 0-10
3505.0,16.0,22.91221951284619,178,2025-04,País Vasco,22.91221951284619,Escala 0-10
3505.0,17.0,17.061521377694955,89,2025-04,La Rioja,17.061521377694955,Escala 0-10
3510.0,1.0,15.56612118456749,670,2025-05,Andalucía,15.56612118456749,Escala 0-10
3510.0,2.0,12.39371717472086,108,2025-05,Aragón,12.39371717472086,Escala 0-10
3510.0,3.0,17.561176407725306,93,2025-05,Asturias,17.561176407725306,Escala 0-10
3510.0,4.0,29.021215040263222,104,2025-05,Baleares,29.021215040263222,Escala 0-10
3510.0,5.0,9.721371300092512,161,2025-05,Canarias,9.721371300092512,Escala 0-10
3510.0,6.0,21.74207804616231,101,2025-05,Cantabria,21.74207804616231,Escala 0-10
3510.0,7.0,12.882773901199691,177,2025-05,Castilla-La Mancha,12.882773901199691,Escala 0-10
3510.0,8.0,16.810057435434167,207,2025-05,Castilla y León,16.810057435434167,Escala 0-10
3510.0,9.0,22.938659975875026,569,2025-05,Cataluña,22.938659975875026,Escala 0-10
3510.0,10.0,20.16434378812975,386,2025-05,C. Valenciana,20.16434378812975,Escala 0-10
3510.0,11.0,22.221950609181864,108,2025-05,Extremadura,22.221950609181864,Escala 0-10
3510.0,12.0,14.234609366820191,237,2025-05,Galicia,14.234609366820191,Escala 0-10
3510.0,13.0,15.66185403501405,549,2025-05,Madrid,15.66185403501405,Escala 0-10
3510.0,14.0,19.404473385290185,125,2025-05,Murcia,19.404473385290185,Escala 0-10
3510.0,15.0,21.626382623258063,101,2025-05,Navarra,21.626382623258063,Escala 0-10
3510.0,16.0,17.65568105665211,179,2025-05,País Vasco,17.65568105665211,Escala 0-10
3510.0,17.0,21.132779366881206,104,2025-05,La Rioja,21.132779366881206,Escala 0-10
3514.0,1.0,19.149214268384956,706,2025-06,Andalucía,19.149214268384956,Escala 0-10
3514.0,2.0,14.22774019246869,103,2025-06,Aragón,14.22774019246869,Escala 0-10
3514.0,3.0,18.776101556329113,92,2025-06,Asturias,18.776101556329113,Escala 0-10
3514.0,4.0,16.211586466709136,109,2025-06,Baleares,16.211586466709136,Escala 0-10
3514.0,5.0,15.836811790888458,178,2025-06,Canarias,15.836811790888458,Escala 0-10
3514.0,6.0,25.923243506146044,97,2025-06,Cantabria,25.923243506146044,Escala 0-10
3514.0,7.0,19.321589850729392,161,2025-06,Castilla-La Mancha,19.321589850729392,Escala 0-10
3514.0,8.0,16.377769474371302,191,2025-06,Castilla y León,16.377769474371302,Escala 0-10
3514.0,9.0,22.92823407357132,555,2025-06,Cataluña,22.92823407357132,Escala 0-10
3514.0,10.0,13.366286499492583,392,2025-06,C. Valenciana,13.366286499492583,Escala 0-10
3514.0,11.0,12.089043532090756,96,2025-06,Extremadura,12.089043532090756,Escala 0-10
3514.0,12.0,19.665274029288838,247,2025-06,Galicia,19.665274029288838,Escala 0-10
3514.0,13.0,17.01355957562617,551,2025-06,Madrid,17.01355957562617,Escala 0-10
3514.0,14.0,20.76111732514656,127,2025-06,Murcia,20.76111732514656,Escala 0-10
3514.0,15.0,12.699632866308582,109,2025-06,Navarra,12.699632866308582,Escala 0-10
3514.0,16.0,13.475909846326182,177,2025-06,País Vasco,13.475909846326182,Escala 0-10
3514.0,17.0,11.419062387334899,88,2025-06,La Rioja,11.419062387334899,Escala 0-10
3517.0,1.0,13.092843592825869,666,2025-07,Andalucía,13.092843592825869,Escala 0-10
3517.0,2.0,18.635151116071334,107,2025-07,Aragón,18.635151116071334,Escala 0-10
3517.0,3.0,16.841217741056507,107,2025-07,Asturias,16.841217741056507,Escala 0-10
3517.0,4.0,18.756327317426642,90,2025-07,Baleares,18.756327317426642,Escala 0-10
3517.0,5.0,13.282462626765884,173,2025-07,Canarias,13.282462626765884,Escala 0-10
3517.0,6.0,14.148688394474204,96,2025-07,Cantabria,14.148688394474204,Escala 0-10
3517.0,7.0,18.226426416569225,181,2025-07,Castilla-La Mancha,18.226426416569225,Escala 0-10
3517.0,8.0,24.39675518962833,214,2025-07,Castilla y León,24.39675518962833,Escala 0-10
3517.0,9.0,17.425690031443654,539,2025-07,Cataluña,17.425690031443654,Escala 0-10
3517.0,10.0,11.444178710845648,386,2025-07,C. Valenciana,11.444178710845648,Escala 0-10
3517.0,11.0,10.741206485710403,92,2025-07,Extremadura,10.741206485710403,Escala 0-10
3517.0,12.0,17.578165160709084,235,2025-07,Galicia,17.578165160709084,Escala 0-10
3517.0,13.0,13.519198086399602,631,2025-07,Madrid,13.519198086399602,Escala 0-10
3517.0,14.0,15.522415776254633,124,2025-07,Murcia,15.522415776254633,Escala 0-10
3517.0,15.0,19.32655387395833,93,2025-07,Navarra,19.32655387395833,Escala 0-10
3517.0,16.0,15.187630883593796,171,2025-07,País Vasco,15.187630883593796,Escala 0-10
3517.0,17.0,15.641807351657825,85,2025-07,La Rioja,15.641807351657825,Escala 0-10
3524.0,1.0,16.431983832834288,716,2025-09,Andalucía,16.431983832834288,Escala 0-10
3524.0,2.0,10.601402647536778,105,2025-09,Aragón,10.601402647536778,Escala 0-10
3524.0,3.0,13.600394225211472,106,2025-09,Asturias,13.600394225211472,Escala 0-10
3524.0,4.0,22.78895103528976,116,2025-09,Baleares,22.78895103528976,Escala 0-10
3524.0,5.0,19.455496123086107,170,2025-09,Canarias,19.455496123086107,Escala 0-10
3524.0,6.0,13.147073536375537,101,2025-09,Cantabria,13.147073536375537,Escala 0-10
3524.0,7.0,12.255223130711297,148,2025-09,Castilla-La Mancha,12.255223130711297,Escala 0-10
3524.0,8.0,24.649718602565496,215,2025-09,Castilla y León,24.649718602565496,Escala 0-10
3524.0,9.0,18.02318703555252,573,2025-09,Cataluña,18.02318703555252,Escala 0-10
3524.0,10.0,16.255843597949386,398,2025-09,C. Valenciana,16.255843597949386,Escala 0-10
3524.0,11.0,9.531468931654857,117,2025-09,Extremadura,9.531468931654857,Escala 0-10
3524.0,12.0,14.021419967216596,247,2025-09,Galicia,14.021419967216596,Escala 0-10
3524.0,13.0,12.303525452259361,558,2025-09,Madrid,12.303525452259361,Escala 0-10
3524.0,14.0,18.116967207120805,123,2025-09,Murcia,18.116967207120805,Escala 0-10
3524.0,15.0,21.68426511353422,103,2025-09,Navarra,21.68426511353422,Escala 0-10
3524.0,16.0,11.43165609899679,176,2025-09,País Vasco,11.43165609899679,Escala 0-10
3524.0,17.0,13.174131352120416,109,2025-09,La Rioja,13.174131352120416,Escala 0-10
3528.0,1.0,13.309859154929578,711,2025-10,Andalucía,13.309859154929578,Escala 0-10
3528.0,2.0,7.731958762886598,98,2025-10,Aragón,7.731958762886598,Escala 0-10
3528.0,3.0,15.656565656565656,99,2025-10,Asturias,15.656565656565656,Escala 0-10
3528.0,4.0,18.055555555555557,108,2025-10,Baleares,18.055555555555557,Escala 0-10
3528.0,5.0,13.525641025641026,158,2025-10,Canarias,13.525641025641026,Escala 0-10
3528.0,6.0,17.083333333333332,96,2025-10,Cantabria,17.083333333333332,Escala 0-10
3528.0,7.0,18.424242424242426,166,2025-10,Castilla-La Mancha,18.424242424242426,Escala 0-10
3528.0,8.0,17.37864077669903,206,2025-10,Castilla y León,17.37864077669903,Escala 0-10
3528.0,9.0,17.115716753022454,579,2025-10,Cataluña,17.115716753022454,Escala 0-10
3528.0,10.0,14.67005076142132,394,2025-10,C. Valenciana,14.67005076142132,Escala 0-10
3528.0,11.0,14.3,101,2025-10,Extremadura,14.3,Escala 0-10
3528.0,12.0,14.429824561403509,229,2025-10,Galicia,14.429824561403509,Escala 0-10
3528.0,13.0,12.869875222816399,561,2025-10,Madrid,12.869875222816399,Escala 0-10
3528.0,14.0,13.442622950819672,123,2025-10,Murcia,13.442622950819672,Escala 0-10
3528.0,15.0,16.630434782608695,93,2025-10,Navarra,16.630434782608695,Escala 0-10
3528.0,16.0,21.085714285714285,176,2025-10,País Vasco,21.085714285714285,Escala 0-10
3528.0,17.0,13.125,96,2025-10,La Rioja,13.125,Escala 0-10
3530.0,1.0,21.97001801258042,711,2025-11,Andalucía,21.97001801258042,Escala 0-10
3530.0,2.0,16.772991507816535,112,2025-11,Aragón,16.772991507816535,Escala 0-10
3530.0,3.0,19.002358891951683,97,2025-11,Asturias,19.002358891951683,Escala 0-10
3530.0,4.0,14.511490625339189,102,2025-11,Baleares,14.511490625339189,Escala 0-10
3530.0,5.0,10.239068700933917,152,2025-11,Canarias,10.239068700933917,Escala 0-10
3530.0,6.0,14.130532550869304,102,2025-11,Cantabria,14.130532550869304,Escala 0-10
3530.0,7.0,13.654680901578576,171,2025-11,Castilla-La Mancha,13.654680901578576,Escala 0-10
3530.0,8.0,13.986888577614371,211,2025-11,Castilla y León,13.986888577614371,Escala 0-10
3530.0,9.0,15.422763059069924,540,2025-11,Cataluña,15.422763059069924,Escala 0-10
3530.0,10.0,15.75536062366863,386,2025-11,C. Valenciana,15.75536062366863,Escala 0-10
3530.0,11.0,13.975090507249703,105,2025-11,Extremadura,13.975090507249703,Escala 0-10
3530.0,12.0,17.350344058256653,232,2025-11,Galicia,17.350344058256653,Escala 0-10
3530.0,13.0,16.250201824339655,561,2025-11,Madrid,16.250201824339655,Escala 0-10
3530.0,14.0,20.140299709829065,122,2025-11,Murcia,20.140299709829065,Escala 0-10
3530.0,15.0,19.27970668357371,106,2025-11,Navarra,19.27970668357371,Escala 0-10
3530.0,16.0,19.43285901353848,188,2025-11,País Vasco,19.43285901353848,Escala 0-10
3530.0,17.0,22.887604478858133,92,2025-11,La Rioja,22.887604478858133,Escala 0-10
3536.0,1.0,14.13433934454168,727,2025-12,Andalucía,14.13433934454168,Escala 0-10
3536.0,2.0,24.3379788800512,97,2025-12,Aragón,24.3379788800512,Escala 0-10
3536.0,3.0,20.317249462312823,90,2025-12,Asturias,20.317249462312823,Escala 0-10
3536.0,4.0,14.075304118384194,88,2025-12,Baleares,14.075304118384194,Escala 0-10
3536.0,5.0,13.75461587825395,164,2025-12,Canarias,13.75461587825395,Escala 0-10
3536.0,6.0,19.004620912968672,95,2025-12,Cantabria,19.004620912968672,Escala 0-10
3536.0,7.0,19.193383975557207,171,2025-12,Castilla-La Mancha,19.193383975557207,Escala 0-10
3536.0,8.0,12.307102065763724,185,2025-12,Castilla y León,12.307102065763724,Escala 0-10
3536.0,9.0,20.086058987354996,560,2025-12,Cataluña,20.086058987354996,Escala 0-10
3536.0,10.0,19.01569726793264,403,2025-12,C. Valenciana,19.01569726793264,Escala 0-10
3536.0,11.0,12.88216306544676,99,2025-12,Extremadura,12.88216306544676,Escala 0-10
3536.0,12.0,17.106759428803578,255,2025-12,Galicia,17.106759428803578,Escala 0-10
3536.0,13.0,15.494324106296023,573,2025-12,Madrid,15.494324106296023,Escala 0-10
3536.0,14.0,13.960571746269553,108,2025-12,Murcia,13.960571746269553,Escala 0-10
3536.0,15.0,10.879116737439892,92,2025-12,Navarra,10.879116737439892,Escala 0-10
3536.0,16.0,17.00784913664629,190,2025-12,País Vasco,17.00784913664629,Escala 0-10
3536.0,17.0,20.641077793549965,91,2025-12,La Rioja,20.641077793549965,Escala 0-10
3540.0,1.0,13.13163810212449,683,2026-01,Andalucía,13.13163810212449,Escala 0-10
3540.0,2.0,16.392011344689507,102,2026-01,Aragón,16.392011344689507,Escala 0-10
3540.0,3.0,6.941853980828779,101,2026-01,Asturias,6.941853980828779,Escala 0-10
3540.0,4.0,18.20232579042601,100,2026-01,Baleares,18.20232579042601,Escala 0-10
3540.0,5.0,13.880006729672782,157,2026-01,Canarias,13.880006729672782,Escala 0-10
3540.0,6.0,18.137989113961353,90,2026-01,Cantabria,18.137989113961353,Escala 0-10
3540.0,7.0,15.389801951293524,169,2026-01,Castilla-La Mancha,15.389801951293524,Escala 0-10
3540.0,8.0,14.229779762107604,208,2026-01,Castilla y León,14.229779762107604,Escala 0-10
3540.0,9.0,17.762828851177535,574,2026-01,Cataluña,17.762828851177535,Escala 0-10
3540.0,10.0,16.058902126817028,404,2026-01,C. Valenciana,16.058902126817028,Escala 0-10
3540.0,11.0,15.412512205980377,98,2026-01,Extremadura,15.412512205980377,Escala 0-10
3540.0,12.0,16.770312127222294,242,2026-01,Galicia,16.770312127222294,Escala 0-10
3540.0,13.0,14.970681740122485,579,2026-01,Madrid,14.970681740122485,Escala 0-10
3540.0,14.0,20.522994361189546,115,2026-01,Murcia,20.522994361189546,Escala 0-10
3540.0,15.0,22.217167176261245,104,2026-01,Navarra,22.217167176261245,Escala 0-10
3540.0,16.0,17.781321970497732,176,2026-01,País Vasco,17.781321970497732,Escala 0-10
3540.0,17.0,19.044156437263965,79,2026-01,La Rioja,19.044156437263965,Escala 0-10
3544.0,1.0,11.528532074305922,737,2026-02,Andalucía,11.528532074305922,Escala 0-10
3544.0,2.0,12.320508305975519,103,2026-02,Aragón,12.320508305975519,Escala 0-10
3544.0,3.0,7.549805387408275,110,2026-02,Asturias,7.549805387408275,Escala 0-10
3544.0,4.0,9.893946256170643,97,2026-02,Baleares,9.893946256170643,Escala 0-10
3544.0,5.0,14.514652774632138,173,2026-02,Canarias,14.514652774632138,Escala 0-10
3544.0,6.0,15.696023369542603,106,2026-02,Cantabria,15.696023369542603,Escala 0-10
3544.0,7.0,15.94396008315206,157,2026-02,Castilla-La Mancha,15.94396008315206,Escala 0-10
3544.0,8.0,21.889836764218487,180,2026-02,Castilla y León,21.889836764218487,Escala 0-10
3544.0,9.0,16.953427953795636,543,2026-02,Cataluña,16.953427953795636,Escala 0-10
3544.0,10.0,16.165498287242272,393,2026-02,C. Valenciana,16.165498287242272,Escala 0-10
3544.0,11.0,11.361097619519054,100,2026-02,Extremadura,11.361097619519054,Escala 0-10
3544.0,12.0,10.778965594146939,236,2026-02,Galicia,10.778965594146939,Escala 0-10
3544.0,13.0,14.577145273111112,578,2026-02,Madrid,14.577145273111112,Escala 0-10
3544.0,14.0,16.31135711809557,118,2026-02,Murcia,16.31135711809557,Escala 0-10
3544.0,15.0,14.761489971079918,106,2026-02,Navarra,14.761489971079918,Escala 0-10
3544.0,16.0,12.299660625612912,181,2026-02,País Vasco,12.299660625612912,Escala 0-10
3544.0,17.0,24.044136068763603,76,2026-02,La Rioja,24.044136068763603,Escala 0-10
3546.0,1.0,15.317275367143766,701,2026-03,Andalucía,15.317275367143766,Escala 0-10
3546.0,2.0,15.446383944291098,99,2026-03,Aragón,15.446383944291098,Escala 0-10
3546.0,3.0,17.809939474178023,102,2026-03,Asturias,17.809939474178023,Escala 0-10
3546.0,4.0,24.333256264920564,92,2026-03,Baleares,24.333256264920564,Escala 0-10
3546.0,5.0,14.539882793901041,160,2026-03,Canarias,14.539882793901041,Escala 0-10
3546.0,6.0,14.986439367501415,104,2026-03,Cantabria,14.986439367501415,Escala 0-10
3546.0,7.0,14.901384767298945,157,2026-03,Castilla-La Mancha,14.901384767298945,Escala 0-10
3546.0,8.0,16.81826085059399,205,2026-03,Castilla y León,16.81826085059399,Escala 0-10
3546.0,9.0,18.372749214032268,564,2026-03,Cataluña,18.372749214032268,Escala 0-10
3546.0,10.0,13.465957231061108,395,2026-03,C. Valenciana,13.465957231061108,Escala 0-10
3546.0,11.0,12.369437410490308,85,2026-03,Extremadura,12.369437410490308,Escala 0-10
3546.0,12.0,21.811991884990178,240,2026-03,Galicia,21.811991884990178,Escala 0-10
3546.0,13.0,16.31369563540492,582,2026-03,Madrid,16.31369563540492,Escala 0-10
3546.0,14.0,19.511755549464016,124,2026-03,Murcia,19.511755549464016,Escala 0-10
3546.0,15.0,14.465030301222395,97,2026-03,Navarra,14.465030301222395,Escala 0-10
3546.0,16.0,13.226817028240701,184,2026-03,País Vasco,13.226817028240701,Escala 0-10
3546.0,17.0,8.477711013607255,93,2026-03,La Rioja,8.477711013607255,Escala 0-10
3557.0,1.0,11.744063195428115,685,2026-04,Andalucía,11.744063195428115,Escala 0-10
3557.0,2.0,10.605828498335335,106,2026-04,Aragón,10.605828498335335,Escala 0-10
3557.0,3.0,20.16922343207326,102,2026-04,Asturias,20.16922343207326,Escala 0-10
3557.0,4.0,18.677745947714865,99,2026-04,Baleares,18.677745947714865,Escala 0-10
3557.0,5.0,11.184786609386034,169,2026-04,Canarias,11.184786609386034,Escala 0-10
3557.0,6.0,21.09994111115245,100,2026-04,Cantabria,21.09994111115245,Escala 0-10
3557.0,7.0,27.860563098730157,176,2026-04,Castilla-La Mancha,27.860563098730157,Escala 0-10
3557.0,8.0,10.58595020163425,203,2026-04,Castilla y León,10.58595020163425,Escala 0-10
3557.0,9.0,16.832243005394325,583,2026-04,Cataluña,16.832243005394325,Escala 0-10
3557.0,10.0,17.65638094740633,394,2026-04,C. Valenciana,17.65638094740633,Escala 0-10
3557.0,11.0,20.991806738216837,97,2026-04,Extremadura,20.991806738216837,Escala 0-10
3557.0,12.0,12.583586540455062,220,2026-04,Galicia,12.583586540455062,Escala 0-10
3557.0,13.0,9.527690768826439,568,2026-04,Madrid,9.527690768826439,Escala 0-10
3557.0,14.0,19.98001235664719,120,2026-04,Murcia,19.98001235664719,Escala 0-10
3557.0,15.0,19.564623815524744,86,2026-04,Navarra,19.564623815524744,Escala 0-10
3557.0,16.0,15.908502135552657,189,2026-04,País Vasco,15.908502135552657,Escala 0-10
3557.0,17.0,17.720189246080952,90,2026-04,La Rioja,17.720189246080952,Escala 0-10
3562.0,1.0,9.711896630832248,676,2026-05,Andalucía,9.711896630832248,Escala 0-10
3562.0,2.0,11.484490389248444,116,2026-05,Aragón,11.484490389248444,Escala 0-10
3562.0,3.0,8.472975995771012,99,2026-05,Asturias,8.472975995771012,Escala 0-10
3562.0,4.0,12.788630876398685,113,2026-05,Baleares,12.788630876398685,Escala 0-10
3562.0,5.0,17.508595209558802,182,2026-05,Canarias,17.508595209558802,Escala 0-10
3562.0,6.0,11.614223847862267,109,2026-05,Cantabria,11.614223847862267,Escala 0-10
3562.0,7.0,19.70990089310887,164,2026-05,Castilla-La Mancha,19.70990089310887,Escala 0-10
3562.0,8.0,13.947467979814622,199,2026-05,Castilla y León,13.947467979814622,Escala 0-10
3562.0,9.0,14.816310232110046,584,2026-05,Cataluña,14.816310232110046,Escala 0-10
3562.0,10.0,14.470847768510696,380,2026-05,C. Valenciana,14.470847768510696,Escala 0-10
3562.0,11.0,9.526114250529208,96,2026-05,Extremadura,9.526114250529208,Escala 0-10
3562.0,12.0,18.257165410897933,235,2026-05,Galicia,18.257165410897933,Escala 0-10
3562.0,13.0,10.881160629748765,550,2026-05,Madrid,10.881160629748765,Escala 0-10
3562.0,14.0,10.172890262994935,117,2026-05,Murcia,10.172890262994935,Escala 0-10
3562.0,15.0,19.142996134517198,98,2026-05,Navarra,19.142996134517198,Escala 0-10
3562.0,16.0,17.34864193615849,174,2026-05,País Vasco,17.34864193615849,Escala 0-10
3562.0,17.0,17.344427932697283,88,2026-05,La Rioja,17.344427932697283,Escala 0-10
3567.0,1.0,8.301716179236575,687,2026-06,Andalucía,8.301716179236575,Escala 0-10
3567.0,2.0,14.331046858497597,107,2026-06,Aragón,14.331046858497597,Escala 0-10
3567.0,3.0,13.101023988693813,103,2026-06,Asturias,13.101023988693813,Escala 0-10
3567.0,4.0,9.386037677544563,98,2026-06,Baleares,9.386037677544563,Escala 0-10
3567.0,5.0,13.998582555542713,186,2026-06,Canarias,13.998582555542713,Escala 0-10
3567.0,6.0,19.749175739168443,107,2026-06,Cantabria,19.749175739168443,Escala 0-10
3567.0,7.0,20.223410969815138,165,2026-06,Castilla-La Mancha,20.223410969815138,Escala 0-10
3567.0,8.0,13.255998592012432,194,2026-06,Castilla y León,13.255998592012432,Escala 0-10
3567.0,9.0,14.613911365166638,595,2026-06,Cataluña,14.613911365166638,Escala 0-10
3567.0,10.0,11.141104662887402,386,2026-06,C. Valenciana,11.141104662887402,Escala 0-10
3567.0,11.0,12.662385798049083,97,2026-06,Extremadura,12.662385798049083,Escala 0-10
3567.0,12.0,9.635201094668197,234,2026-06,Galicia,9.635201094668197,Escala 0-10
3567.0,13.0,13.434145238961376,529,2026-06,Madrid,13.434145238961376,Escala 0-10
3567.0,14.0,11.87674225514226,120,2026-06,Murcia,11.87674225514226,Escala 0-10
3567.0,15.0,21.15395803407295,99,2026-06,Navarra,21.15395803407295,Escala 0-10
3567.0,16.0,20.26604333891284,192,2026-06,País Vasco,20.26604333891284,Escala 0-10
3567.0,17.0,10.164275460083651,90,2026-06,La Rioja,10.164275460083651,Escala 0-10
