Periodo,Dominio,Pilar,Score,Dominio_Geom,Dominio_Aritm,Penalizacion_Deseq,Es_Cuello_Botella,Es_Fortaleza
2016Q1,Sociedades Inclusivas,1. Seguridad,49.92045734957451,62.50008584073609,64.46373066087506,1.963644820138967,False,False
2016Q1,Sociedades Inclusivas,2. Libertad,84.88972077474199,62.50008584073609,64.46373066087506,1.963644820138967,False,True
2016Q1,Sociedades Inclusivas,3. Gobernanza,47.94714112533461,62.50008584073609,64.46373066087506,1.963644820138967,True,False
2016Q1,Sociedades Inclusivas,4. Capital Social,75.09760339384914,62.50008584073609,64.46373066087506,1.963644820138967,False,False
2016Q2,Sociedades Inclusivas,1. Seguridad,48.80266588846874,61.276633304165436,63.411748462396844,2.1351151582314074,False,False
2016Q2,Sociedades Inclusivas,2. Libertad,83.95911915657935,61.276633304165436,63.411748462396844,2.1351151582314074,False,True
2016Q2,Sociedades Inclusivas,3. Gobernanza,45.86730939714873,61.276633304165436,63.411748462396844,2.1351151582314074,True,False
2016Q2,Sociedades Inclusivas,4. Capital Social,75.01789940739053,61.276633304165436,63.411748462396844,2.1351151582314074,False,False
2016Q3,Sociedades Inclusivas,1. Seguridad,48.1420165482133,60.73168359055762,63.013871873033565,2.2821882824759427,False,False
2016Q3,Sociedades Inclusivas,2. Libertad,83.73501358951819,60.73168359055762,63.013871873033565,2.2821882824759427,False,True
2016Q3,Sociedades Inclusivas,3. Gobernanza,44.72510525677442,60.73168359055762,63.013871873033565,2.2821882824759427,True,False
2016Q3,Sociedades Inclusivas,4. Capital Social,75.45335209762835,60.73168359055762,63.013871873033565,2.2821882824759427,False,False
2016Q4,Sociedades Inclusivas,1. Seguridad,47.23511342439342,60.593960373229876,63.01654291865807,2.4225825454281917,False,False
2016Q4,Sociedades Inclusivas,2. Libertad,84.11064841623701,60.593960373229876,63.01654291865807,2.4225825454281917,False,True
2016Q4,Sociedades Inclusivas,3. Gobernanza,44.541949194006605,60.593960373229876,63.01654291865807,2.4225825454281917,True,False
2016Q4,Sociedades Inclusivas,4. Capital Social,76.17846063999525,60.593960373229876,63.01654291865807,2.4225825454281917,False,False
2017Q1,Sociedades Inclusivas,1. Seguridad,40.981032505771935,57.10560422357627,59.649189940820825,2.5435857172445537,True,False
2017Q1,Sociedades Inclusivas,2. Libertad,77.02738806340695,57.10560422357627,59.649189940820825,2.5435857172445537,False,True
2017Q1,Sociedades Inclusivas,3. Gobernanza,43.96944336757308,57.10560422357627,59.649189940820825,2.5435857172445537,False,False
2017Q1,Sociedades Inclusivas,4. Capital Social,76.61889582653134,57.10560422357627,59.649189940820825,2.5435857172445537,False,False
2017Q2,Sociedades Inclusivas,1. Seguridad,42.414988452592006,59.566369145460705,61.73728026750925,2.170911122048544,True,False
2017Q2,Sociedades Inclusivas,2. Libertad,77.90690687550494,59.566369145460705,61.73728026750925,2.170911122048544,False,True
2017Q2,Sociedades Inclusivas,3. Gobernanza,49.21567059683282,59.566369145460705,61.73728026750925,2.170911122048544,False,False
2017Q2,Sociedades Inclusivas,4. Capital Social,77.41155514510724,59.566369145460705,61.73728026750925,2.170911122048544,False,False
2017Q3,Sociedades Inclusivas,1. Seguridad,42.077820067978934,60.11322429511737,62.25397438968244,2.140750094565071,True,False
2017Q3,Sociedades Inclusivas,2. Libertad,77.9607307212557,60.11322429511737,62.25397438968244,2.140750094565071,False,True
2017Q3,Sociedades Inclusivas,3. Gobernanza,51.140759006050125,60.11322429511737,62.25397438968244,2.140750094565071,False,False
2017Q3,Sociedades Inclusivas,4. Capital Social,77.83658776344502,60.11322429511737,62.25397438968244,2.140750094565071,False,False
2017Q4,Sociedades Inclusivas,1. Seguridad,41.91090341614226,58.3001002607073,60.651522339167514,2.3514220784602102,True,False
2017Q4,Sociedades Inclusivas,2. Libertad,76.4622787423762,58.3001002607073,60.651522339167514,2.3514220784602102,False,False
2017Q4,Sociedades Inclusivas,3. Gobernanza,46.19561567648624,58.3001002607073,60.651522339167514,2.3514220784602102,False,False
2017Q4,Sociedades Inclusivas,4. Capital Social,78.03729152166535,58.3001002607073,60.651522339167514,2.3514220784602102,False,True
2018Q1,Sociedades Inclusivas,1. Seguridad,45.39016750242996,59.13092877853537,61.3812921245806,2.2503633460452264,False,False
2018Q1,Sociedades Inclusivas,2. Libertad,76.80653760664833,59.13092877853537,61.3812921245806,2.2503633460452264,False,False
2018Q1,Sociedades Inclusivas,3. Gobernanza,44.46610015586666,59.13092877853537,61.3812921245806,2.2503633460452264,True,False
2018Q1,Sociedades Inclusivas,4. Capital Social,78.86236323337744,59.13092877853537,61.3812921245806,2.2503633460452264,False,True
2018Q2,Sociedades Inclusivas,1. Seguridad,44.835002761642514,59.744529566519596,61.48613144509854,1.7416018785789475,True,False
2018Q2,Sociedades Inclusivas,2. Libertad,72.21509673720112,59.744529566519596,61.48613144509854,1.7416018785789475,False,False
2018Q2,Sociedades Inclusivas,3. Gobernanza,49.6681980909536,59.744529566519596,61.48613144509854,1.7416018785789475,False,False
2018Q2,Sociedades Inclusivas,4. Capital Social,79.22622819059694,59.744529566519596,61.48613144509854,1.7416018785789475,False,True
2018Q3,Sociedades Inclusivas,1. Seguridad,44.52351387751841,57.24165788662523,59.6666992359127,2.4250413492874756,False,False
2018Q3,Sociedades Inclusivas,2. Libertad,72.59134973130352,57.24165788662523,59.6666992359127,2.4250413492874756,False,False
2018Q3,Sociedades Inclusivas,3. Gobernanza,41.4909920864605,57.24165788662523,59.6666992359127,2.4250413492874756,True,False
2018Q3,Sociedades Inclusivas,4. Capital Social,80.06094124836837,57.24165788662523,59.6666992359127,2.4250413492874756,False,True
2018Q4,Sociedades Inclusivas,1. Seguridad,44.68546791151945,56.88483710932541,59.49104860181806,2.6062114924926476,False,False
2018Q4,Sociedades Inclusivas,2. Libertad,72.75578688067937,56.88483710932541,59.49104860181806,2.6062114924926476,False,False
2018Q4,Sociedades Inclusivas,3. Gobernanza,39.99498805676513,56.88483710932541,59.49104860181806,2.6062114924926476,True,False
2018Q4,Sociedades Inclusivas,4. Capital Social,80.52795155830827,56.88483710932541,59.49104860181806,2.6062114924926476,False,True
2019Q1,Sociedades Inclusivas,1. Seguridad,45.09819015283224,56.197004658357216,58.86365987800013,2.6666552196429123,False,False
2019Q1,Sociedades Inclusivas,2. Libertad,70.64286372494772,56.197004658357216,58.86365987800013,2.6666552196429123,False,False
2019Q1,Sociedades Inclusivas,3. Gobernanza,38.5905669725381,56.197004658357216,58.86365987800013,2.6666552196429123,True,False
2019Q1,Sociedades Inclusivas,4. Capital Social,81.12301866168244,56.197004658357216,58.86365987800013,2.6666552196429123,False,True
2019Q2,Sociedades Inclusivas,1. Seguridad,46.35789747738112,58.376399837002104,60.81284625296212,2.436446415960013,False,False
2019Q2,Sociedades Inclusivas,2. Libertad,72.9225160099765,58.376399837002104,60.81284625296212,2.436446415960013,False,False
2019Q2,Sociedades Inclusivas,3. Gobernanza,41.813552862454756,58.376399837002104,60.81284625296212,2.436446415960013,True,False
2019Q2,Sociedades Inclusivas,4. Capital Social,82.1574186620361,58.376399837002104,60.81284625296212,2.436446415960013,False,True
2019Q3,Sociedades Inclusivas,1. Seguridad,44.15832561916155,62.06303789355772,63.66826724678843,1.6052293532307118,True,False
2019Q3,Sociedades Inclusivas,2. Libertad,70.0888280227048,62.06303789355772,63.66826724678843,1.6052293532307118,False,False
2019Q3,Sociedades Inclusivas,3. Gobernanza,58.54416015047479,62.06303789355772,63.66826724678843,1.6052293532307118,False,False
2019Q3,Sociedades Inclusivas,4. Capital Social,81.88175519481256,62.06303789355772,63.66826724678843,1.6052293532307118,False,True
2019Q4,Sociedades Inclusivas,1. Seguridad,44.53039767674731,61.62770312892766,63.17840326629512,1.550700137367464,True,False
2019Q4,Sociedades Inclusivas,2. Libertad,68.88731757865713,61.62770312892766,63.17840326629512,1.550700137367464,False,False
2019Q4,Sociedades Inclusivas,3. Gobernanza,57.459381149281256,61.62770312892766,63.17840326629512,1.550700137367464,False,False
2019Q4,Sociedades Inclusivas,4. Capital Social,81.8365166604948,61.62770312892766,63.17840326629512,1.550700137367464,False,True
2020Q1,Sociedades Inclusivas,1. Seguridad,50.649438392562445,66.72416968136625,67.73592922564623,1.0117595442799825,True,False
2020Q1,Sociedades Inclusivas,2. Libertad,73.13962627162444,66.72416968136625,67.73592922564623,1.0117595442799825,False,False
2020Q1,Sociedades Inclusivas,3. Gobernanza,65.6408451570002,66.72416968136625,67.73592922564623,1.0117595442799825,False,False
2020Q1,Sociedades Inclusivas,4. Capital Social,81.5138070813978,66.72416968136625,67.73592922564623,1.0117595442799825,False,True
2020Q2,Sociedades Inclusivas,1. Seguridad,71.57908971544326,70.43559028155842,71.63540304448578,1.1998127629273654,False,False
2020Q2,Sociedades Inclusivas,2. Libertad,82.81234939026271,70.43559028155842,71.63540304448578,1.1998127629273654,False,True
2020Q2,Sociedades Inclusivas,3. Gobernanza,51.458995337512896,70.43559028155842,71.63540304448578,1.1998127629273654,True,False
2020Q2,Sociedades Inclusivas,4. Capital Social,80.69117773472426,70.43559028155842,71.63540304448578,1.1998127629273654,False,False
2020Q3,Sociedades Inclusivas,1. Seguridad,52.61224795747212,61.39233302563002,62.68919322116862,1.2968601955385992,False,False
2020Q3,Sociedades Inclusivas,2. Libertad,71.51557598044604,61.39233302563002,62.68919322116862,1.2968601955385992,False,False
2020Q3,Sociedades Inclusivas,3. Gobernanza,48.04130126532473,61.39233302563002,62.68919322116862,1.2968601955385992,True,False
2020Q3,Sociedades Inclusivas,4. Capital Social,78.58764768143156,61.39233302563002,62.68919322116862,1.2968601955385992,False,True
2020Q4,Sociedades Inclusivas,1. Seguridad,57.93331828076003,64.69520399358528,65.60703515995645,0.9118311663711722,False,False
2020Q4,Sociedades Inclusivas,2. Libertad,73.59622081903208,64.69520399358528,65.60703515995645,0.9118311663711722,False,False
2020Q4,Sociedades Inclusivas,3. Gobernanza,52.223908174479355,64.69520399358528,65.60703515995645,0.9118311663711722,True,False
2020Q4,Sociedades Inclusivas,4. Capital Social,78.67469336555432,64.69520399358528,65.60703515995645,0.9118311663711722,False,True
2021Q1,Sociedades Inclusivas,1. Seguridad,58.537297250154545,62.82627380440317,64.01096951987546,1.1846957154722872,False,False
2021Q1,Sociedades Inclusivas,2. Libertad,71.94021323954294,62.82627380440317,64.01096951987546,1.1846957154722872,False,False
2021Q1,Sociedades Inclusivas,3. Gobernanza,47.22437256157213,62.82627380440317,64.01096951987546,1.1846957154722872,True,False
2021Q1,Sociedades Inclusivas,4. Capital Social,78.34199502823225,62.82627380440317,64.01096951987546,1.1846957154722872,False,True
2021Q2,Sociedades Inclusivas,1. Seguridad,56.3297888114164,59.308148268703,61.254499212183866,1.9463509434808657,False,False
2021Q2,Sociedades Inclusivas,2. Libertad,69.75342331925746,59.308148268703,61.254499212183866,1.9463509434808657,False,False
2021Q2,Sociedades Inclusivas,3. Gobernanza,39.78218365226984,59.308148268703,61.254499212183866,1.9463509434808657,True,False
2021Q2,Sociedades Inclusivas,4. Capital Social,79.15260106579174,59.308148268703,61.254499212183866,1.9463509434808657,False,True
2021Q3,Sociedades Inclusivas,1. Seguridad,51.92382175133323,59.2441893191827,61.049172515137506,1.8049831959548044,False,False
2021Q3,Sociedades Inclusivas,2. Libertad,69.95903476974222,59.2441893191827,61.049172515137506,1.8049831959548044,False,False
2021Q3,Sociedades Inclusivas,3. Gobernanza,42.48022847668276,59.2441893191827,61.049172515137506,1.8049831959548044,True,False
2021Q3,Sociedades Inclusivas,4. Capital Social,79.83360506279183,59.2441893191827,61.049172515137506,1.8049831959548044,False,True
2021Q4,Sociedades Inclusivas,1. Seguridad,48.189208780895775,55.07603727608316,57.76340680030437,2.6873695242212037,False,False
2021Q4,Sociedades Inclusivas,2. Libertad,67.51214059301456,55.07603727608316,57.76340680030437,2.6873695242212037,False,False
2021Q4,Sociedades Inclusivas,3. Gobernanza,35.35398125176828,55.07603727608316,57.76340680030437,2.6873695242212037,True,False
2021Q4,Sociedades Inclusivas,4. Capital Social,79.99829657553884,55.07603727608316,57.76340680030437,2.6873695242212037,False,True
2022Q1,Sociedades Inclusivas,1. Seguridad,45.22763611065941,56.52471954148774,58.43558549077159,1.9108659492838456,False,False
2022Q1,Sociedades Inclusivas,2. Libertad,65.31895257002996,56.52471954148774,58.43558549077159,1.9108659492838456,False,False
2022Q1,Sociedades Inclusivas,3. Gobernanza,43.19132719286613,56.52471954148774,58.43558549077159,1.9108659492838456,True,False
2022Q1,Sociedades Inclusivas,4. Capital Social,80.00442608953081,56.52471954148774,58.43558549077159,1.9108659492838456,False,True
2022Q2,Sociedades Inclusivas,1. Seguridad,43.99282740428516,61.472257713676356,62.96038804957598,1.4881303358996263,True,False
2022Q2,Sociedades Inclusivas,2. Libertad,66.51794964628685,61.472257713676356,62.96038804957598,1.4881303358996263,False,False
2022Q2,Sociedades Inclusivas,3. Gobernanza,59.99460993656125,61.472257713676356,62.96038804957598,1.4881303358996263,False,False
2022Q2,Sociedades Inclusivas,4. Capital Social,81.33616521117067,61.472257713676356,62.96038804957598,1.4881303358996263,False,True
2022Q3,Sociedades Inclusivas,1. Seguridad,42.306009645881694,60.471903975521165,62.06886167109194,1.5969576955707723,True,False
2022Q3,Sociedades Inclusivas,2. Libertad,65.8317030868468,60.471903975521165,62.06886167109194,1.5969576955707723,False,False
2022Q3,Sociedades Inclusivas,3. Gobernanza,59.669791081602405,60.471903975521165,62.06886167109194,1.5969576955707723,False,False
2022Q3,Sociedades Inclusivas,4. Capital Social,80.46794287003688,60.471903975521165,62.06886167109194,1.5969576955707723,False,True
2022Q4,Sociedades Inclusivas,1. Seguridad,42.040542277388916,59.564279874815064,61.148478548214925,1.584198673399861,True,False
2022Q4,Sociedades Inclusivas,2. Libertad,63.705382548836496,59.564279874815064,61.148478548214925,1.584198673399861,False,False
2022Q4,Sociedades Inclusivas,3. Gobernanza,58.48429136635577,59.564279874815064,61.148478548214925,1.584198673399861,False,False
2022Q4,Sociedades Inclusivas,4. Capital Social,80.36369800027853,59.564279874815064,61.148478548214925,1.584198673399861,False,True
2023Q1,Sociedades Inclusivas,1. Seguridad,39.36667045939117,58.17344967132014,59.982761083942734,1.8093114126225913,True,False
2023Q1,Sociedades Inclusivas,2. Libertad,61.03262133142722,58.17344967132014,59.982761083942734,1.8093114126225913,False,False
2023Q1,Sociedades Inclusivas,3. Gobernanza,59.731980048708465,58.17344967132014,59.982761083942734,1.8093114126225913,False,False
2023Q1,Sociedades Inclusivas,4. Capital Social,79.79977249624409,58.17344967132014,59.982761083942734,1.8093114126225913,False,True
2023Q2,Sociedades Inclusivas,1. Seguridad,40.41276842536161,57.66985467886072,59.41643649676036,1.7465818178996386,True,False
2023Q2,Sociedades Inclusivas,2. Libertad,60.2928781031367,57.66985467886072,59.41643649676036,1.7465818178996386,False,False
2023Q2,Sociedades Inclusivas,3. Gobernanza,56.23308892044276,57.66985467886072,59.41643649676036,1.7465818178996386,False,False
2023Q2,Sociedades Inclusivas,4. Capital Social,80.72701053810039,57.66985467886072,59.41643649676036,1.7465818178996386,False,True
2023Q3,Sociedades Inclusivas,1. Seguridad,39.49633462556488,55.16649273037196,57.23644322100723,2.0699504906352715,True,False
2023Q3,Sociedades Inclusivas,2. Libertad,61.21843933080503,55.16649273037196,57.23644322100723,2.0699504906352715,False,False
2023Q3,Sociedades Inclusivas,3. Gobernanza,47.3752579120603,55.16649273037196,57.23644322100723,2.0699504906352715,False,False
2023Q3,Sociedades Inclusivas,4. Capital Social,80.85574101559871,55.16649273037196,57.23644322100723,2.0699504906352715,False,True
2023Q4,Sociedades Inclusivas,1. Seguridad,36.746961073103,55.753838933758054,57.99144575751891,2.2376068237608564,True,False
2023Q4,Sociedades Inclusivas,2. Libertad,61.50748057576053,55.753838933758054,57.99144575751891,2.2376068237608564,False,False
2023Q4,Sociedades Inclusivas,3. Gobernanza,52.90767255057583,55.753838933758054,57.99144575751891,2.2376068237608564,False,False
2023Q4,Sociedades Inclusivas,4. Capital Social,80.80366883063627,55.753838933758054,57.99144575751891,2.2376068237608564,False,True
2024Q1,Sociedades Inclusivas,1. Seguridad,40.00101310180805,57.653297939656554,59.59034472254753,1.9370467828909739,True,False
2024Q1,Sociedades Inclusivas,2. Libertad,64.11826371038052,57.653297939656554,59.59034472254753,1.9370467828909739,False,False
2024Q1,Sociedades Inclusivas,3. Gobernanza,53.06576385303015,57.653297939656554,59.59034472254753,1.9370467828909739,False,False
2024Q1,Sociedades Inclusivas,4. Capital Social,81.1763382249714,57.653297939656554,59.59034472254753,1.9370467828909739,False,True
2024Q2,Sociedades Inclusivas,1. Seguridad,39.8889969816357,53.87082623223868,56.73405350264393,2.863227270405254,False,False
2024Q2,Sociedades Inclusivas,2. Libertad,66.35089164097879,53.87082623223868,56.73405350264393,2.863227270405254,False,False
2024Q2,Sociedades Inclusivas,3. Gobernanza,38.905341894343714,53.87082623223868,56.73405350264393,2.863227270405254,True,False
2024Q2,Sociedades Inclusivas,4. Capital Social,81.7909834936175,53.87082623223868,56.73405350264393,2.863227270405254,False,True
2024Q3,Sociedades Inclusivas,1. Seguridad,42.1576181922144,56.119991374626046,58.32191653203113,2.2019251574050855,True,False
2024Q3,Sociedades Inclusivas,2. Libertad,65.31510939907814,56.119991374626046,58.32191653203113,2.2019251574050855,False,False
2024Q3,Sociedades Inclusivas,3. Gobernanza,44.064878566741186,56.119991374626046,58.32191653203113,2.2019251574050855,False,False
2024Q3,Sociedades Inclusivas,4. Capital Social,81.7500599700908,56.119991374626046,58.32191653203113,2.2019251574050855,False,True
2024Q4,Sociedades Inclusivas,1. Seguridad,40.70119919018571,58.92847496827753,60.809341476200984,1.8808665079234572,True,False
2024Q4,Sociedades Inclusivas,2. Libertad,65.06653800325273,58.92847496827753,60.809341476200984,1.8808665079234572,False,False
2024Q4,Sociedades Inclusivas,3. Gobernanza,55.65530140064068,58.92847496827753,60.809341476200984,1.8808665079234572,False,False
2024Q4,Sociedades Inclusivas,4. Capital Social,81.8143273107248,58.92847496827753,60.809341476200984,1.8808665079234572,False,True
2025Q1,Sociedades Inclusivas,1. Seguridad,41.152574175732674,62.863057492837314,64.81844600409329,1.9553885112559755,True,False
2025Q1,Sociedades Inclusivas,2. Libertad,65.89276037008392,62.863057492837314,64.81844600409329,1.9553885112559755,False,False
2025Q1,Sociedades Inclusivas,3. Gobernanza,70.25142969788057,62.863057492837314,64.81844600409329,1.9553885112559755,False,False
2025Q1,Sociedades Inclusivas,4. Capital Social,81.97701977267602,62.863057492837314,64.81844600409329,1.9553885112559755,False,True
2025Q2,Sociedades Inclusivas,1. Seguridad,41.55559031467846,63.06979484771721,65.01073417167866,1.9409393239614516,True,False
2025Q2,Sociedades Inclusivas,2. Libertad,64.61657613153733,63.06979484771721,65.01073417167866,1.9409393239614516,False,False
2025Q2,Sociedades Inclusivas,3. Gobernanza,71.79910385897524,63.06979484771721,65.01073417167866,1.9409393239614516,False,False
2025Q2,Sociedades Inclusivas,4. Capital Social,82.07166638152363,63.06979484771721,65.01073417167866,1.9409393239614516,False,True
2025Q3,Sociedades Inclusivas,1. Seguridad,42.20730531070073,66.52154463173433,69.01705756974394,2.495512938009611,True,False
2025Q3,Sociedades Inclusivas,2. Libertad,65.53902933521526,66.52154463173433,69.01705756974394,2.495512938009611,False,False
2025Q3,Sociedades Inclusivas,3. Gobernanza,86.21815464593254,66.52154463173433,69.01705756974394,2.495512938009611,False,True
2025Q3,Sociedades Inclusivas,4. Capital Social,82.10374098712721,66.52154463173433,69.01705756974394,2.495512938009611,False,False
2025Q4,Sociedades Inclusivas,1. Seguridad,42.11791886637285,65.47102153744295,67.73806691518728,2.2670453777443242,True,False
2025Q4,Sociedades Inclusivas,2. Libertad,65.054576597183,65.47102153744295,67.73806691518728,2.2670453777443242,False,False
2025Q4,Sociedades Inclusivas,3. Gobernanza,81.52077584317438,65.47102153744295,67.73806691518728,2.2670453777443242,False,False
2025Q4,Sociedades Inclusivas,4. Capital Social,82.25899635401888,65.47102153744295,67.73806691518728,2.2670453777443242,False,True
2016Q1,Economías Abiertas,5. Inversión,19.12144228806901,41.582789316005886,45.74621875102432,4.163429435018436,True,False
2016Q1,Economías Abiertas,6. Empresas,64.05590036609895,41.582789316005886,45.74621875102432,4.163429435018436,False,True
2016Q1,Economías Abiertas,7. Infraestructura,42.87901933146875,41.582789316005886,45.74621875102432,4.163429435018436,False,False
2016Q1,Economías Abiertas,8. Calidad Económica,56.9285130184606,41.582789316005886,45.74621875102432,4.163429435018436,False,False
2016Q2,Economías Abiertas,5. Inversión,19.935233795269827,41.86352992054259,45.82450828882395,3.96097836828136,True,False
2016Q2,Economías Abiertas,6. Empresas,64.58593411883461,41.86352992054259,45.82450828882395,3.96097836828136,False,True
2016Q2,Economías Abiertas,7. Infraestructura,42.06097983091293,41.86352992054259,45.82450828882395,3.96097836828136,False,False
2016Q2,Economías Abiertas,8. Calidad Económica,56.71588541027844,41.86352992054259,45.82450828882395,3.96097836828136,False,False
2016Q3,Economías Abiertas,5. Inversión,16.52962477940754,39.99479096539536,44.94338066060756,4.948589695212199,True,False
2016Q3,Economías Abiertas,6. Empresas,63.70373456966196,39.99479096539536,44.94338066060756,4.948589695212199,False,True
2016Q3,Economías Abiertas,7. Infraestructura,42.90164842940487,39.99479096539536,44.94338066060756,4.948589695212199,False,False
2016Q3,Economías Abiertas,8. Calidad Económica,56.63851486395586,39.99479096539536,44.94338066060756,4.948589695212199,False,False
2016Q4,Economías Abiertas,5. Inversión,21.99064510716538,42.260399172853816,45.33140822083453,3.0710090479807164,True,False
2016Q4,Economías Abiertas,6. Empresas,60.16080032680399,42.260399172853816,45.33140822083453,3.0710090479807164,False,True
2016Q4,Economías Abiertas,7. Infraestructura,42.661789643578146,42.260399172853816,45.33140822083453,3.0710090479807164,False,False
2016Q4,Economías Abiertas,8. Calidad Económica,56.512397805790606,42.260399172853816,45.33140822083453,3.0710090479807164,False,False
2017Q1,Economías Abiertas,5. Inversión,19.409866430070558,41.02311256379476,44.67738516564262,3.6542726018478575,True,False
2017Q1,Economías Abiertas,6. Empresas,59.09302985969001,41.02311256379476,44.67738516564262,3.6542726018478575,False,True
2017Q1,Economías Abiertas,7. Infraestructura,43.688766603987936,41.02311256379476,44.67738516564262,3.6542726018478575,False,False
2017Q1,Economías Abiertas,8. Calidad Económica,56.51787776882197,41.02311256379476,44.67738516564262,3.6542726018478575,False,False
2017Q2,Economías Abiertas,5. Inversión,18.392623333694054,40.045100979381445,43.81672454731964,3.7716235679381924,True,False
2017Q2,Economías Abiertas,6. Empresas,56.358967179717936,40.045100979381445,43.81672454731964,3.7716235679381924,False,False
2017Q2,Economías Abiertas,7. Infraestructura,43.54670641925099,40.045100979381445,43.81672454731964,3.7716235679381924,False,False
2017Q2,Economías Abiertas,8. Calidad Económica,56.96860125661556,40.045100979381445,43.81672454731964,3.7716235679381924,False,True
2017Q3,Economías Abiertas,5. Inversión,22.552518407586398,42.486667922973886,45.256679221401036,2.77001129842715,True,False
2017Q3,Economías Abiertas,6. Empresas,56.87264824803502,42.486667922973886,45.256679221401036,2.77001129842715,False,False
2017Q3,Economías Abiertas,7. Infraestructura,44.455718426648524,42.486667922973886,45.256679221401036,2.77001129842715,False,False
2017Q3,Economías Abiertas,8. Calidad Económica,57.14583180333421,42.486667922973886,45.256679221401036,2.77001129842715,False,True
2017Q4,Economías Abiertas,5. Inversión,17.73677967811278,40.456141500635454,44.68483813238569,4.228696631750239,True,False
2017Q4,Economías Abiertas,6. Empresas,59.12366982584892,40.456141500635454,44.68483813238569,4.228696631750239,False,True
2017Q4,Economías Abiertas,7. Infraestructura,44.58708509240975,40.456141500635454,44.68483813238569,4.228696631750239,False,False
2017Q4,Economías Abiertas,8. Calidad Económica,57.2918179331713,40.456141500635454,44.68483813238569,4.228696631750239,False,False
2018Q1,Economías Abiertas,5. Inversión,20.519774612165552,42.671621438922564,46.3702273342012,3.6986058952786394,True,False
2018Q1,Economías Abiertas,6. Empresas,62.69591466293893,42.671621438922564,46.3702273342012,3.6986058952786394,False,True
2018Q1,Economías Abiertas,7. Infraestructura,45.020016195576574,42.671621438922564,46.3702273342012,3.6986058952786394,False,False
2018Q1,Economías Abiertas,8. Calidad Económica,57.24520386612374,42.671621438922564,46.3702273342012,3.6986058952786394,False,False
2018Q2,Economías Abiertas,5. Inversión,19.97648585618268,43.20503016990653,47.37629395941348,4.171263789506952,True,False
2018Q2,Economías Abiertas,6. Empresas,66.185181135221,43.20503016990653,47.37629395941348,4.171263789506952,False,True
2018Q2,Economías Abiertas,7. Infraestructura,45.79771570025009,43.20503016990653,47.37629395941348,4.171263789506952,False,False
2018Q2,Economías Abiertas,8. Calidad Económica,57.54579314600016,43.20503016990653,47.37629395941348,4.171263789506952,False,False
2018Q3,Economías Abiertas,5. Inversión,21.36868899190609,43.613194240363235,47.27318446121184,3.6599902208486057,True,False
2018Q3,Economías Abiertas,6. Empresas,64.46364863093741,43.613194240363235,47.27318446121184,3.6599902208486057,False,True
2018Q3,Economías Abiertas,7. Infraestructura,45.37168613228593,43.613194240363235,47.27318446121184,3.6599902208486057,False,False
2018Q3,Economías Abiertas,8. Calidad Económica,57.88871408971791,43.613194240363235,47.27318446121184,3.6599902208486057,False,False
2018Q4,Economías Abiertas,5. Inversión,15.032739248974169,39.93232388323308,45.682292402408336,5.749968519175255,True,False
2018Q4,Economías Abiertas,6. Empresas,64.68797476181588,39.93232388323308,45.682292402408336,5.749968519175255,False,True
2018Q4,Economías Abiertas,7. Infraestructura,45.34822159811201,39.93232388323308,45.682292402408336,5.749968519175255,False,False
2018Q4,Economías Abiertas,8. Calidad Económica,57.660234000731286,39.93232388323308,45.682292402408336,5.749968519175255,False,False
2019Q1,Economías Abiertas,5. Inversión,19.560722569808448,42.67291842411342,46.796020371703676,4.123101947590257,True,False
2019Q1,Economías Abiertas,6. Empresas,63.46185614625858,42.67291842411342,46.796020371703676,4.123101947590257,False,True
2019Q1,Economías Abiertas,7. Infraestructura,45.664210951713386,42.67291842411342,46.796020371703676,4.123101947590257,False,False
2019Q1,Economías Abiertas,8. Calidad Económica,58.49729181903426,42.67291842411342,46.796020371703676,4.123101947590257,False,False
2019Q2,Economías Abiertas,5. Inversión,34.59578993511233,49.063595781634916,50.288483574874256,1.2248877932393398,True,False
2019Q2,Economías Abiertas,6. Empresas,61.19292524750163,49.063595781634916,50.288483574874256,1.2248877932393398,False,True
2019Q2,Economías Abiertas,7. Infraestructura,46.50066823220001,49.063595781634916,50.288483574874256,1.2248877932393398,False,False
2019Q2,Economías Abiertas,8. Calidad Económica,58.86455088468304,49.063595781634916,50.288483574874256,1.2248877932393398,False,False
2019Q3,Economías Abiertas,5. Inversión,24.756865931456225,45.19466574325678,47.9195703009339,2.724904557677121,True,False
2019Q3,Economías Abiertas,6. Empresas,61.029447961916766,45.19466574325678,47.9195703009339,2.724904557677121,False,True
2019Q3,Economías Abiertas,7. Infraestructura,46.46701106429313,45.19466574325678,47.9195703009339,2.724904557677121,False,False
2019Q3,Economías Abiertas,8. Calidad Económica,59.424956246069485,45.19466574325678,47.9195703009339,2.724904557677121,False,False
2019Q4,Economías Abiertas,5. Inversión,27.556999853848065,46.45909194558833,48.66886652191846,2.2097745763301333,True,False
2019Q4,Economías Abiertas,6. Empresas,60.7428689680741,46.45909194558833,48.66886652191846,2.2097745763301333,False,True
2019Q4,Economías Abiertas,7. Infraestructura,46.429838315005995,46.45909194558833,48.66886652191846,2.2097745763301333,False,False
2019Q4,Economías Abiertas,8. Calidad Económica,59.94575895074571,46.45909194558833,48.66886652191846,2.2097745763301333,False,False
2020Q1,Economías Abiertas,5. Inversión,24.218561949459332,42.84170296638397,45.273164487113974,2.4314615207300037,True,False
2020Q1,Economías Abiertas,6. Empresas,53.98162677617378,42.84170296638397,45.273164487113974,2.4314615207300037,False,False
2020Q1,Economías Abiertas,7. Infraestructura,43.08182870615852,42.84170296638397,45.273164487113974,2.4314615207300037,False,False
2020Q1,Economías Abiertas,8. Calidad Económica,59.81064051666425,42.84170296638397,45.273164487113974,2.4314615207300037,False,True
2020Q2,Economías Abiertas,5. Inversión,42.217773661225074,36.94594878112595,38.76132861781085,1.8153798366848974,False,False
2020Q2,Economías Abiertas,6. Empresas,35.86497511988012,36.94594878112595,38.76132861781085,1.8153798366848974,False,False
2020Q2,Economías Abiertas,7. Infraestructura,22.66189656199875,36.94594878112595,38.76132861781085,1.8153798366848974,True,False
2020Q2,Economías Abiertas,8. Calidad Económica,54.30066912813945,36.94594878112595,38.76132861781085,1.8153798366848974,False,True
2020Q3,Economías Abiertas,5. Inversión,7.069883690043651,31.030312128203615,40.674801766962204,9.64448963875859,True,False
2020Q3,Economías Abiertas,6. Empresas,57.747143725543744,31.030312128203615,40.674801766962204,9.64448963875859,False,False
2020Q3,Economías Abiertas,7. Infraestructura,37.79162968028389,31.030312128203615,40.674801766962204,9.64448963875859,False,False
2020Q3,Economías Abiertas,8. Calidad Económica,60.09054997197755,31.030312128203615,40.674801766962204,9.64448963875859,False,True
2020Q4,Economías Abiertas,5. Inversión,18.784329969861325,38.1952997932096,42.117401761966505,3.9221019687569054,True,False
2020Q4,Economías Abiertas,6. Empresas,55.546467460633146,38.1952997932096,42.117401761966505,3.9221019687569054,False,False
2020Q4,Economías Abiertas,7. Infraestructura,33.81311968404376,38.1952997932096,42.117401761966505,3.9221019687569054,False,False
2020Q4,Economías Abiertas,8. Calidad Económica,60.32568993332781,38.1952997932096,42.117401761966505,3.9221019687569054,False,True
2021Q1,Economías Abiertas,5. Inversión,24.994655526592613,41.63843282491207,44.41645168738989,2.778018862477815,True,False
2021Q1,Economías Abiertas,6. Empresas,58.15729685964822,41.63843282491207,44.41645168738989,2.778018862477815,False,False
2021Q1,Economías Abiertas,7. Infraestructura,34.39872526802661,41.63843282491207,44.41645168738989,2.778018862477815,False,False
2021Q1,Economías Abiertas,8. Calidad Económica,60.11512909529211,41.63843282491207,44.41645168738989,2.778018862477815,False,True
2021Q2,Economías Abiertas,5. Inversión,25.872859945430903,43.81556843993334,46.600743498859956,2.785175058926619,True,False
2021Q2,Economías Abiertas,6. Empresas,61.67105355123805,43.81556843993334,46.600743498859956,2.785175058926619,False,True
2021Q2,Economías Abiertas,7. Infraestructura,37.87937761448455,43.81556843993334,46.600743498859956,2.785175058926619,False,False
2021Q2,Economías Abiertas,8. Calidad Económica,60.97968288428633,43.81556843993334,46.600743498859956,2.785175058926619,False,False
2021Q3,Economías Abiertas,5. Inversión,28.09084919575416,45.37862235055897,47.653167281029134,2.2745449304701637,True,False
2021Q3,Economías Abiertas,6. Empresas,60.39823103189542,45.37862235055897,47.653167281029134,2.2745449304701637,False,False
2021Q3,Economías Abiertas,7. Infraestructura,40.668537415514386,45.37862235055897,47.653167281029134,2.2745449304701637,False,False
2021Q3,Economías Abiertas,8. Calidad Económica,61.455051480952555,45.37862235055897,47.653167281029134,2.2745449304701637,False,True
2021Q4,Economías Abiertas,5. Inversión,32.86944506983326,47.41374997247722,49.02471790336168,1.6109679308844633,True,False
2021Q4,Economías Abiertas,6. Empresas,61.03216212037502,47.41374997247722,49.02471790336168,1.6109679308844633,False,True
2021Q4,Economías Abiertas,7. Infraestructura,41.51477981876738,47.41374997247722,49.02471790336168,1.6109679308844633,False,False
2021Q4,Economías Abiertas,8. Calidad Económica,60.68248460447105,47.41374997247722,49.02471790336168,1.6109679308844633,False,False
2022Q1,Economías Abiertas,5. Inversión,62.10115456712221,55.313217786575215,55.93391177867673,0.6206939921015149,False,True
2022Q1,Economías Abiertas,6. Empresas,58.8334439388271,55.313217786575215,55.93391177867673,0.6206939921015149,False,False
2022Q1,Economías Abiertas,7. Infraestructura,42.45963918269795,55.313217786575215,55.93391177867673,0.6206939921015149,True,False
2022Q1,Economías Abiertas,8. Calidad Económica,60.341409426059656,55.313217786575215,55.93391177867673,0.6206939921015149,False,False
2022Q2,Economías Abiertas,5. Inversión,27.365247089482967,45.588407799881885,47.70396205627268,2.1155542563907943,True,False
2022Q2,Economías Abiertas,6. Empresas,57.73808013016456,45.588407799881885,47.70396205627268,2.1155542563907943,False,False
2022Q2,Economías Abiertas,7. Infraestructura,45.10694003539205,45.588407799881885,47.70396205627268,2.1155542563907943,False,False
2022Q2,Economías Abiertas,8. Calidad Económica,60.60558097005114,45.588407799881885,47.70396205627268,2.1155542563907943,False,True
2022Q3,Economías Abiertas,5. Inversión,8.562700404393574,34.14073834026368,43.08468194191299,8.943943601649309,True,False
2022Q3,Economías Abiertas,6. Empresas,58.08947689908176,34.14073834026368,43.08468194191299,8.943943601649309,False,False
2022Q3,Economías Abiertas,7. Infraestructura,45.03151601858041,34.14073834026368,43.08468194191299,8.943943601649309,False,False
2022Q3,Economías Abiertas,8. Calidad Económica,60.6550344455962,34.14073834026368,43.08468194191299,8.943943601649309,False,True
2022Q4,Economías Abiertas,5. Inversión,22.65089830112537,43.927369500813995,47.08621657143625,3.158847070622258,True,False
2022Q4,Economías Abiertas,6. Empresas,58.88670541529384,43.927369500813995,47.08621657143625,3.158847070622258,False,False
2022Q4,Economías Abiertas,7. Infraestructura,45.629004774063034,43.927369500813995,47.08621657143625,3.158847070622258,False,False
2022Q4,Economías Abiertas,8. Calidad Económica,61.17825779526275,43.927369500813995,47.08621657143625,3.158847070622258,False,True
2023Q1,Economías Abiertas,5. Inversión,23.68630793379751,45.8939203190584,49.21552781911088,3.3216075000524796,True,False
2023Q1,Economías Abiertas,6. Empresas,63.203841685173366,45.8939203190584,49.21552781911088,3.3216075000524796,False,True
2023Q1,Economías Abiertas,7. Infraestructura,47.23164660352555,45.8939203190584,49.21552781911088,3.3216075000524796,False,False
2023Q1,Economías Abiertas,8. Calidad Económica,62.74031505394711,45.8939203190584,49.21552781911088,3.3216075000524796,False,False
2023Q2,Economías Abiertas,5. Inversión,23.64292747938196,46.15677128132165,49.52924928568779,3.372478004366137,True,False
2023Q2,Economías Abiertas,6. Empresas,63.06484472397671,46.15677128132165,49.52924928568779,3.372478004366137,False,False
2023Q2,Economías Abiertas,7. Infraestructura,48.02707608058111,46.15677128132165,49.52924928568779,3.372478004366137,False,False
2023Q2,Economías Abiertas,8. Calidad Económica,63.38214885881138,46.15677128132165,49.52924928568779,3.372478004366137,False,True
2023Q3,Economías Abiertas,5. Inversión,18.601413120711587,43.4422827574877,48.16384155575905,4.721558798271346,True,False
2023Q3,Economías Abiertas,6. Empresas,61.80865600157767,43.4422827574877,48.16384155575905,4.721558798271346,False,False
2023Q3,Economías Abiertas,7. Infraestructura,48.91585629488993,43.4422827574877,48.16384155575905,4.721558798271346,False,False
2023Q3,Economías Abiertas,8. Calidad Económica,63.32944080585701,43.4422827574877,48.16384155575905,4.721558798271346,False,True
2023Q4,Economías Abiertas,5. Inversión,19.01593541255362,44.22126560658369,48.9357222298472,4.714456623263509,True,False
2023Q4,Economías Abiertas,6. Empresas,62.96199736296017,44.22126560658369,48.9357222298472,4.714456623263509,False,False
2023Q4,Economías Abiertas,7. Infraestructura,50.427742888761756,44.22126560658369,48.9357222298472,4.714456623263509,False,False
2023Q4,Economías Abiertas,8. Calidad Económica,63.33721325511326,44.22126560658369,48.9357222298472,4.714456623263509,False,True
2024Q1,Economías Abiertas,5. Inversión,28.72518237572884,49.4781680063147,51.945294977419906,2.467126971105209,True,False
2024Q1,Economías Abiertas,6. Empresas,64.9387638620197,49.4781680063147,51.945294977419906,2.467126971105209,False,True
2024Q1,Economías Abiertas,7. Infraestructura,50.512121281493414,49.4781680063147,51.945294977419906,2.467126971105209,False,False
2024Q1,Economías Abiertas,8. Calidad Económica,63.60511239043767,49.4781680063147,51.945294977419906,2.467126971105209,False,False
2024Q2,Economías Abiertas,5. Inversión,31.893179937141607,50.70895189129812,52.600790861460055,1.8918389701619347,True,False
2024Q2,Economías Abiertas,6. Empresas,63.45747864608706,50.70895189129812,52.600790861460055,1.8918389701619347,False,False
2024Q2,Economías Abiertas,7. Infraestructura,51.02980957826572,50.70895189129812,52.600790861460055,1.8918389701619347,False,False
2024Q2,Economías Abiertas,8. Calidad Económica,64.02269528434586,50.70895189129812,52.600790861460055,1.8918389701619347,False,True
2024Q3,Economías Abiertas,5. Inversión,8.315218731944489,36.79879822825367,47.65563647322401,10.856838244970334,True,False
2024Q3,Economías Abiertas,6. Empresas,66.09108702301208,36.79879822825367,47.65563647322401,10.856838244970334,False,True
2024Q3,Economías Abiertas,7. Infraestructura,51.79564013650492,36.79879822825367,47.65563647322401,10.856838244970334,False,False
2024Q3,Economías Abiertas,8. Calidad Económica,64.42060000143455,36.79879822825367,47.65563647322401,10.856838244970334,False,False
2024Q4,Economías Abiertas,5. Inversión,35.9820725817443,53.199088301926885,54.708220201736026,1.509131899809141,True,False
2024Q4,Economías Abiertas,6. Empresas,66.09274692790139,53.199088301926885,54.708220201736026,1.509131899809141,False,True
2024Q4,Economías Abiertas,7. Infraestructura,52.048565893813915,53.199088301926885,54.708220201736026,1.509131899809141,False,False
2024Q4,Economías Abiertas,8. Calidad Económica,64.70949540348448,53.199088301926885,54.708220201736026,1.509131899809141,False,False
2025Q1,Economías Abiertas,5. Inversión,28.200532512032098,49.40072067347368,51.93599568544482,2.5352750119711445,True,False
2025Q1,Economías Abiertas,6. Empresas,62.870394242359204,49.40072067347368,51.93599568544482,2.5352750119711445,False,False
2025Q1,Economías Abiertas,7. Infraestructura,51.70338553356026,49.40072067347368,51.93599568544482,2.5352750119711445,False,False
2025Q1,Economías Abiertas,8. Calidad Económica,64.96967045382773,49.40072067347368,51.93599568544482,2.5352750119711445,False,True
2025Q2,Economías Abiertas,5. Inversión,37.40063100520653,53.873232434866445,55.32707212375581,1.4538396888893672,True,False
2025Q2,Economías Abiertas,6. Empresas,67.67509526443823,53.873232434866445,55.32707212375581,1.4538396888893672,False,True
2025Q2,Economías Abiertas,7. Infraestructura,51.08105853201446,53.873232434866445,55.32707212375581,1.4538396888893672,False,False
2025Q2,Economías Abiertas,8. Calidad Económica,65.15150369336403,53.873232434866445,55.32707212375581,1.4538396888893672,False,False
2025Q3,Economías Abiertas,5. Inversión,39.61524615009684,55.4906083330957,56.72180150514229,1.2311931720465878,True,False
2025Q3,Economías Abiertas,6. Empresas,68.24003670342663,55.4906083330957,56.72180150514229,1.2311931720465878,False,True
2025Q3,Economías Abiertas,7. Infraestructura,53.61493793609254,55.4906083330957,56.72180150514229,1.2311931720465878,False,False
2025Q3,Economías Abiertas,8. Calidad Económica,65.41698523095314,55.4906083330957,56.72180150514229,1.2311931720465878,False,False
2025Q4,Economías Abiertas,5. Inversión,27.016499247947323,50.792355308355155,54.01806260948017,3.225707301125013,True,False
2025Q4,Economías Abiertas,6. Empresas,69.17097382270462,50.792355308355155,54.01806260948017,3.225707301125013,False,True
2025Q4,Economías Abiertas,7. Infraestructura,54.32736566705175,50.792355308355155,54.01806260948017,3.225707301125013,False,False
2025Q4,Economías Abiertas,8. Calidad Económica,65.55741170021696,50.792355308355155,54.01806260948017,3.225707301125013,False,False
2016Q1,Personas Empoderadas,9. Vida,1.0,11.90205470432155,33.474249369020704,21.572194664699154,True,False
2016Q1,Personas Empoderadas,10. Salud,96.25091899514442,11.90205470432155,33.474249369020704,21.572194664699154,False,True
2016Q1,Personas Empoderadas,11. Educación,7.042751423690776,11.90205470432155,33.474249369020704,21.572194664699154,False,False
2016Q1,Personas Empoderadas,12. Conocimiento,29.60332705724763,11.90205470432155,33.474249369020704,21.572194664699154,False,False
2016Q2,Personas Empoderadas,9. Vida,1.0,11.852362667635449,33.35099362049235,21.498630952856907,True,False
2016Q2,Personas Empoderadas,10. Salud,96.11123279541921,11.852362667635449,33.35099362049235,21.498630952856907,False,True
2016Q2,Personas Empoderadas,11. Educación,7.012458560390313,11.852362667635449,33.35099362049235,21.498630952856907,False,False
2016Q2,Personas Empoderadas,12. Conocimiento,29.280283126159876,11.852362667635449,33.35099362049235,21.498630952856907,False,False
2016Q3,Personas Empoderadas,9. Vida,1.0,11.922938060015342,33.51009377168218,21.58715571166684,True,False
2016Q3,Personas Empoderadas,10. Salud,96.58093325668533,11.922938060015342,33.51009377168218,21.58715571166684,False,True
2016Q3,Personas Empoderadas,11. Educación,7.135391295527025,11.922938060015342,33.51009377168218,21.58715571166684,False,False
2016Q3,Personas Empoderadas,12. Conocimiento,29.324050534516353,11.922938060015342,33.51009377168218,21.58715571166684,False,False
2016Q4,Personas Empoderadas,9. Vida,1.0,11.942617927776071,33.63836215558598,21.69574422780991,True,False
2016Q4,Personas Empoderadas,10. Salud,96.98287575843173,11.942617927776071,33.63836215558598,21.69574422780991,False,True
2016Q4,Personas Empoderadas,11. Educación,7.122797647803491,11.942617927776071,33.63836215558598,21.69574422780991,False,False
2016Q4,Personas Empoderadas,12. Conocimiento,29.44777521610869,11.942617927776071,33.63836215558598,21.69574422780991,False,False
2017Q1,Personas Empoderadas,9. Vida,1.0,11.878532114627104,33.106414624915196,21.22788251028809,True,False
2017Q1,Personas Empoderadas,10. Salud,94.65392548103463,11.878532114627104,33.106414624915196,21.22788251028809,False,True
2017Q1,Personas Empoderadas,11. Educación,7.085218860202467,11.878532114627104,33.106414624915196,21.22788251028809,False,False
2017Q1,Personas Empoderadas,12. Conocimiento,29.686514158423677,11.878532114627104,33.106414624915196,21.22788251028809,False,False
2017Q2,Personas Empoderadas,9. Vida,1.0,11.903400658956167,33.165905712139235,21.26250505318307,True,False
2017Q2,Personas Empoderadas,10. Salud,94.59992453909612,11.903400658956167,33.165905712139235,21.26250505318307,False,True
2017Q2,Personas Empoderadas,11. Educación,7.077332138016117,11.903400658956167,33.165905712139235,21.26250505318307,False,False
2017Q2,Personas Empoderadas,12. Conocimiento,29.986366171444693,11.903400658956167,33.165905712139235,21.26250505318307,False,False
2017Q3,Personas Empoderadas,9. Vida,1.0,12.029233965032901,33.61855383670718,21.589319871674277,True,False
2017Q3,Personas Empoderadas,10. Salud,96.00904560123567,12.029233965032901,33.61855383670718,21.589319871674277,False,True
2017Q3,Personas Empoderadas,11. Educación,7.2079271280474,12.029233965032901,33.61855383670718,21.589319871674277,False,False
2017Q3,Personas Empoderadas,12. Conocimiento,30.25724261754565,12.029233965032901,33.61855383670718,21.589319871674277,False,False
2017Q4,Personas Empoderadas,9. Vida,1.0,12.094000862297209,34.02203105015964,21.928030187862433,True,False
2017Q4,Personas Empoderadas,10. Salud,97.38123712185198,12.094000862297209,34.02203105015964,21.928030187862433,False,True
2017Q4,Personas Empoderadas,11. Educación,7.201612621725671,12.094000862297209,34.02203105015964,21.928030187862433,False,False
2017Q4,Personas Empoderadas,12. Conocimiento,30.50527445706092,12.094000862297209,34.02203105015964,21.928030187862433,False,False
2018Q1,Personas Empoderadas,9. Vida,1.0,12.028358576595023,33.52133580702294,21.49297723042792,True,False
2018Q1,Personas Empoderadas,10. Salud,95.21416877341916,12.028358576595023,33.52133580702294,21.49297723042792,False,True
2018Q1,Personas Empoderadas,11. Educación,7.1581608452840095,12.028358576595023,33.52133580702294,21.49297723042792,False,False
2018Q1,Personas Empoderadas,12. Conocimiento,30.713013609388607,12.028358576595023,33.52133580702294,21.49297723042792,False,False
2018Q2,Personas Empoderadas,9. Vida,1.0,12.035844555342882,33.20330054631507,21.167455990972186,True,False
2018Q2,Personas Empoderadas,10. Salud,93.55743022665061,12.035844555342882,33.20330054631507,21.167455990972186,False,True
2018Q2,Personas Empoderadas,11. Educación,7.229285985860368,12.035844555342882,33.20330054631507,21.167455990972186,False,False
2018Q2,Personas Empoderadas,12. Conocimiento,31.026485972749306,12.035844555342882,33.20330054631507,21.167455990972186,False,False
2018Q3,Personas Empoderadas,9. Vida,1.0,12.111631823659117,33.46340553157349,21.351773707914376,True,False
2018Q3,Personas Empoderadas,10. Salud,94.30434857910447,12.111631823659117,33.46340553157349,21.351773707914376,False,True
2018Q3,Personas Empoderadas,11. Educación,7.302547760769282,12.111631823659117,33.46340553157349,21.351773707914376,False,False
2018Q3,Personas Empoderadas,12. Conocimiento,31.246725786420203,12.111631823659117,33.46340553157349,21.351773707914376,False,False
2018Q4,Personas Empoderadas,9. Vida,1.0,12.130389940151959,33.66377978561596,21.533389845464,True,False
2018Q4,Personas Empoderadas,10. Salud,95.05837569557916,12.130389940151959,33.66377978561596,21.533389845464,False,True
2018Q4,Personas Empoderadas,11. Educación,7.271286205738309,12.130389940151959,33.66377978561596,21.533389845464,False,False
2018Q4,Personas Empoderadas,12. Conocimiento,31.325457241146378,12.130389940151959,33.66377978561596,21.533389845464,False,False
2019Q1,Personas Empoderadas,9. Vida,1.5286489409437496,13.48536670490046,33.83255758833977,20.347190883439307,True,False
2019Q1,Personas Empoderadas,10. Salud,95.34070662206683,13.48536670490046,33.83255758833977,20.347190883439307,False,True
2019Q1,Personas Empoderadas,11. Educación,7.2766167310468735,13.48536670490046,33.83255758833977,20.347190883439307,False,False
2019Q1,Personas Empoderadas,12. Conocimiento,31.184258059301605,13.48536670490046,33.83255758833977,20.347190883439307,False,False
2019Q2,Personas Empoderadas,9. Vida,1.0,12.167404278833923,33.83307321850619,21.665668939672273,True,False
2019Q2,Personas Empoderadas,10. Salud,95.63301524696121,12.167404278833923,33.83307321850619,21.665668939672273,False,True
2019Q2,Personas Empoderadas,11. Educación,7.298716508840449,12.167404278833923,33.83307321850619,21.665668939672273,False,False
2019Q2,Personas Empoderadas,12. Conocimiento,31.400561118223134,12.167404278833923,33.83307321850619,21.665668939672273,False,False
2019Q3,Personas Empoderadas,9. Vida,1.54722084139358,13.713355462270746,34.38305479094352,20.66969932867277,True,False
2019Q3,Personas Empoderadas,10. Salud,96.52413282171152,13.713355462270746,34.38305479094352,20.66969932867277,False,True
2019Q3,Personas Empoderadas,11. Educación,7.381860397876146,13.713355462270746,34.38305479094352,20.66969932867277,False,False
2019Q3,Personas Empoderadas,12. Conocimiento,32.07900510279282,13.713355462270746,34.38305479094352,20.66969932867277,False,False
2019Q4,Personas Empoderadas,9. Vida,1.475916691766806,13.697629715385077,34.86732236696139,21.169692651576312,True,False
2019Q4,Personas Empoderadas,10. Salud,97.37297703742308,13.697629715385077,34.86732236696139,21.169692651576312,False,True
2019Q4,Personas Empoderadas,11. Educación,7.366013500241754,13.697629715385077,34.86732236696139,21.169692651576312,False,False
2019Q4,Personas Empoderadas,12. Conocimiento,33.2543822384139,13.697629715385077,34.86732236696139,21.169692651576312,False,False
2020Q1,Personas Empoderadas,9. Vida,1.0158535669041535,12.62286695182552,35.004266477511614,22.381399525686092,True,False
2020Q1,Personas Empoderadas,10. Salud,96.7955192422699,12.62286695182552,35.004266477511614,22.381399525686092,False,True
2020Q1,Personas Empoderadas,11. Educación,7.423064961343496,12.62286695182552,35.004266477511614,22.381399525686092,False,False
2020Q1,Personas Empoderadas,12. Conocimiento,34.78262813952889,12.62286695182552,35.004266477511614,22.381399525686092,False,False
2020Q2,Personas Empoderadas,9. Vida,1.0,12.43358159526181,34.35821668416801,21.924635088906204,True,False
2020Q2,Personas Empoderadas,10. Salud,95.56434605245369,12.43358159526181,34.35821668416801,21.924635088906204,False,True
2020Q2,Personas Empoderadas,11. Educación,7.493118369918122,12.43358159526181,34.35821668416801,21.924635088906204,False,False
2020Q2,Personas Empoderadas,12. Conocimiento,33.375402314300246,12.43358159526181,34.35821668416801,21.924635088906204,False,False
2020Q3,Personas Empoderadas,9. Vida,1.0,12.651725088190412,34.960254851823095,22.308529763632684,True,False
2020Q3,Personas Empoderadas,10. Salud,96.0457148186714,12.651725088190412,34.960254851823095,22.308529763632684,False,True
2020Q3,Personas Empoderadas,11. Educación,7.573783471092887,12.651725088190412,34.960254851823095,22.308529763632684,False,False
2020Q3,Personas Empoderadas,12. Conocimiento,35.2215211175281,12.651725088190412,34.960254851823095,22.308529763632684,False,False
2020Q4,Personas Empoderadas,9. Vida,1.0,12.663451956642996,34.887578775396996,22.224126818754,True,False
2020Q4,Personas Empoderadas,10. Salud,95.645794412294,12.663451956642996,34.887578775396996,22.224126818754,False,True
2020Q4,Personas Empoderadas,11. Educación,7.6200751012701895,12.663451956642996,34.887578775396996,22.224126818754,False,False
2020Q4,Personas Empoderadas,12. Conocimiento,35.2844455880238,12.663451956642996,34.887578775396996,22.224126818754,False,False
2021Q1,Personas Empoderadas,9. Vida,1.0,12.62300663149866,34.616892743351315,21.993886111852653,True,False
2021Q1,Personas Empoderadas,10. Salud,95.12898075847279,12.62300663149866,34.616892743351315,21.993886111852653,False,True
2021Q1,Personas Empoderadas,11. Educación,7.706557310923878,12.62300663149866,34.616892743351315,21.993886111852653,False,False
2021Q1,Personas Empoderadas,12. Conocimiento,34.63203290400858,12.62300663149866,34.616892743351315,21.993886111852653,False,False
2021Q2,Personas Empoderadas,9. Vida,1.0,12.626465722141061,34.5389118081027,21.912446085961633,True,False
2021Q2,Personas Empoderadas,10. Salud,94.78185001741116,12.626465722141061,34.5389118081027,21.912446085961633,False,True
2021Q2,Personas Empoderadas,11. Educación,7.743695514416825,12.626465722141061,34.5389118081027,21.912446085961633,False,False
2021Q2,Personas Empoderadas,12. Conocimiento,34.630101700582806,12.626465722141061,34.5389118081027,21.912446085961633,False,False
2021Q3,Personas Empoderadas,9. Vida,1.0,12.660187115352784,34.55182525326224,21.891638137909453,True,False
2021Q3,Personas Empoderadas,10. Salud,94.52235683380931,12.660187115352784,34.55182525326224,21.891638137909453,False,True
2021Q3,Personas Empoderadas,11. Educación,7.788291207284182,12.660187115352784,34.55182525326224,21.891638137909453,False,False
2021Q3,Personas Empoderadas,12. Conocimiento,34.89665297195547,12.660187115352784,34.55182525326224,21.891638137909453,False,False
2021Q4,Personas Empoderadas,9. Vida,2.3386130522052273,15.685198266857169,34.89534521201852,19.21014694516135,True,False
2021Q4,Personas Empoderadas,10. Salud,94.24725988957167,15.685198266857169,34.89534521201852,19.21014694516135,False,True
2021Q4,Personas Empoderadas,11. Educación,7.803487713797631,15.685198266857169,34.89534521201852,19.21014694516135,False,False
2021Q4,Personas Empoderadas,12. Conocimiento,35.19202019249955,15.685198266857169,34.89534521201852,19.21014694516135,False,False
2022Q1,Personas Empoderadas,9. Vida,2.95702522852702,16.62823530900882,35.00656289479156,18.37832758578274,True,False
2022Q1,Personas Empoderadas,10. Salud,93.90713562546323,16.62823530900882,35.00656289479156,18.37832758578274,False,True
2022Q1,Personas Empoderadas,11. Educación,7.781560213256025,16.62823530900882,35.00656289479156,18.37832758578274,False,False
2022Q1,Personas Empoderadas,12. Conocimiento,35.380530511919964,16.62823530900882,35.00656289479156,18.37832758578274,False,False
2022Q2,Personas Empoderadas,9. Vida,3.304397017021575,20.78567108777298,37.25351558334277,16.46784449556979,True,False
2022Q2,Personas Empoderadas,10. Salud,92.86721254204045,20.78567108777298,37.25351558334277,16.46784449556979,False,True
2022Q2,Personas Empoderadas,11. Educación,16.94473139539679,20.78567108777298,37.25351558334277,16.46784449556979,False,False
2022Q2,Personas Empoderadas,12. Conocimiento,35.897721378912266,20.78567108777298,37.25351558334277,16.46784449556979,False,False
2022Q3,Personas Empoderadas,9. Vida,3.7926791565788953,23.637708073016487,39.225274038594236,15.587565965577749,True,False
2022Q3,Personas Empoderadas,10. Salud,92.08139194501541,23.637708073016487,39.225274038594236,15.587565965577749,False,True
2022Q3,Personas Empoderadas,11. Educación,24.418882417741415,23.637708073016487,39.225274038594236,15.587565965577749,False,False
2022Q3,Personas Empoderadas,12. Conocimiento,36.60814263504122,23.637708073016487,39.225274038594236,15.587565965577749,False,False
2022Q4,Personas Empoderadas,9. Vida,3.3728614694125243,19.50192656401079,36.16064407504317,16.658717511032382,True,False
2022Q4,Personas Empoderadas,10. Salud,91.2565621893465,19.50192656401079,36.16064407504317,16.658717511032382,False,True
2022Q4,Personas Empoderadas,11. Educación,12.541288563494906,19.50192656401079,36.16064407504317,16.658717511032382,False,False
2022Q4,Personas Empoderadas,12. Conocimiento,37.471864077918774,19.50192656401079,36.16064407504317,16.658717511032382,False,False
2023Q1,Personas Empoderadas,9. Vida,3.889827375862905,18.185936971057775,35.58762955474208,17.401692583684305,True,False
2023Q1,Personas Empoderadas,10. Salud,91.82982592790036,18.185936971057775,35.58762955474208,17.401692583684305,False,True
2023Q1,Personas Empoderadas,11. Educación,7.907874036102872,18.185936971057775,35.58762955474208,17.401692583684305,False,False
2023Q1,Personas Empoderadas,12. Conocimiento,38.72299087910218,18.185936971057775,35.58762955474208,17.401692583684305,False,False
2023Q2,Personas Empoderadas,9. Vida,3.6816568028289507,18.10555927105065,36.07791818350685,17.9723589124562,True,False
2023Q2,Personas Empoderadas,10. Salud,93.2881701380731,18.10555927105065,36.07791818350685,17.9723589124562,False,True
2023Q2,Personas Empoderadas,11. Educación,7.94093498490344,18.10555927105065,36.07791818350685,17.9723589124562,False,False
2023Q2,Personas Empoderadas,12. Conocimiento,39.40091080822192,18.10555927105065,36.07791818350685,17.9723589124562,False,False
2023Q3,Personas Empoderadas,9. Vida,3.841101153985741,18.444678190256017,36.5659867861643,18.121308595908285,True,False
2023Q3,Personas Empoderadas,10. Salud,94.69400633587496,18.444678190256017,36.5659867861643,18.121308595908285,False,True
2023Q3,Personas Empoderadas,11. Educación,8.011779758377212,18.444678190256017,36.5659867861643,18.121308595908285,False,False
2023Q3,Personas Empoderadas,12. Conocimiento,39.71705989641929,18.444678190256017,36.5659867861643,18.121308595908285,False,False
2023Q4,Personas Empoderadas,9. Vida,4.241818653893654,22.26535726417371,37.79719167483849,15.531834410664779,True,False
2023Q4,Personas Empoderadas,10. Salud,91.40041795296256,22.26535726417371,37.79719167483849,15.531834410664779,False,True
2023Q4,Personas Empoderadas,11. Educación,16.04902971702673,22.26535726417371,37.79719167483849,15.531834410664779,False,False
2023Q4,Personas Empoderadas,12. Conocimiento,39.49750037547099,22.26535726417371,37.79719167483849,15.531834410664779,False,False
2024Q1,Personas Empoderadas,9. Vida,4.355788465639604,18.774913937567405,35.740868425558226,16.96595448799082,True,False
2024Q1,Personas Empoderadas,10. Salud,91.62862382850632,18.774913937567405,35.740868425558226,16.96595448799082,False,True
2024Q1,Personas Empoderadas,11. Educación,7.98362409233515,18.774913937567405,35.740868425558226,16.96595448799082,False,False
2024Q1,Personas Empoderadas,12. Conocimiento,38.995437315751836,18.774913937567405,35.740868425558226,16.96595448799082,False,False
2024Q2,Personas Empoderadas,9. Vida,4.747908670722594,19.174896710096125,35.888507772809135,16.71361106271301,True,False
2024Q2,Personas Empoderadas,10. Salud,91.9249468030619,19.174896710096125,35.888507772809135,16.71361106271301,False,True
2024Q2,Personas Empoderadas,11. Educación,7.957635824470696,19.174896710096125,35.888507772809135,16.71361106271301,False,False
2024Q2,Personas Empoderadas,12. Conocimiento,38.92353979298134,19.174896710096125,35.888507772809135,16.71361106271301,False,False
2024Q3,Personas Empoderadas,9. Vida,5.135644484076699,24.42727264019213,39.1663946141987,14.739121974006572,True,False
2024Q3,Personas Empoderadas,10. Salud,93.40402514328618,24.42727264019213,39.1663946141987,14.739121974006572,False,True
2024Q3,Personas Empoderadas,11. Educación,18.942488467061356,24.42727264019213,39.1663946141987,14.739121974006572,False,False
2024Q3,Personas Empoderadas,12. Conocimiento,39.18342036237058,24.42727264019213,39.1663946141987,14.739121974006572,False,False
2024Q4,Personas Empoderadas,9. Vida,5.140526105135544,26.575428962902613,40.5660213294702,13.99059236656759,True,False
2024Q4,Personas Empoderadas,10. Salud,90.30960119327419,26.575428962902613,40.5660213294702,13.99059236656759,False,True
2024Q4,Personas Empoderadas,11. Educación,26.957754149247215,26.575428962902613,40.5660213294702,13.99059236656759,False,False
2024Q4,Personas Empoderadas,12. Conocimiento,39.856203870223844,26.575428962902613,40.5660213294702,13.99059236656759,False,False
2025Q1,Personas Empoderadas,9. Vida,5.255600431007289,26.946953624489353,40.87477387986006,13.927820255370705,True,False
2025Q1,Personas Empoderadas,10. Salud,90.32320667290118,26.946953624489353,40.87477387986006,13.927820255370705,False,True
2025Q1,Personas Empoderadas,11. Educación,27.43790317339894,26.946953624489353,40.87477387986006,13.927820255370705,False,False
2025Q1,Personas Empoderadas,12. Conocimiento,40.482385242132835,26.946953624489353,40.87477387986006,13.927820255370705,False,False
2025Q2,Personas Empoderadas,9. Vida,7.195138395356554,29.41306887696533,41.650346203700785,12.237277326735455,True,False
2025Q2,Personas Empoderadas,10. Salud,90.3367939196382,29.41306887696533,41.650346203700785,12.237277326735455,False,True
2025Q2,Personas Empoderadas,11. Educación,28.11878466823687,29.41306887696533,41.650346203700785,12.237277326735455,False,False
2025Q2,Personas Empoderadas,12. Conocimiento,40.95066783157152,29.41306887696533,41.650346203700785,12.237277326735455,False,False
2025Q3,Personas Empoderadas,9. Vida,9.269587526607728,32.42567542317901,43.072654448332536,10.646979025153527,True,False
2025Q3,Personas Empoderadas,10. Salud,89.49212730805387,32.42567542317901,43.072654448332536,10.646979025153527,False,True
2025Q3,Personas Empoderadas,11. Educación,32.40659520492025,32.42567542317901,43.072654448332536,10.646979025153527,False,False
2025Q3,Personas Empoderadas,12. Conocimiento,41.12230775374828,32.42567542317901,43.072654448332536,10.646979025153527,False,False
2025Q4,Personas Empoderadas,9. Vida,8.104397942437368,31.760970332983224,42.93957715125324,11.178606818270016,True,False
2025Q4,Personas Empoderadas,10. Salud,87.73528992856824,31.760970332983224,42.93957715125324,11.178606818270016,False,True
2025Q4,Personas Empoderadas,11. Educación,34.83260093625711,31.760970332983224,42.93957715125324,11.178606818270016,False,False
2025Q4,Personas Empoderadas,12. Conocimiento,41.08601979775025,31.760970332983224,42.93957715125324,11.178606818270016,False,False
