Periodo,Dominio,Score,IPA27_Geom,IPA27_Aritm,Penalizacion_Deseq,Es_Cuello_Botella
2016Q1,Sociedades Inclusivas,60.17872727687655,52.10575955880799,53.074494948762435,0.9687353899544462,False
2016Q1,Economías Abiertas,39.43902362532588,52.10575955880799,53.074494948762435,0.9687353899544462,True
2016Q1,Personas Empoderadas,59.60573394408486,52.10575955880799,53.074494948762435,0.9687353899544462,False
2016Q2,Sociedades Inclusivas,60.24425915107365,52.117645435100144,53.072156353074384,0.9545109179742397,False
2016Q2,Economías Abiertas,39.534601753717205,52.117645435100144,53.072156353074384,0.9545109179742397,True
2016Q2,Personas Empoderadas,59.43760815443229,52.117645435100144,53.072156353074384,0.9545109179742397,False
2016Q3,Sociedades Inclusivas,57.72116376511883,51.11832839632096,52.09548633161722,0.9771579352962547,False
2016Q3,Economías Abiertas,38.57697040724298,51.11832839632096,52.09548633161722,0.9771579352962547,True
2016Q3,Personas Empoderadas,59.98832482248982,51.11832839632096,52.09548633161722,0.9771579352962547,False
2016Q4,Sociedades Inclusivas,60.07776305072265,51.98018803554348,53.03677002436397,1.05658198882049,False
2016Q4,Economías Abiertas,38.834415629059734,51.98018803554348,53.03677002436397,1.05658198882049,True
2016Q4,Personas Empoderadas,60.19813139330951,51.98018803554348,53.03677002436397,1.05658198882049,False
2017Q1,Sociedades Inclusivas,58.61729607716405,51.50949061218456,52.520712188702284,1.0112215765177268,False
2017Q1,Economías Abiertas,38.70128585571423,51.50949061218456,52.520712188702284,1.0112215765177268,True
2017Q1,Personas Empoderadas,60.24355463322858,51.50949061218456,52.520712188702284,1.0112215765177268,False
2017Q2,Sociedades Inclusivas,57.73791440410561,51.18469835523372,52.21814126184231,1.0334429066085917,False
2017Q2,Economías Abiertas,38.34072139952974,51.18469835523372,52.21814126184231,1.0334429066085917,True
2017Q2,Personas Empoderadas,60.57578798189159,51.18469835523372,52.21814126184231,1.0334429066085917,False
2017Q3,Sociedades Inclusivas,58.76262056670179,52.18849402542339,53.1779142041245,0.9894201787011099,False
2017Q3,Economías Abiertas,39.44135437843488,52.18849402542339,53.1779142041245,0.9894201787011099,True
2017Q3,Personas Empoderadas,61.32976766723682,52.18849402542339,53.1779142041245,0.9894201787011099,False
2017Q4,Sociedades Inclusivas,59.30978641542466,52.2593079101577,53.34187346009909,1.0825655499413855,False
2017Q4,Economías Abiertas,38.97645708248215,52.2593079101577,53.34187346009909,1.0825655499413855,True
2017Q4,Personas Empoderadas,61.73937688239045,52.2593079101577,53.34187346009909,1.0825655499413855,False
2018Q1,Sociedades Inclusivas,60.53590211968682,52.9395021938347,53.95311928800802,1.0136170941733198,False
2018Q1,Economías Abiertas,39.90508734084839,52.9395021938347,53.95311928800802,1.0136170941733198,True
2018Q1,Personas Empoderadas,61.41836840348885,52.9395021938347,53.95311928800802,1.0136170941733198,False
2018Q2,Sociedades Inclusivas,57.031584986829245,52.29107591763196,53.10314848814904,0.8120725705170813,False
2018Q2,Economías Abiertas,40.74107545839551,52.29107591763196,53.10314848814904,0.8120725705170813,True
2018Q2,Personas Empoderadas,61.53678501922237,52.29107591763196,53.10314848814904,0.8120725705170813,False
2018Q3,Sociedades Inclusivas,58.4562915169605,52.945638320909104,53.79979461313329,0.8541562922241823,False
2018Q3,Economías Abiertas,40.96726543740488,52.945638320909104,53.79979461313329,0.8541562922241823,True
2018Q3,Personas Empoderadas,61.97582688503448,52.945638320909104,53.79979461313329,0.8541562922241823,False
2018Q4,Sociedades Inclusivas,57.39570653168298,52.33154528203415,53.24314000920489,0.9115947271707441,False
2018Q4,Economías Abiertas,40.16281036384865,52.33154528203415,53.24314000920489,0.9115947271707441,True
2018Q4,Personas Empoderadas,62.17090313208306,52.33154528203415,53.24314000920489,0.9115947271707441,False
2019Q1,Sociedades Inclusivas,57.895429061545805,52.54882578290897,53.47198759720542,0.9231618142964493,False
2019Q1,Economías Abiertas,40.249029947715634,52.54882578290897,53.47198759720542,0.9231618142964493,True
2019Q1,Personas Empoderadas,62.27150378235483,52.54882578290897,53.47198759720542,0.9231618142964493,False
2019Q2,Sociedades Inclusivas,58.86436513963394,53.786282636820886,54.555442902529386,0.7691602657084999,False
2019Q2,Economías Abiertas,42.27835739338127,53.786282636820886,54.555442902529386,0.7691602657084999,True
2019Q2,Personas Empoderadas,62.52360617457292,53.786282636820886,54.555442902529386,0.7691602657084999,False
2019Q3,Sociedades Inclusivas,54.506556915018066,52.490776715816075,53.23604078151859,0.7452640657025142,False
2019Q3,Economías Abiertas,41.9491408954569,52.490776715816075,53.23604078151859,0.7452640657025142,True
2019Q3,Personas Empoderadas,63.25242453408079,52.490776715816075,53.23604078151859,0.7452640657025142,False
2019Q4,Sociedades Inclusivas,57.84273490491136,54.26284636166498,54.98646651051464,0.7236201488496619,False
2019Q4,Economías Abiertas,43.249551448206816,54.26284636166498,54.98646651051464,0.7236201488496619,True
2019Q4,Personas Empoderadas,63.86711317842574,54.26284636166498,54.98646651051464,0.7236201488496619,False
2020Q1,Sociedades Inclusivas,58.93970465389721,54.240746170693505,55.157432532073095,0.9166863613795897,False
2020Q1,Economías Abiertas,41.87353827186666,54.240746170693505,55.157432532073095,0.9166863613795897,True
2020Q1,Personas Empoderadas,64.65905467045543,54.240746170693505,55.157432532073095,0.9166863613795897,False
2020Q2,Sociedades Inclusivas,69.12323795393532,52.59745116133635,55.45003052031566,2.8525793589793054,False
2020Q2,Economías Abiertas,32.54549629196486,52.59745116133635,55.45003052031566,2.8525793589793054,True
2020Q2,Personas Empoderadas,64.6813573150468,52.59745116133635,55.45003052031566,2.8525793589793054,False
2020Q3,Sociedades Inclusivas,61.73036835676925,54.245398582924444,55.49792279028139,1.2525242073569487,False
2020Q3,Economías Abiertas,39.80900038828965,54.245398582924444,55.49792279028139,1.2525242073569487,True
2020Q3,Personas Empoderadas,64.95439962578527,54.245398582924444,55.49792279028139,1.2525242073569487,False
2020Q4,Sociedades Inclusivas,60.82827606047654,53.43393559803189,54.81327216248402,1.3793365644521316,False
2020Q4,Economías Abiertas,38.549402225592196,53.43393559803189,54.81327216248402,1.3793365644521316,True
2020Q4,Personas Empoderadas,65.0621382013833,53.43393559803189,54.81327216248402,1.3793365644521316,False
2021Q1,Sociedades Inclusivas,61.893518563964676,54.42592903054358,55.64623542746793,1.2203063969243502,False
2021Q1,Economías Abiertas,40.11957500119304,54.42592903054358,55.64623542746793,1.2203063969243502,True
2021Q1,Personas Empoderadas,64.92561271724607,54.42592903054358,55.64623542746793,1.2203063969243502,False
2021Q2,Sociedades Inclusivas,61.87949656629527,53.81204704153579,55.210352745891804,1.3983057043560123,False
2021Q2,Economías Abiertas,38.72710560361342,53.81204704153579,55.210352745891804,1.3983057043560123,True
2021Q2,Personas Empoderadas,65.0244560677667,53.81204704153579,55.210352745891804,1.3983057043560123,False
2021Q3,Sociedades Inclusivas,60.34905247743654,54.75850844133206,55.76086552096482,1.002357079632759,False
2021Q3,Economías Abiertas,41.72060568643647,54.75850844133206,55.76086552096482,1.002357079632759,True
2021Q3,Personas Empoderadas,65.21293839902147,54.75850844133206,55.76086552096482,1.002357079632759,False
2021Q4,Sociedades Inclusivas,59.31031878143089,55.089232497723366,55.958508602423485,0.8692761047001198,False
2021Q4,Economías Abiertas,42.979311563833896,55.089232497723366,55.958508602423485,0.8692761047001198,True
2021Q4,Personas Empoderadas,65.58589546200568,55.089232497723366,55.958508602423485,0.8692761047001198,False
2022Q1,Sociedades Inclusivas,57.79349782008071,56.36599700637714,56.917615177734355,0.5516181713572124,False
2022Q1,Economías Abiertas,46.92441241973855,56.36599700637714,56.917615177734355,0.5516181713572124,True
2022Q1,Personas Empoderadas,66.0349352933838,56.36599700637714,56.917615177734355,0.5516181713572124,False
2022Q2,Sociedades Inclusivas,56.745900710171625,56.21975321204532,56.7731005314541,0.553347319408779,False
2022Q2,Economías Abiertas,47.12366189506523,56.21975321204532,56.7731005314541,0.553347319408779,True
2022Q2,Personas Empoderadas,66.44973898912544,56.21975321204532,56.7731005314541,0.553347319408779,False
2022Q3,Sociedades Inclusivas,56.38903152706941,55.85755824387945,56.495260912293794,0.6377026684143416,False
2022Q3,Economías Abiertas,46.20144519727276,55.85755824387945,56.495260912293794,0.6377026684143416,True
2022Q3,Personas Empoderadas,66.89530601253922,55.85755824387945,56.495260912293794,0.6377026684143416,False
2022Q4,Sociedades Inclusivas,54.8682977655486,55.28913004452221,55.94467816801015,0.6555481234879394,False
2022Q4,Economías Abiertas,45.99570433888075,55.28913004452221,55.94467816801015,0.6555481234879394,True
2022Q4,Personas Empoderadas,66.97003239960111,55.28913004452221,55.94467816801015,0.6555481234879394,False
2023Q1,Sociedades Inclusivas,52.6927720731622,53.11070110446105,54.09319636430006,0.9824952598390126,False
2023Q1,Economías Abiertas,42.17602009380001,53.11070110446105,54.09319636430006,0.9824952598390126,True
2023Q1,Personas Empoderadas,67.41079692593797,53.11070110446105,54.09319636430006,0.9824952598390126,False
2023Q2,Sociedades Inclusivas,53.59853187787626,53.465220652951174,54.49899189859502,1.0337712456438481,False
2023Q2,Economías Abiertas,41.98785796426287,53.465220652951174,54.49899189859502,1.0337712456438481,True
2023Q2,Personas Empoderadas,67.91058585364594,53.465220652951174,54.49899189859502,1.0337712456438481,False
2023Q3,Sociedades Inclusivas,54.01191938527704,53.57663507407016,54.69244263161361,1.115807557543448,False
2023Q3,Economías Abiertas,41.56883278466416,53.57663507407016,54.69244263161361,1.115807557543448,True
2023Q3,Personas Empoderadas,68.49657572489964,53.57663507407016,54.69244263161361,1.115807557543448,False
2023Q4,Sociedades Inclusivas,50.74152382178425,52.56466038583922,53.63857416442232,1.0739137785831048,False
2023Q4,Economías Abiertas,41.96196368668215,52.56466038583922,53.63857416442232,1.0739137785831048,True
2023Q4,Personas Empoderadas,68.21223498480056,52.56466038583922,53.63857416442232,1.0739137785831048,False
2024Q1,Sociedades Inclusivas,51.81056568550372,53.591910554539865,54.51067990047886,0.9187693459389976,False
2024Q1,Economías Abiertas,43.630401872679954,53.591910554539865,54.51067990047886,0.9187693459389976,True
2024Q1,Personas Empoderadas,68.09107214325293,53.591910554539865,54.51067990047886,0.9187693459389976,False
2024Q2,Sociedades Inclusivas,52.74788515322018,55.0465416867338,55.775500452619774,0.7289587658859702,False
2024Q2,Economías Abiertas,46.33960959922891,55.0465416867338,55.775500452619774,0.7289587658859702,True
2024Q2,Personas Empoderadas,68.23900660541022,55.0465416867338,55.775500452619774,0.7289587658859702,False
2024Q3,Sociedades Inclusivas,53.889244948113955,55.10966934695739,55.92868919966107,0.8190198527036827,False
2024Q3,Economías Abiertas,45.2323733833588,55.10966934695739,55.92868919966107,0.8190198527036827,True
2024Q3,Personas Empoderadas,68.66444926751045,55.10966934695739,55.92868919966107,0.8190198527036827,False
2024Q4,Sociedades Inclusivas,52.618315010114664,55.3536135913498,56.01682546908787,0.6632118777380711,False
2024Q4,Economías Abiertas,47.33128511549519,55.3536135913498,56.01682546908787,0.6632118777380711,True
2024Q4,Personas Empoderadas,68.10087628165373,55.3536135913498,56.01682546908787,0.6632118777380711,False
2025Q1,Sociedades Inclusivas,53.825314070299676,55.286497321158876,55.99836726487856,0.7118699437196838,False
2025Q1,Economías Abiertas,46.17106772488913,55.286497321158876,55.99836726487856,0.7118699437196838,True
2025Q1,Personas Empoderadas,67.99871999944686,55.286497321158876,55.99836726487856,0.7118699437196838,False
2025Q2,Sociedades Inclusivas,53.42580918066357,56.486583765663084,57.03437162243585,0.5477878567727643,False
2025Q2,Economías Abiertas,49.43359208598027,56.486583765663084,57.03437162243585,0.5477878567727643,True
2025Q2,Personas Empoderadas,68.2437136006637,56.486583765663084,57.03437162243585,0.5477878567727643,False
2025Q3,Sociedades Inclusivas,52.85091711630167,56.97759582646267,57.495712242883485,0.518116416420817,False
2025Q3,Economías Abiertas,50.970938578953216,56.97759582646267,57.495712242883485,0.518116416420817,True
2025Q3,Personas Empoderadas,68.66528103339557,56.97759582646267,57.495712242883485,0.518116416420817,False
2025Q4,Sociedades Inclusivas,53.97965978529068,57.34242381538349,57.833930314471026,0.4915064990875351,False
2025Q4,Economías Abiertas,50.90726957860011,57.34242381538349,57.833930314471026,0.4915064990875351,True
2025Q4,Personas Empoderadas,68.61486157952228,57.34242381538349,57.833930314471026,0.4915064990875351,False
2026Q1,Sociedades Inclusivas,55.47897551954047,58.14524452835236,58.61430358622753,0.469059057875171,False
2026Q1,Economías Abiertas,51.32091464736841,58.14524452835236,58.61430358622753,0.469059057875171,True
2026Q1,Personas Empoderadas,69.0430205917737,58.14524452835236,58.61430358622753,0.469059057875171,False
2026Q2,Sociedades Inclusivas,55.89399168291298,58.39251549487554,58.88497445853893,0.49245896366338826,False
2026Q2,Economías Abiertas,51.23180330895938,58.39251549487554,58.88497445853893,0.49245896366338826,True
2026Q2,Personas Empoderadas,69.52912838374442,58.39251549487554,58.88497445853893,0.49245896366338826,False
