Periodo,Dominio,Pilar,Score,Dominio_Geom,Dominio_Aritm,Penalizacion_Deseq,Es_Cuello_Botella,Es_Fortaleza
2016Q1,Sociedades Inclusivas,1. Seguridad,48.80715687537537,60.17872727687655,61.694881709671506,1.5161544327949557,False,False
2016Q1,Sociedades Inclusivas,2. Libertad,74.6839750392061,60.17872727687655,61.694881709671506,1.5161544327949557,False,False
2016Q1,Sociedades Inclusivas,3. Gobernanza,47.43124893813687,60.17872727687655,61.694881709671506,1.5161544327949557,True,False
2016Q1,Sociedades Inclusivas,4. Capital Social,75.85714598596768,60.17872727687655,61.694881709671506,1.5161544327949557,False,True
2016Q2,Sociedades Inclusivas,1. Seguridad,47.794004006630665,60.24425915107365,61.80155679841474,1.5572976473410876,True,False
2016Q2,Sociedades Inclusivas,2. Libertad,74.80636448560107,60.24425915107365,61.80155679841474,1.5572976473410876,False,False
2016Q2,Sociedades Inclusivas,3. Gobernanza,48.25332786229178,60.24425915107365,61.80155679841474,1.5572976473410876,False,False
2016Q2,Sociedades Inclusivas,4. Capital Social,76.35253083913545,60.24425915107365,61.80155679841474,1.5572976473410876,False,True
2016Q3,Sociedades Inclusivas,1. Seguridad,47.24171697229989,57.72116376511883,59.936228550687574,2.2150647855687424,False,False
2016Q3,Sociedades Inclusivas,2. Libertad,74.59992742625079,57.72116376511883,59.936228550687574,2.2150647855687424,False,False
2016Q3,Sociedades Inclusivas,3. Gobernanza,40.90879263869407,57.72116376511883,59.936228550687574,2.2150647855687424,True,False
2016Q3,Sociedades Inclusivas,4. Capital Social,76.99447716550554,57.72116376511883,59.936228550687574,2.2150647855687424,False,True
2016Q4,Sociedades Inclusivas,1. Seguridad,46.443389942926856,60.07776305072265,61.66312737401367,1.5853643232910173,True,False
2016Q4,Sociedades Inclusivas,2. Libertad,73.36138262942282,60.07776305072265,61.66312737401367,1.5853643232910173,False,False
2016Q4,Sociedades Inclusivas,3. Gobernanza,49.31482613649307,60.07776305072265,61.66312737401367,1.5853643232910173,False,False
2016Q4,Sociedades Inclusivas,4. Capital Social,77.53291078721193,60.07776305072265,61.66312737401367,1.5853643232910173,False,True
2017Q1,Sociedades Inclusivas,1. Seguridad,40.73581029039806,58.61729607716405,60.81676960089689,2.1994735237328413,True,False
2017Q1,Sociedades Inclusivas,2. Libertad,74.97124161241221,58.61729607716405,60.81676960089689,2.1994735237328413,False,False
2017Q1,Sociedades Inclusivas,3. Gobernanza,49.56188246476782,58.61729607716405,60.81676960089689,2.1994735237328413,False,False
2017Q1,Sociedades Inclusivas,4. Capital Social,77.99814403600946,58.61729607716405,60.81676960089689,2.1994735237328413,False,True
2017Q2,Sociedades Inclusivas,1. Seguridad,41.882331206416914,57.73791440410561,60.196360064308045,2.458445660202436,True,False
2017Q2,Sociedades Inclusivas,2. Libertad,75.75188976637348,57.73791440410561,60.196360064308045,2.458445660202436,False,False
2017Q2,Sociedades Inclusivas,3. Gobernanza,44.583914168777326,57.73791440410561,60.196360064308045,2.458445660202436,False,False
2017Q2,Sociedades Inclusivas,4. Capital Social,78.56730511566448,57.73791440410561,60.196360064308045,2.458445660202436,False,True
2017Q3,Sociedades Inclusivas,1. Seguridad,41.3997495878983,58.76262056670179,61.077723107145886,2.3151025404440944,True,False
2017Q3,Sociedades Inclusivas,2. Libertad,75.76654517469238,58.76262056670179,61.077723107145886,2.3151025404440944,False,False
2017Q3,Sociedades Inclusivas,3. Gobernanza,48.07516953371269,58.76262056670179,61.077723107145886,2.3151025404440944,False,False
2017Q3,Sociedades Inclusivas,4. Capital Social,79.06942813228015,58.76262056670179,61.077723107145886,2.3151025404440944,False,True
2017Q4,Sociedades Inclusivas,1. Seguridad,41.058766538213966,59.30978641542466,61.44993721598732,2.140150800562658,True,False
2017Q4,Sociedades Inclusivas,2. Libertad,74.17254084714848,59.30978641542466,61.44993721598732,2.140150800562658,False,False
2017Q4,Sociedades Inclusivas,3. Gobernanza,51.1796112141989,59.30978641542466,61.44993721598732,2.140150800562658,False,False
2017Q4,Sociedades Inclusivas,4. Capital Social,79.38883026438793,59.30978641542466,61.44993721598732,2.140150800562658,False,True
2018Q1,Sociedades Inclusivas,1. Seguridad,45.43434453095701,60.53590211968682,62.39095563680003,1.8550535171132125,True,False
2018Q1,Sociedades Inclusivas,2. Libertad,74.59712381340954,60.53590211968682,62.39095563680003,1.8550535171132125,False,False
2018Q1,Sociedades Inclusivas,3. Gobernanza,49.522405827822475,60.53590211968682,62.39095563680003,1.8550535171132125,False,False
2018Q1,Sociedades Inclusivas,4. Capital Social,80.00994837501109,60.53590211968682,62.39095563680003,1.8550535171132125,False,True
2018Q2,Sociedades Inclusivas,1. Seguridad,44.50078239309788,57.031584986829245,59.291027735713925,2.2594427488846804,False,False
2018Q2,Sociedades Inclusivas,2. Libertad,69.76496166952035,57.031584986829245,59.291027735713925,2.2594427488846804,False,False
2018Q2,Sociedades Inclusivas,3. Gobernanza,42.25704437334433,57.031584986829245,59.291027735713925,2.2594427488846804,True,False
2018Q2,Sociedades Inclusivas,4. Capital Social,80.64132250689315,57.031584986829245,59.291027735713925,2.2594427488846804,False,True
2018Q3,Sociedades Inclusivas,1. Seguridad,44.07805254634649,58.4562915169605,60.48065522109815,2.0243637041376488,True,False
2018Q3,Sociedades Inclusivas,2. Libertad,69.9598642571991,58.4562915169605,60.48065522109815,2.0243637041376488,False,False
2018Q3,Sociedades Inclusivas,3. Gobernanza,46.56457031148146,58.4562915169605,60.48065522109815,2.0243637041376488,False,False
2018Q3,Sociedades Inclusivas,4. Capital Social,81.32013376936557,58.4562915169605,60.48065522109815,2.0243637041376488,False,True
2018Q4,Sociedades Inclusivas,1. Seguridad,43.50674098431339,57.39570653168298,59.73318917987402,2.3374826481910347,False,False
2018Q4,Sociedades Inclusivas,2. Libertad,69.94795711420949,57.39570653168298,59.73318917987402,2.3374826481910347,False,False
2018Q4,Sociedades Inclusivas,3. Gobernanza,43.49981899893434,57.39570653168298,59.73318917987402,2.3374826481910347,True,False
2018Q4,Sociedades Inclusivas,4. Capital Social,81.97823962203888,57.39570653168298,59.73318917987402,2.3374826481910347,False,True
2019Q1,Sociedades Inclusivas,1. Seguridad,45.37544255462512,57.895429061545805,59.958644393975874,2.063215332430069,False,False
2019Q1,Sociedades Inclusivas,2. Libertad,67.53362449944116,57.895429061545805,59.958644393975874,2.063215332430069,False,False
2019Q1,Sociedades Inclusivas,3. Gobernanza,44.45874821621699,57.895429061545805,59.958644393975874,2.063215332430069,True,False
2019Q1,Sociedades Inclusivas,4. Capital Social,82.46676230562026,57.895429061545805,59.958644393975874,2.063215332430069,False,True
2019Q2,Sociedades Inclusivas,1. Seguridad,46.15469135739716,58.86436513963394,61.00910055045374,2.1447354108197985,False,False
2019Q2,Sociedades Inclusivas,2. Libertad,69.93221220269642,58.86436513963394,61.00910055045374,2.1447354108197985,False,False
2019Q2,Sociedades Inclusivas,3. Gobernanza,44.661723603210156,58.86436513963394,61.00910055045374,2.1447354108197985,True,False
2019Q2,Sociedades Inclusivas,4. Capital Social,83.2877750385112,58.86436513963394,61.00910055045374,2.1447354108197985,False,True
2019Q3,Sociedades Inclusivas,1. Seguridad,43.91814188724936,54.506556915018066,57.60117494394687,3.0946180289288066,False,False
2019Q3,Sociedades Inclusivas,2. Libertad,67.51592944545597,54.506556915018066,57.60117494394687,3.0946180289288066,False,False
2019Q3,Sociedades Inclusivas,3. Gobernanza,35.7843442960762,54.506556915018066,57.60117494394687,3.0946180289288066,True,False
2019Q3,Sociedades Inclusivas,4. Capital Social,83.18628414700595,54.506556915018066,57.60117494394687,3.0946180289288066,False,True
2019Q4,Sociedades Inclusivas,1. Seguridad,43.072386647442,57.84273490491136,59.975354139701615,2.132619234790255,True,False
2019Q4,Sociedades Inclusivas,2. Libertad,66.65580033828407,57.84273490491136,59.975354139701615,2.132619234790255,False,False
2019Q4,Sociedades Inclusivas,3. Gobernanza,46.72303317347096,57.84273490491136,59.975354139701615,2.132619234790255,False,False
2019Q4,Sociedades Inclusivas,4. Capital Social,83.45019639960944,57.84273490491136,59.975354139701615,2.132619234790255,False,True
2020Q1,Sociedades Inclusivas,1. Seguridad,50.97936187356896,58.93970465389721,61.34101564925818,2.401310995360973,False,False
2020Q1,Sociedades Inclusivas,2. Libertad,71.62433972582687,58.93970465389721,61.34101564925818,2.401310995360973,False,False
2020Q1,Sociedades Inclusivas,3. Gobernanza,39.87469307422953,58.93970465389721,61.34101564925818,2.401310995360973,True,False
2020Q1,Sociedades Inclusivas,4. Capital Social,82.88566792340735,58.93970465389721,61.34101564925818,2.401310995360973,False,True
2020Q2,Sociedades Inclusivas,1. Seguridad,71.81926763263618,69.12323795393532,70.25267838597901,1.129440432043694,False,False
2020Q2,Sociedades Inclusivas,2. Libertad,78.0975071379088,69.12323795393532,70.25267838597901,1.129440432043694,False,False
2020Q2,Sociedades Inclusivas,3. Gobernanza,50.507597995800666,69.12323795393532,70.25267838597901,1.129440432043694,True,False
2020Q2,Sociedades Inclusivas,4. Capital Social,80.58634077757041,69.12323795393532,70.25267838597901,1.129440432043694,False,True
2020Q3,Sociedades Inclusivas,1. Seguridad,52.86981518935713,61.73036835676925,63.09630397420992,1.3659356174406696,False,False
2020Q3,Sociedades Inclusivas,2. Libertad,70.48276750994258,61.73036835676925,63.09630397420992,1.3659356174406696,False,False
2020Q3,Sociedades Inclusivas,3. Gobernanza,48.21952353693882,61.73036835676925,63.09630397420992,1.3659356174406696,True,False
2020Q3,Sociedades Inclusivas,4. Capital Social,80.81310966060114,61.73036835676925,63.09630397420992,1.3659356174406696,False,True
2020Q4,Sociedades Inclusivas,1. Seguridad,56.03761437111182,60.82827606047654,62.59762094792154,1.7693448874450013,False,False
2020Q4,Sociedades Inclusivas,2. Libertad,71.28402513258968,60.82827606047654,62.59762094792154,1.7693448874450013,False,False
2020Q4,Sociedades Inclusivas,3. Gobernanza,42.5818385503265,60.82827606047654,62.59762094792154,1.7693448874450013,True,False
2020Q4,Sociedades Inclusivas,4. Capital Social,80.48700573765817,60.82827606047654,62.59762094792154,1.7693448874450013,False,True
2021Q1,Sociedades Inclusivas,1. Seguridad,58.809827362381036,61.893518563964676,63.23325796597386,1.3397394020091866,False,False
2021Q1,Sociedades Inclusivas,2. Libertad,68.9719452592235,61.893518563964676,63.23325796597386,1.3397394020091866,False,False
2021Q1,Sociedades Inclusivas,3. Gobernanza,45.318896764858934,61.893518563964676,63.23325796597386,1.3397394020091866,True,False
2021Q1,Sociedades Inclusivas,4. Capital Social,79.83236247743196,61.893518563964676,63.23325796597386,1.3397394020091866,False,True
2021Q2,Sociedades Inclusivas,1. Seguridad,56.489313331823936,61.87949656629527,63.016820525928054,1.1373239596327807,False,False
2021Q2,Sociedades Inclusivas,2. Libertad,66.6340050433959,61.87949656629527,63.016820525928054,1.1373239596327807,False,False
2021Q2,Sociedades Inclusivas,3. Gobernanza,48.301629933176535,61.87949656629527,63.016820525928054,1.1373239596327807,True,False
2021Q2,Sociedades Inclusivas,4. Capital Social,80.64233379531585,61.87949656629527,63.016820525928054,1.1373239596327807,False,True
2021Q3,Sociedades Inclusivas,1. Seguridad,52.22911627846128,60.34905247743654,61.74202396628259,1.392971488846051,False,False
2021Q3,Sociedades Inclusivas,2. Libertad,67.0632894240457,60.34905247743654,61.74202396628259,1.392971488846051,False,False
2021Q3,Sociedades Inclusivas,3. Gobernanza,46.85648823702414,60.34905247743654,61.74202396628259,1.392971488846051,True,False
2021Q3,Sociedades Inclusivas,4. Capital Social,80.81920192559922,60.34905247743654,61.74202396628259,1.392971488846051,False,True
2021Q4,Sociedades Inclusivas,1. Seguridad,46.87658004701289,59.31031878143089,60.76494648013571,1.4546276987048259,True,False
2021Q4,Sociedades Inclusivas,2. Libertad,64.76319942990176,59.31031878143089,60.76494648013571,1.4546276987048259,False,False
2021Q4,Sociedades Inclusivas,3. Gobernanza,50.16073567945856,59.31031878143089,60.76494648013571,1.4546276987048259,False,False
2021Q4,Sociedades Inclusivas,4. Capital Social,81.25927076416966,59.31031878143089,60.76494648013571,1.4546276987048259,False,True
2022Q1,Sociedades Inclusivas,1. Seguridad,45.10548898925786,57.79349782008071,59.38207962987304,1.5885818097923305,True,False
2022Q1,Sociedades Inclusivas,2. Libertad,62.07724413929684,57.79349782008071,59.38207962987304,1.5885818097923305,False,False
2022Q1,Sociedades Inclusivas,3. Gobernanza,48.95015516821433,57.79349782008071,59.38207962987304,1.5885818097923305,False,False
2022Q1,Sociedades Inclusivas,4. Capital Social,81.39543022272312,57.79349782008071,59.38207962987304,1.5885818097923305,False,True
2022Q2,Sociedades Inclusivas,1. Seguridad,43.80498768441484,56.745900710171625,58.724647333758654,1.9787466235870284,True,False
2022Q2,Sociedades Inclusivas,2. Libertad,63.05465511012139,56.745900710171625,58.724647333758654,1.9787466235870284,False,False
2022Q2,Sociedades Inclusivas,3. Gobernanza,45.459648014254846,56.745900710171625,58.724647333758654,1.9787466235870284,False,False
2022Q2,Sociedades Inclusivas,4. Capital Social,82.57929852624356,56.745900710171625,58.724647333758654,1.9787466235870284,False,True
2022Q3,Sociedades Inclusivas,1. Seguridad,42.521491542911015,56.38903152706941,58.31110472382639,1.9220731967569762,True,False
2022Q3,Sociedades Inclusivas,2. Libertad,62.20008636448898,56.38903152706941,58.31110472382639,1.9220731967569762,False,False
2022Q3,Sociedades Inclusivas,3. Gobernanza,46.74707559284847,56.38903152706941,58.31110472382639,1.9220731967569762,False,False
2022Q3,Sociedades Inclusivas,4. Capital Social,81.7757653950571,56.38903152706941,58.31110472382639,1.9220731967569762,False,True
2022Q4,Sociedades Inclusivas,1. Seguridad,41.04616191616842,54.8682977655486,56.94057719702825,2.07227943147965,True,False
2022Q4,Sociedades Inclusivas,2. Libertad,59.835129992658736,54.8682977655486,56.94057719702825,2.07227943147965,False,False
2022Q4,Sociedades Inclusivas,3. Gobernanza,45.152903151669946,54.8682977655486,56.94057719702825,2.07227943147965,False,False
2022Q4,Sociedades Inclusivas,4. Capital Social,81.72811372761588,54.8682977655486,56.94057719702825,2.07227943147965,False,True
2023Q1,Sociedades Inclusivas,1. Seguridad,39.01281030861553,52.6927720731622,55.072532784519424,2.3797607113572212,True,False
2023Q1,Sociedades Inclusivas,2. Libertad,57.695730233376125,52.6927720731622,55.072532784519424,2.3797607113572212,False,False
2023Q1,Sociedades Inclusivas,3. Gobernanza,41.96253385670228,52.6927720731622,55.072532784519424,2.3797607113572212,False,False
2023Q1,Sociedades Inclusivas,4. Capital Social,81.6190567393838,52.6927720731622,55.072532784519424,2.3797607113572212,False,True
2023Q2,Sociedades Inclusivas,1. Seguridad,40.29139091981465,53.59853187787626,55.80518978482028,2.2066579069440166,True,False
2023Q2,Sociedades Inclusivas,2. Libertad,56.792516462159945,53.59853187787626,55.80518978482028,2.2066579069440166,False,False
2023Q2,Sociedades Inclusivas,3. Gobernanza,43.80858613039751,53.59853187787626,55.80518978482028,2.2066579069440166,False,False
2023Q2,Sociedades Inclusivas,4. Capital Social,82.328265626909,53.59853187787626,55.80518978482028,2.2066579069440166,False,True
2023Q3,Sociedades Inclusivas,1. Seguridad,39.493223380071605,54.01191938527704,56.16090493466314,2.148985549386097,True,False
2023Q3,Sociedades Inclusivas,2. Libertad,57.64788873735485,54.01191938527704,56.16090493466314,2.148985549386097,False,False
2023Q3,Sociedades Inclusivas,3. Gobernanza,45.6927624500219,54.01191938527704,56.16090493466314,2.148985549386097,False,False
2023Q3,Sociedades Inclusivas,4. Capital Social,81.8097451712042,54.01191938527704,56.16090493466314,2.148985549386097,False,True
2023Q4,Sociedades Inclusivas,1. Seguridad,36.1417534154481,50.74152382178425,53.72907225095602,2.987548429171774,True,False
2023Q4,Sociedades Inclusivas,2. Libertad,58.931814101866756,50.74152382178425,53.72907225095602,2.987548429171774,False,False
2023Q4,Sociedades Inclusivas,3. Gobernanza,38.05420641340845,50.74152382178425,53.72907225095602,2.987548429171774,False,False
2023Q4,Sociedades Inclusivas,4. Capital Social,81.78851507310078,50.74152382178425,53.72907225095602,2.987548429171774,False,True
2024Q1,Sociedades Inclusivas,1. Seguridad,39.65492486772361,51.81056568550372,54.54525773537489,2.734692049871171,False,False
2024Q1,Sociedades Inclusivas,2. Libertad,59.208583988425225,51.81056568550372,54.54525773537489,2.734692049871171,False,False
2024Q1,Sociedades Inclusivas,3. Gobernanza,37.51817312054821,51.81056568550372,54.54525773537489,2.734692049871171,True,False
2024Q1,Sociedades Inclusivas,4. Capital Social,81.79934896480252,51.81056568550372,54.54525773537489,2.734692049871171,False,True
2024Q2,Sociedades Inclusivas,1. Seguridad,39.68492783232093,52.74788515322018,55.557052000439654,2.8091668472194726,False,False
2024Q2,Sociedades Inclusivas,2. Libertad,61.98332247310318,52.74788515322018,55.557052000439654,2.8091668472194726,False,False
2024Q2,Sociedades Inclusivas,3. Gobernanza,38.223028672311074,52.74788515322018,55.557052000439654,2.8091668472194726,True,False
2024Q2,Sociedades Inclusivas,4. Capital Social,82.33692902402346,52.74788515322018,55.557052000439654,2.8091668472194726,False,True
2024Q3,Sociedades Inclusivas,1. Seguridad,41.89316025210128,53.889244948113955,56.2877363326578,2.3984913845438456,False,False
2024Q3,Sociedades Inclusivas,2. Libertad,61.158106168828034,53.889244948113955,56.2877363326578,2.3984913845438456,False,False
2024Q3,Sociedades Inclusivas,3. Gobernanza,40.18237327513851,53.889244948113955,56.2877363326578,2.3984913845438456,True,False
2024Q3,Sociedades Inclusivas,4. Capital Social,81.91730563456338,53.889244948113955,56.2877363326578,2.3984913845438456,False,True
2024Q4,Sociedades Inclusivas,1. Seguridad,40.506685660946786,52.618315010114664,55.749070554294185,3.1307555441795216,False,False
2024Q4,Sociedades Inclusivas,2. Libertad,64.63310141452321,52.618315010114664,55.749070554294185,3.1307555441795216,False,False
2024Q4,Sociedades Inclusivas,3. Gobernanza,35.59217495076871,52.618315010114664,55.749070554294185,3.1307555441795216,True,False
2024Q4,Sociedades Inclusivas,4. Capital Social,82.26432019093804,52.618315010114664,55.749070554294185,3.1307555441795216,False,True
2025Q1,Sociedades Inclusivas,1. Seguridad,40.86791669950401,53.825314070299676,56.76373097542995,2.938416905130275,False,False
2025Q1,Sociedades Inclusivas,2. Libertad,66.47166974687116,53.825314070299676,56.76373097542995,2.938416905130275,False,False
2025Q1,Sociedades Inclusivas,3. Gobernanza,37.65039444443877,53.825314070299676,56.76373097542995,2.938416905130275,True,False
2025Q1,Sociedades Inclusivas,4. Capital Social,82.06494301090588,53.825314070299676,56.76373097542995,2.938416905130275,False,True
2025Q2,Sociedades Inclusivas,1. Seguridad,41.28255692356618,53.42580918066357,56.46391918379591,3.0381100031323385,False,False
2025Q2,Sociedades Inclusivas,2. Libertad,65.82451734214337,53.42580918066357,56.46391918379591,3.0381100031323385,False,False
2025Q2,Sociedades Inclusivas,3. Gobernanza,36.41390709998541,53.42580918066357,56.46391918379591,3.0381100031323385,True,False
2025Q2,Sociedades Inclusivas,4. Capital Social,82.33469536948867,53.42580918066357,56.46391918379591,3.0381100031323385,False,True
2025Q3,Sociedades Inclusivas,1. Seguridad,41.72833770736542,52.85091711630167,56.16449780076327,3.3135806844615985,False,False
2025Q3,Sociedades Inclusivas,2. Libertad,66.71505042138367,52.85091711630167,56.16449780076327,3.3135806844615985,False,False
2025Q3,Sociedades Inclusivas,3. Gobernanza,34.15116197495193,52.85091711630167,56.16449780076327,3.3135806844615985,True,False
2025Q3,Sociedades Inclusivas,4. Capital Social,82.06344109935206,52.85091711630167,56.16449780076327,3.3135806844615985,False,True
2025Q4,Sociedades Inclusivas,1. Seguridad,42.09835441274449,53.97965978529068,56.8482249073772,2.8685651220865225,False,False
2025Q4,Sociedades Inclusivas,2. Libertad,65.04190383609514,53.97965978529068,56.8482249073772,2.8685651220865225,False,False
2025Q4,Sociedades Inclusivas,3. Gobernanza,37.44467852503439,53.97965978529068,56.8482249073772,2.8685651220865225,True,False
2025Q4,Sociedades Inclusivas,4. Capital Social,82.80796285563476,53.97965978529068,56.8482249073772,2.8685651220865225,False,True
2026Q1,Sociedades Inclusivas,1. Seguridad,41.9242475573033,55.47897551954047,57.952899082831784,2.473923563291315,True,False
2026Q1,Sociedades Inclusivas,2. Libertad,64.39636219644227,55.47897551954047,57.952899082831784,2.473923563291315,False,False
2026Q1,Sociedades Inclusivas,3. Gobernanza,42.05813928222461,55.47897551954047,57.952899082831784,2.473923563291315,False,False
2026Q1,Sociedades Inclusivas,4. Capital Social,83.43284729535696,55.47897551954047,57.952899082831784,2.473923563291315,False,True
2026Q2,Sociedades Inclusivas,1. Seguridad,41.83876463155822,55.89399168291298,58.19228974402228,2.2982980611093,True,False
2026Q2,Sociedades Inclusivas,2. Libertad,63.03553954219315,55.89399168291298,58.19228974402228,2.2982980611093,False,False
2026Q2,Sociedades Inclusivas,3. Gobernanza,44.237818371505305,55.89399168291298,58.19228974402228,2.2982980611093,False,False
2026Q2,Sociedades Inclusivas,4. Capital Social,83.65703643083245,55.89399168291298,58.19228974402228,2.2982980611093,False,True
2016Q1,Economías Abiertas,5. Inversión,13.477606912749732,39.43902362532588,46.38578517928144,6.946761553955561,True,False
2016Q1,Economías Abiertas,6. Empresas,64.93172616009609,39.43902362532588,46.38578517928144,6.946761553955561,False,True
2016Q1,Economías Abiertas,7. Infraestructura,43.329875304499666,39.43902362532588,46.38578517928144,6.946761553955561,False,False
2016Q1,Economías Abiertas,8. Calidad Económica,63.80393233978026,39.43902362532588,46.38578517928144,6.946761553955561,False,False
2016Q2,Economías Abiertas,5. Inversión,13.826995555676433,39.534601753717205,46.23195969272508,6.697357939007873,True,False
2016Q2,Economías Abiertas,6. Empresas,64.3202070562443,39.534601753717205,46.23195969272508,6.697357939007873,False,True
2016Q2,Economías Abiertas,7. Infraestructura,43.20794764754678,39.534601753717205,46.23195969272508,6.697357939007873,False,False
2016Q2,Economías Abiertas,8. Calidad Económica,63.57268851143281,39.534601753717205,46.23195969272508,6.697357939007873,False,False
2016Q3,Economías Abiertas,5. Inversión,12.824415143833512,38.57697040724298,45.56529502421392,6.988324616970935,True,False
2016Q3,Economías Abiertas,6. Empresas,62.31221636444657,38.57697040724298,45.56529502421392,6.988324616970935,False,False
2016Q3,Economías Abiertas,7. Infraestructura,43.68799830893859,38.57697040724298,45.56529502421392,6.988324616970935,False,False
2016Q3,Economías Abiertas,8. Calidad Económica,63.43655027963699,38.57697040724298,45.56529502421392,6.988324616970935,False,True
2016Q4,Economías Abiertas,5. Inversión,14.024813191062108,38.834415629059734,44.91091257623318,6.076496947173446,True,False
2016Q4,Economías Abiertas,6. Empresas,58.76238035516883,38.834415629059734,44.91091257623318,6.076496947173446,False,False
2016Q4,Economías Abiertas,7. Infraestructura,43.69067581564003,38.834415629059734,44.91091257623318,6.076496947173446,False,False
2016Q4,Economías Abiertas,8. Calidad Económica,63.16578094306174,38.834415629059734,44.91091257623318,6.076496947173446,False,True
2017Q1,Economías Abiertas,5. Inversión,13.744393946860642,38.70128585571423,44.85029860627264,6.149012750558406,True,False
2017Q1,Economías Abiertas,6. Empresas,58.01576500077159,38.70128585571423,44.85029860627264,6.149012750558406,False,False
2017Q1,Economías Abiertas,7. Infraestructura,44.6959361640064,38.70128585571423,44.85029860627264,6.149012750558406,False,False
2017Q1,Economías Abiertas,8. Calidad Económica,62.94509931345193,38.70128585571423,44.85029860627264,6.149012750558406,False,True
2017Q2,Economías Abiertas,5. Inversión,13.65756988135512,38.34072139952974,44.39022708952494,6.0495056899952,True,False
2017Q2,Economías Abiertas,6. Empresas,55.90166600199054,38.34072139952974,44.39022708952494,6.0495056899952,False,False
2017Q2,Economías Abiertas,7. Infraestructura,44.742213069097836,38.34072139952974,44.39022708952494,6.0495056899952,False,False
2017Q2,Economías Abiertas,8. Calidad Económica,63.25945940565627,38.34072139952974,44.39022708952494,6.0495056899952,False,True
2017Q3,Economías Abiertas,5. Inversión,14.984729165945124,39.44135437843488,44.99260794069889,5.551253562264009,True,False
2017Q3,Economías Abiertas,6. Empresas,56.665202151594265,39.44135437843488,44.99260794069889,5.551253562264009,False,False
2017Q3,Economías Abiertas,7. Infraestructura,45.03052545701346,39.44135437843488,44.99260794069889,5.551253562264009,False,False
2017Q3,Economías Abiertas,8. Calidad Económica,63.28997498824272,39.44135437843488,44.99260794069889,5.551253562264009,False,True
2017Q4,Economías Abiertas,5. Inversión,13.650154788991278,38.97645708248215,45.29731185154511,6.3208547690629615,True,False
2017Q4,Economías Abiertas,6. Empresas,58.85719904403474,38.97645708248215,45.29731185154511,6.3208547690629615,False,False
2017Q4,Economías Abiertas,7. Infraestructura,45.376708115335425,38.97645708248215,45.29731185154511,6.3208547690629615,False,False
2017Q4,Economías Abiertas,8. Calidad Económica,63.30518545781899,38.97645708248215,45.29731185154511,6.3208547690629615,False,True
2018Q1,Economías Abiertas,5. Inversión,14.142833374412575,39.90508734084839,46.248578805833766,6.343491464985377,True,False
2018Q1,Economías Abiertas,6. Empresas,61.66138140307881,39.90508734084839,46.248578805833766,6.343491464985377,False,False
2018Q1,Economías Abiertas,7. Infraestructura,46.06116660515778,39.90508734084839,46.248578805833766,6.343491464985377,False,False
2018Q1,Economías Abiertas,8. Calidad Económica,63.128933840685896,39.90508734084839,46.248578805833766,6.343491464985377,False,True
2018Q2,Economías Abiertas,5. Inversión,14.324902049728445,40.74107545839551,47.34598754502504,6.6049120866295326,True,False
2018Q2,Economías Abiertas,6. Empresas,65.00217784196603,40.74107545839551,47.34598754502504,6.6049120866295326,False,True
2018Q2,Economías Abiertas,7. Infraestructura,46.69991464260695,40.74107545839551,47.34598754502504,6.6049120866295326,False,False
2018Q2,Economías Abiertas,8. Calidad Económica,63.35695564579873,40.74107545839551,47.34598754502504,6.6049120866295326,False,False
2018Q3,Economías Abiertas,5. Inversión,14.954395218148786,40.96726543740488,47.2246921109917,6.257426673586814,True,False
2018Q3,Economías Abiertas,6. Empresas,64.19695591182652,40.96726543740488,47.2246921109917,6.257426673586814,False,True
2018Q3,Economías Abiertas,7. Infraestructura,46.09341986982922,40.96726543740488,47.2246921109917,6.257426673586814,False,False
2018Q3,Economías Abiertas,8. Calidad Económica,63.653997444162265,40.96726543740488,47.2246921109917,6.257426673586814,False,False
2018Q4,Economías Abiertas,5. Inversión,13.659765072957255,40.16281036384865,47.062634497489846,6.8998241336411965,True,False
2018Q4,Economías Abiertas,6. Empresas,64.93935930551464,40.16281036384865,47.062634497489846,6.8998241336411965,False,True
2018Q4,Economías Abiertas,7. Infraestructura,46.3031089880095,40.16281036384865,47.062634497489846,6.8998241336411965,False,False
2018Q4,Economías Abiertas,8. Calidad Económica,63.348304623477986,40.16281036384865,47.062634497489846,6.8998241336411965,False,False
2019Q1,Economías Abiertas,5. Inversión,13.671507462579457,40.249029947715634,47.16930719958954,6.920277251873905,True,False
2019Q1,Economías Abiertas,6. Empresas,64.28809995388872,40.249029947715634,47.16930719958954,6.920277251873905,False,True
2019Q1,Economías Abiertas,7. Infraestructura,46.48740036502683,40.249029947715634,47.16930719958954,6.920277251873905,False,False
2019Q1,Economías Abiertas,8. Calidad Económica,64.23022101686315,40.249029947715634,47.16930719958954,6.920277251873905,False,False
2019Q2,Economías Abiertas,5. Inversión,17.02317335042822,42.27835739338127,47.58032452433637,5.301967130955099,True,False
2019Q2,Economías Abiertas,6. Empresas,61.311468044169054,42.27835739338127,47.58032452433637,5.301967130955099,False,False
2019Q2,Economías Abiertas,7. Infraestructura,47.387311597008306,42.27835739338127,47.58032452433637,5.301967130955099,False,False
2019Q2,Economías Abiertas,8. Calidad Económica,64.5993451057399,42.27835739338127,47.58032452433637,5.301967130955099,False,True
2019Q3,Economías Abiertas,5. Inversión,16.68285470943625,41.9491408954569,47.34428679695503,5.3951459014981324,True,False
2019Q3,Economías Abiertas,6. Empresas,60.20693590429445,41.9491408954569,47.34428679695503,5.3951459014981324,False,False
2019Q3,Economías Abiertas,7. Infraestructura,47.28052612774803,41.9491408954569,47.34428679695503,5.3951459014981324,False,False
2019Q3,Economías Abiertas,8. Calidad Económica,65.2068304463414,41.9491408954569,47.34428679695503,5.3951459014981324,False,True
2019Q4,Economías Abiertas,5. Inversión,19.104034932157287,43.249551448206816,47.74546086250882,4.495909414302005,True,False
2019Q4,Economías Abiertas,6. Empresas,58.424000476689905,43.249551448206816,47.74546086250882,4.495909414302005,False,False
2019Q4,Economías Abiertas,7. Infraestructura,47.60877853681392,43.249551448206816,47.74546086250882,4.495909414302005,False,False
2019Q4,Economías Abiertas,8. Calidad Económica,65.84502950437415,43.249551448206816,47.74546086250882,4.495909414302005,False,True
2020Q1,Economías Abiertas,5. Inversión,20.545667300715575,41.87353827186666,45.50821919430046,3.6346809224338017,True,False
2020Q1,Economías Abiertas,6. Empresas,51.52024600864926,41.87353827186666,45.50821919430046,3.6346809224338017,False,False
2020Q1,Economías Abiertas,7. Infraestructura,44.08594540232239,41.87353827186666,45.50821919430046,3.6346809224338017,False,False
2020Q1,Economías Abiertas,8. Calidad Económica,65.88101806551461,41.87353827186666,45.50821919430046,3.6346809224338017,False,True
2020Q2,Economías Abiertas,5. Inversión,21.253418366051573,32.54549629196486,35.58362475434553,3.0381284623806692,True,False
2020Q2,Economías Abiertas,6. Empresas,38.41266202736568,32.54549629196486,35.58362475434553,3.0381284623806692,False,False
2020Q2,Economías Abiertas,7. Infraestructura,23.05078016175317,32.54549629196486,35.58362475434553,3.0381284623806692,False,False
2020Q2,Economías Abiertas,8. Calidad Económica,59.61763846221171,32.54549629196486,35.58362475434553,3.0381284623806692,False,True
2020Q3,Economías Abiertas,5. Inversión,17.74953369668417,39.80900038828965,44.491994471588,4.682994083298354,True,False
2020Q3,Economías Abiertas,6. Empresas,55.68961781664426,39.80900038828965,44.491994471588,4.682994083298354,False,False
2020Q3,Economías Abiertas,7. Infraestructura,38.45110948418104,39.80900038828965,44.491994471588,4.682994083298354,False,False
2020Q3,Economías Abiertas,8. Calidad Económica,66.07771688884255,39.80900038828965,44.491994471588,4.682994083298354,False,True
2020Q4,Economías Abiertas,5. Inversión,17.60922338832381,38.549402225592196,43.3037179853348,4.754315759742603,True,False
2020Q4,Economías Abiertas,6. Empresas,54.960779184598564,38.549402225592196,43.3037179853348,4.754315759742603,False,False
2020Q4,Economías Abiertas,7. Infraestructura,34.493733230228564,38.549402225592196,43.3037179853348,4.754315759742603,False,False
2020Q4,Economías Abiertas,8. Calidad Económica,66.15113613818825,38.549402225592196,43.3037179853348,4.754315759742603,False,True
2021Q1,Economías Abiertas,5. Inversión,19.299196943258323,40.11957500119304,44.579439125466365,4.459864124273324,True,False
2021Q1,Economías Abiertas,6. Empresas,58.30044371327871,40.11957500119304,44.579439125466365,4.459864124273324,False,False
2021Q1,Economías Abiertas,7. Infraestructura,35.079740822579716,40.11957500119304,44.579439125466365,4.459864124273324,False,False
2021Q1,Economías Abiertas,8. Calidad Económica,65.63837502274872,40.11957500119304,44.579439125466365,4.459864124273324,False,True
2021Q2,Economías Abiertas,5. Inversión,14.28381238183062,38.72710560361342,45.174109394260384,6.447003790646967,True,False
2021Q2,Economías Abiertas,6. Empresas,61.50850515867317,38.72710560361342,45.174109394260384,6.447003790646967,False,False
2021Q2,Economías Abiertas,7. Infraestructura,38.63259578152845,38.72710560361342,45.174109394260384,6.447003790646967,False,False
2021Q2,Economías Abiertas,8. Calidad Económica,66.27152425500931,38.72710560361342,45.174109394260384,6.447003790646967,False,True
2021Q3,Economías Abiertas,5. Inversión,18.576217821040615,41.72060568643647,46.41656565995429,4.695959973517816,True,False
2021Q3,Economías Abiertas,6. Empresas,59.22838147351396,41.72060568643647,46.41656565995429,4.695959973517816,False,False
2021Q3,Economías Abiertas,7. Infraestructura,41.48722841393693,41.72060568643647,46.41656565995429,4.695959973517816,False,False
2021Q3,Economías Abiertas,8. Calidad Económica,66.37443493132564,41.72060568643647,46.41656565995429,4.695959973517816,False,True
2021Q4,Economías Abiertas,5. Inversión,20.656696837839576,42.979311563833896,46.99230532541381,4.012993761579914,True,False
2021Q4,Economías Abiertas,6. Empresas,59.94481497871897,42.979311563833896,46.99230532541381,4.012993761579914,False,False
2021Q4,Economías Abiertas,7. Infraestructura,42.445605476354615,42.979311563833896,46.99230532541381,4.012993761579914,False,False
2021Q4,Economías Abiertas,8. Calidad Económica,64.92210400874208,42.979311563833896,46.99230532541381,4.012993761579914,False,True
2022Q1,Economías Abiertas,5. Inversión,29.950472374344997,46.92441241973855,48.88220673563778,1.9577943158992284,True,False
2022Q1,Economías Abiertas,6. Empresas,58.382682741456534,46.92441241973855,48.88220673563778,1.9577943158992284,False,False
2022Q1,Economías Abiertas,7. Infraestructura,43.59795673119721,46.92441241973855,48.88220673563778,1.9577943158992284,False,False
2022Q1,Economías Abiertas,8. Calidad Económica,63.597715095552374,46.92441241973855,48.88220673563778,1.9577943158992284,False,True
2022Q2,Economías Abiertas,5. Inversión,29.4476562449522,47.12366189506523,49.07999308067641,1.9563311856111767,True,False
2022Q2,Economías Abiertas,6. Empresas,58.00280292155356,47.12366189506523,49.07999308067641,1.9563311856111767,False,False
2022Q2,Economías Abiertas,7. Infraestructura,45.712444111370786,47.12366189506523,49.07999308067641,1.9563311856111767,False,False
2022Q2,Economías Abiertas,8. Calidad Económica,63.157069044829086,47.12366189506523,49.07999308067641,1.9563311856111767,False,True
2022Q3,Economías Abiertas,5. Inversión,27.740038116097896,46.20144519727276,48.356291194408804,2.154845997136043,True,False
2022Q3,Economías Abiertas,6. Empresas,57.229642489093685,46.20144519727276,48.356291194408804,2.154845997136043,False,False
2022Q3,Economías Abiertas,7. Infraestructura,45.82732574162535,46.20144519727276,48.356291194408804,2.154845997136043,False,False
2022Q3,Economías Abiertas,8. Calidad Económica,62.62815843081827,46.20144519727276,48.356291194408804,2.154845997136043,False,True
2022Q4,Economías Abiertas,5. Inversión,26.550731512187735,45.99570433888075,48.380660229128786,2.384955890248037,True,False
2022Q4,Economías Abiertas,6. Empresas,57.64969268494577,45.99570433888075,48.380660229128786,2.384955890248037,False,False
2022Q4,Economías Abiertas,7. Infraestructura,46.679005426880884,45.99570433888075,48.380660229128786,2.384955890248037,False,False
2022Q4,Economías Abiertas,8. Calidad Económica,62.64321129250075,45.99570433888075,48.380660229128786,2.384955890248037,False,True
2023Q1,Economías Abiertas,5. Inversión,16.476763588706476,42.17602009380001,47.71291293298396,5.536892839183949,True,False
2023Q1,Economías Abiertas,6. Empresas,62.037126638904276,42.17602009380001,47.71291293298396,5.536892839183949,False,False
2023Q1,Economías Abiertas,7. Infraestructura,48.46263499184524,42.17602009380001,47.71291293298396,5.536892839183949,False,False
2023Q1,Economías Abiertas,8. Calidad Económica,63.87512651247986,42.17602009380001,47.71291293298396,5.536892839183949,False,True
2023Q2,Economías Abiertas,5. Inversión,15.206012134986402,41.98785796426287,48.3389239316125,6.351065967349626,True,False
2023Q2,Economías Abiertas,6. Empresas,64.72469330168335,41.98785796426287,48.3389239316125,6.351065967349626,False,True
2023Q2,Economías Abiertas,7. Infraestructura,49.07535690581989,41.98785796426287,48.3389239316125,6.351065967349626,False,False
2023Q2,Economías Abiertas,8. Calidad Económica,64.34963338396037,41.98785796426287,48.3389239316125,6.351065967349626,False,False
2023Q3,Economías Abiertas,5. Inversión,15.250237075481461,41.56883278466416,47.625005193129496,6.056172408465336,True,False
2023Q3,Economías Abiertas,6. Empresas,61.05564987022368,41.56883278466416,47.625005193129496,6.056172408465336,False,False
2023Q3,Economías Abiertas,7. Infraestructura,49.796569639803714,41.56883278466416,47.625005193129496,6.056172408465336,False,False
2023Q3,Economías Abiertas,8. Calidad Económica,64.39756418700914,41.56883278466416,47.625005193129496,6.056172408465336,False,True
2023Q4,Economías Abiertas,5. Inversión,15.397749777878268,41.96196368668215,48.03829735142909,6.07633366474694,True,False
2023Q4,Economías Abiertas,6. Empresas,61.146293608098965,41.96196368668215,48.03829735142909,6.07633366474694,False,False
2023Q4,Economías Abiertas,7. Infraestructura,50.85204398602456,41.96196368668215,48.03829735142909,6.07633366474694,False,False
2023Q4,Economías Abiertas,8. Calidad Económica,64.75710203371455,41.96196368668215,48.03829735142909,6.07633366474694,False,True
2024Q1,Economías Abiertas,5. Inversión,17.33495464225657,43.630401872679954,49.08221647397946,5.451814601299503,True,False
2024Q1,Economías Abiertas,6. Empresas,62.605262948171266,43.630401872679954,49.08221647397946,5.451814601299503,False,False
2024Q1,Economías Abiertas,7. Infraestructura,51.300380020652625,43.630401872679954,49.08221647397946,5.451814601299503,False,False
2024Q1,Economías Abiertas,8. Calidad Económica,65.08826828483735,43.630401872679954,49.08221647397946,5.451814601299503,False,True
2024Q2,Economías Abiertas,5. Inversión,19.996267289791767,46.33960959922891,51.239340809527995,4.8997312102990875,True,False
2024Q2,Economías Abiertas,6. Empresas,66.61846586342303,46.33960959922891,51.239340809527995,4.8997312102990875,False,True
2024Q2,Economías Abiertas,7. Infraestructura,52.867991912243696,46.33960959922891,51.239340809527995,4.8997312102990875,False,False
2024Q2,Economías Abiertas,8. Calidad Económica,65.4746381726535,46.33960959922891,51.239340809527995,4.8997312102990875,False,False
2024Q3,Economías Abiertas,5. Inversión,18.44798947599847,45.2323733833588,50.61030152334229,5.377928139983489,True,False
2024Q3,Economías Abiertas,6. Empresas,65.65237412392649,45.2323733833588,50.61030152334229,5.377928139983489,False,False
2024Q3,Economías Abiertas,7. Infraestructura,52.4662860989905,45.2323733833588,50.61030152334229,5.377928139983489,False,False
2024Q3,Economías Abiertas,8. Calidad Económica,65.87455639445368,45.2323733833588,50.61030152334229,5.377928139983489,False,True
2024Q4,Economías Abiertas,5. Inversión,22.14630824277077,47.33128511549519,51.499603257828795,4.168318142333604,True,False
2024Q4,Economías Abiertas,6. Empresas,64.9949210050201,47.33128511549519,51.499603257828795,4.168318142333604,False,False
2024Q4,Economías Abiertas,7. Infraestructura,52.71481127809274,47.33128511549519,51.499603257828795,4.168318142333604,False,False
2024Q4,Economías Abiertas,8. Calidad Económica,66.14237250543158,47.33128511549519,51.499603257828795,4.168318142333604,False,True
2025Q1,Economías Abiertas,5. Inversión,21.6637089600232,46.17106772488913,50.17361113242635,4.002543407537225,True,False
2025Q1,Economías Abiertas,6. Empresas,59.59469751413418,46.17106772488913,50.17361113242635,4.002543407537225,False,False
2025Q1,Economías Abiertas,7. Infraestructura,52.91584660971505,46.17106772488913,50.17361113242635,4.002543407537225,False,False
2025Q1,Economías Abiertas,8. Calidad Económica,66.52019144583298,46.17106772488913,50.17361113242635,4.002543407537225,False,True
2025Q2,Economías Abiertas,5. Inversión,23.141699950426744,49.43359208598027,53.877391851196634,4.443799765216362,True,False
2025Q2,Economías Abiertas,6. Empresas,71.806977702756,49.43359208598027,53.877391851196634,4.443799765216362,False,True
2025Q2,Economías Abiertas,7. Infraestructura,53.94352534354406,49.43359208598027,53.877391851196634,4.443799765216362,False,False
2025Q2,Economías Abiertas,8. Calidad Económica,66.61736440805971,49.43359208598027,53.877391851196634,4.443799765216362,False,False
2025Q3,Economías Abiertas,5. Inversión,27.777553462541434,50.970938578953216,54.00641117053472,3.0354725915815024,True,False
2025Q3,Economías Abiertas,6. Empresas,67.69186713546597,50.970938578953216,54.00641117053472,3.0354725915815024,False,True
2025Q3,Economías Abiertas,7. Infraestructura,53.66485027380097,50.970938578953216,54.00641117053472,3.0354725915815024,False,False
2025Q3,Economías Abiertas,8. Calidad Económica,66.89137381033048,50.970938578953216,54.00641117053472,3.0354725915815024,False,False
2025Q4,Economías Abiertas,5. Inversión,27.423467217123783,50.90726957860011,54.03432820507375,3.127058626473641,True,False
2025Q4,Economías Abiertas,6. Empresas,67.68369644342948,50.90726957860011,54.03432820507375,3.127058626473641,False,True
2025Q4,Economías Abiertas,7. Infraestructura,53.90403630910097,50.90726957860011,54.03432820507375,3.127058626473641,False,False
2025Q4,Economías Abiertas,8. Calidad Económica,67.12611285064075,50.90726957860011,54.03432820507375,3.127058626473641,False,False
2026Q1,Economías Abiertas,5. Inversión,28.345830730043794,51.32091464736841,54.27994691690973,2.959032269541318,True,False
2026Q1,Economías Abiertas,6. Empresas,68.05060140432391,51.32091464736841,54.27994691690973,2.959032269541318,False,True
2026Q1,Economías Abiertas,7. Infraestructura,53.48940318533722,51.32091464736841,54.27994691690973,2.959032269541318,False,False
2026Q1,Economías Abiertas,8. Calidad Económica,67.23395234793401,51.32091464736841,54.27994691690973,2.959032269541318,False,False
2026Q2,Economías Abiertas,5. Inversión,27.755553380813762,51.23180330895938,54.30045575185462,3.0686524428952424,True,False
2026Q2,Economías Abiertas,6. Empresas,67.36942467629392,51.23180330895938,54.30045575185462,3.0686524428952424,False,False
2026Q2,Economías Abiertas,7. Infraestructura,54.59896697452589,51.23180330895938,54.30045575185462,3.0686524428952424,False,False
2026Q2,Economías Abiertas,8. Calidad Económica,67.4778779757849,51.23180330895938,54.30045575185462,3.0686524428952424,False,True
2016Q1,Personas Empoderadas,9. Vida,71.8411013144131,59.60573394408486,65.01318432891955,5.407450384834689,False,False
2016Q1,Personas Empoderadas,10. Salud,96.21925859549094,59.60573394408486,65.01318432891955,5.407450384834689,False,True
2016Q1,Personas Empoderadas,11. Educación,63.01325142889791,59.60573394408486,65.01318432891955,5.407450384834689,False,False
2016Q1,Personas Empoderadas,12. Conocimiento,28.979125976876244,59.60573394408486,65.01318432891955,5.407450384834689,True,False
2016Q2,Personas Empoderadas,9. Vida,72.01628082874828,59.43760815443229,64.91799553527252,5.480387380840234,False,False
2016Q2,Personas Empoderadas,10. Salud,96.10809633004861,59.43760815443229,64.91799553527252,5.480387380840234,False,True
2016Q2,Personas Empoderadas,11. Educación,62.861705251362,59.43760815443229,64.91799553527252,5.480387380840234,False,False
2016Q2,Personas Empoderadas,12. Conocimiento,28.685899730931215,59.43760815443229,64.91799553527252,5.480387380840234,True,False
2016Q3,Personas Empoderadas,9. Vida,73.18782410411464,59.98832482248982,65.59894455193634,5.610619729446519,False,False
2016Q3,Personas Empoderadas,10. Salud,96.59260742097342,59.98832482248982,65.59894455193634,5.610619729446519,False,True
2016Q3,Personas Empoderadas,11. Educación,63.98745381387489,59.98832482248982,65.59894455193634,5.610619729446519,False,False
2016Q3,Personas Empoderadas,12. Conocimiento,28.62789286878238,59.98832482248982,65.59894455193634,5.610619729446519,True,False
2016Q4,Personas Empoderadas,9. Vida,73.82842166854387,60.19813139330951,65.8519254145169,5.653794021207389,False,False
2016Q4,Personas Empoderadas,10. Salud,97.03794954773538,60.19813139330951,65.8519254145169,5.653794021207389,False,True
2016Q4,Personas Empoderadas,11. Educación,63.81933937416822,60.19813139330951,65.8519254145169,5.653794021207389,False,False
2016Q4,Personas Empoderadas,12. Conocimiento,28.721991067620156,60.19813139330951,65.8519254145169,5.653794021207389,True,False
2017Q1,Personas Empoderadas,9. Vida,75.72529905860281,60.24355463322858,65.688128467871,5.444573834642419,False,False
2017Q1,Personas Empoderadas,10. Salud,94.72462831291281,60.24355463322858,65.688128467871,5.444573834642419,False,True
2017Q1,Personas Empoderadas,11. Educación,63.28791453350026,60.24355463322858,65.688128467871,5.444573834642419,False,False
2017Q1,Personas Empoderadas,12. Conocimiento,29.0146719664681,60.24355463322858,65.688128467871,5.444573834642419,True,False
2017Q2,Personas Empoderadas,9. Vida,76.88913584484038,60.57578798189159,65.99726502722972,5.421477045338129,False,False
2017Q2,Personas Empoderadas,10. Salud,94.63318140977951,60.57578798189159,65.99726502722972,5.421477045338129,False,True
2017Q2,Personas Empoderadas,11. Educación,63.17532633404509,60.57578798189159,65.99726502722972,5.421477045338129,False,False
2017Q2,Personas Empoderadas,12. Conocimiento,29.29141652025387,60.57578798189159,65.99726502722972,5.421477045338129,True,False
2017Q3,Personas Empoderadas,9. Vida,77.43947595633061,61.32976766723682,66.84438050061581,5.51461283337899,False,False
2017Q3,Personas Empoderadas,10. Salud,95.98945498615448,61.32976766723682,66.84438050061581,5.51461283337899,False,True
2017Q3,Personas Empoderadas,11. Educación,64.39035323702502,61.32976766723682,66.84438050061581,5.51461283337899,False,False
2017Q3,Personas Empoderadas,12. Conocimiento,29.558237822953128,61.32976766723682,66.84438050061581,5.51461283337899,True,False
2017Q4,Personas Empoderadas,9. Vida,77.68886383653155,61.73937688239045,67.32411559142224,5.5847387090317895,False,False
2017Q4,Personas Empoderadas,10. Salud,97.32607179882088,61.73937688239045,67.32411559142224,5.5847387090317895,False,True
2017Q4,Personas Empoderadas,11. Educación,64.48032403653399,61.73937688239045,67.32411559142224,5.5847387090317895,False,False
2017Q4,Personas Empoderadas,12. Conocimiento,29.801202693802566,61.73937688239045,67.32411559142224,5.5847387090317895,True,False
2018Q1,Personas Empoderadas,9. Vida,77.1702749532754,61.41836840348885,66.70943185981086,5.291063456322014,False,False
2018Q1,Personas Empoderadas,10. Salud,95.2001287072961,61.41836840348885,66.70943185981086,5.291063456322014,False,True
2018Q1,Personas Empoderadas,11. Educación,64.3837731576954,61.41836840348885,66.70943185981086,5.291063456322014,False,False
2018Q1,Personas Empoderadas,12. Conocimiento,30.083550620976563,61.41836840348885,66.70943185981086,5.291063456322014,True,False
2018Q2,Personas Empoderadas,9. Vida,77.50821991998802,61.53678501922237,66.64985497518761,5.113069955965237,False,False
2018Q2,Personas Empoderadas,10. Salud,93.54420728885482,61.53678501922237,66.64985497518761,5.113069955965237,False,True
2018Q2,Personas Empoderadas,11. Educación,65.22464471508857,61.53678501922237,66.64985497518761,5.113069955965237,False,False
2018Q2,Personas Empoderadas,12. Conocimiento,30.322347976819024,61.53678501922237,66.64985497518761,5.113069955965237,True,False
2018Q3,Personas Empoderadas,9. Vida,77.79807705777868,61.97582688503448,67.14984275180132,5.174015866766837,False,False
2018Q3,Personas Empoderadas,10. Salud,94.31165972693987,61.97582688503448,67.14984275180132,5.174015866766837,False,True
2018Q3,Personas Empoderadas,11. Educación,66.04443245546396,61.97582688503448,67.14984275180132,5.174015866766837,False,False
2018Q3,Personas Empoderadas,12. Conocimiento,30.445201767022738,61.97582688503448,67.14984275180132,5.174015866766837,True,False
2018Q4,Personas Empoderadas,9. Vida,78.1365364188849,62.17090313208306,67.40682254887093,5.235919416787873,False,False
2018Q4,Personas Empoderadas,10. Salud,95.10955481738509,62.17090313208306,67.40682254887093,5.235919416787873,False,True
2018Q4,Personas Empoderadas,11. Educación,65.85383183696737,62.17090313208306,67.40682254887093,5.235919416787873,False,False
2018Q4,Personas Empoderadas,12. Conocimiento,30.52736712224638,62.17090313208306,67.40682254887093,5.235919416787873,True,False
2019Q1,Personas Empoderadas,9. Vida,78.42046913681072,62.27150378235483,67.57110313280221,5.29959935044738,False,False
2019Q1,Personas Empoderadas,10. Salud,95.47845794690534,62.27150378235483,67.57110313280221,5.29959935044738,False,True
2019Q1,Personas Empoderadas,11. Educación,65.92035469223462,62.27150378235483,67.57110313280221,5.29959935044738,False,False
2019Q1,Personas Empoderadas,12. Conocimiento,30.465130755258155,62.27150378235483,67.57110313280221,5.29959935044738,True,False
2019Q2,Personas Empoderadas,9. Vida,78.5395297010081,62.52360617457292,67.77990717342661,5.256300998853689,False,False
2019Q2,Personas Empoderadas,10. Salud,95.73844056844278,62.52360617457292,67.77990717342661,5.256300998853689,False,True
2019Q2,Personas Empoderadas,11. Educación,66.0903792646195,62.52360617457292,67.77990717342661,5.256300998853689,False,False
2019Q2,Personas Empoderadas,12. Conocimiento,30.751279159636077,62.52360617457292,67.77990717342661,5.256300998853689,True,False
2019Q3,Personas Empoderadas,9. Vida,79.18251219125432,63.25242453408079,68.45496530789227,5.202540773811478,False,False
2019Q3,Personas Empoderadas,10. Salud,96.49972127420943,63.25242453408079,68.45496530789227,5.202540773811478,False,True
2019Q3,Personas Empoderadas,11. Educación,66.75769069630641,63.25242453408079,68.45496530789227,5.202540773811478,False,False
2019Q3,Personas Empoderadas,12. Conocimiento,31.37993706979891,63.25242453408079,68.45496530789227,5.202540773811478,True,False
2019Q4,Personas Empoderadas,9. Vida,79.7537224883699,63.86711317842574,68.9303906751684,5.063277496742657,False,False
2019Q4,Personas Empoderadas,10. Salud,97.18227749400604,63.86711317842574,68.9303906751684,5.063277496742657,False,True
2019Q4,Personas Empoderadas,11. Educación,66.50850714305356,63.86711317842574,68.9303906751684,5.063277496742657,False,False
2019Q4,Personas Empoderadas,12. Conocimiento,32.27705557524407,63.86711317842574,68.9303906751684,5.063277496742657,True,False
2020Q1,Personas Empoderadas,9. Vida,80.5392036888623,64.65905467045543,69.40539843458345,4.746343764128014,False,False
2020Q1,Personas Empoderadas,10. Salud,96.65672746585503,64.65905467045543,69.40539843458345,4.746343764128014,False,True
2020Q1,Personas Empoderadas,11. Educación,66.82637304109276,64.65905467045543,69.40539843458345,4.746343764128014,False,False
2020Q1,Personas Empoderadas,12. Conocimiento,33.59928954252371,64.65905467045543,69.40539843458345,4.746343764128014,True,False
2020Q2,Personas Empoderadas,9. Vida,80.59688855233495,64.6813573150468,69.43699817370202,4.755640858655227,False,False
2020Q2,Personas Empoderadas,10. Salud,96.2070708797537,64.6813573150468,69.43699817370202,4.755640858655227,False,True
2020Q2,Personas Empoderadas,11. Educación,67.50475954112031,64.6813573150468,69.43699817370202,4.755640858655227,False,False
2020Q2,Personas Empoderadas,12. Conocimiento,33.43927372159916,64.6813573150468,69.43699817370202,4.755640858655227,True,False
2020Q3,Personas Empoderadas,9. Vida,79.78421845413244,64.95439962578527,69.51414871700563,4.559749091220354,False,False
2020Q3,Personas Empoderadas,10. Salud,95.79399757994449,64.95439962578527,69.51414871700563,4.559749091220354,False,True
2020Q3,Personas Empoderadas,11. Educación,68.45556323345527,64.95439962578527,69.51414871700563,4.559749091220354,False,False
2020Q3,Personas Empoderadas,12. Conocimiento,34.02281560049028,64.95439962578527,69.51414871700563,4.559749091220354,True,False
2020Q4,Personas Empoderadas,9. Vida,79.14514253964747,65.0621382013833,69.5237189275714,4.461580726188089,False,False
2020Q4,Personas Empoderadas,10. Salud,95.42949030673056,65.0621382013833,69.5237189275714,4.461580726188089,False,True
2020Q4,Personas Empoderadas,11. Educación,69.27037212504271,65.0621382013833,69.5237189275714,4.461580726188089,False,False
2020Q4,Personas Empoderadas,12. Conocimiento,34.249870738864836,65.0621382013833,69.5237189275714,4.461580726188089,True,False
2021Q1,Personas Empoderadas,9. Vida,77.83207312211356,64.92561271724607,69.40280758165562,4.4771948644095545,False,False
2021Q1,Personas Empoderadas,10. Salud,95.12334967724401,64.92561271724607,69.40280758165562,4.4771948644095545,False,True
2021Q1,Personas Empoderadas,11. Educación,70.71728752289981,64.92561271724607,69.40280758165562,4.4771948644095545,False,False
2021Q1,Personas Empoderadas,12. Conocimiento,33.93852000436509,64.92561271724607,69.40280758165562,4.4771948644095545,True,False
2021Q2,Personas Empoderadas,9. Vida,77.65032883708382,65.0244560677667,69.4927661399604,4.468310072193688,False,False
2021Q2,Personas Empoderadas,10. Salud,94.81946123919928,65.0244560677667,69.4927661399604,4.468310072193688,False,True
2021Q2,Personas Empoderadas,11. Educación,71.57966236305634,65.0244560677667,69.4927661399604,4.468310072193688,False,False
2021Q2,Personas Empoderadas,12. Conocimiento,33.92161212050211,65.0244560677667,69.4927661399604,4.468310072193688,True,False
2021Q3,Personas Empoderadas,9. Vida,77.81581872126151,65.21293839902147,69.68402930534978,4.471090906328314,False,False
2021Q3,Personas Empoderadas,10. Salud,94.52723401440059,65.21293839902147,69.68402930534978,4.471090906328314,False,True
2021Q3,Personas Empoderadas,11. Educación,72.46164224467474,65.21293839902147,69.68402930534978,4.471090906328314,False,False
2021Q3,Personas Empoderadas,12. Conocimiento,33.931422241062286,65.21293839902147,69.68402930534978,4.471090906328314,True,False
2021Q4,Personas Empoderadas,9. Vida,78.91201822095829,65.58589546200568,70.0554380992172,4.469542637211518,False,False
2021Q4,Personas Empoderadas,10. Salud,94.24154065383514,65.58589546200568,70.0554380992172,4.469542637211518,False,True
2021Q4,Personas Empoderadas,11. Educación,72.9728642971698,65.58589546200568,70.0554380992172,4.469542637211518,False,False
2021Q4,Personas Empoderadas,12. Conocimiento,34.09532922490557,65.58589546200568,70.0554380992172,4.469542637211518,True,False
2022Q1,Personas Empoderadas,9. Vida,80.44739121173053,66.0349352933838,70.47472346734537,4.439788173961574,False,False
2022Q1,Personas Empoderadas,10. Salud,93.96227400374758,66.0349352933838,70.47472346734537,4.439788173961574,False,True
2022Q1,Personas Empoderadas,11. Educación,73.05661392097755,66.0349352933838,70.47472346734537,4.439788173961574,False,False
2022Q1,Personas Empoderadas,12. Conocimiento,34.432614732925806,66.0349352933838,70.47472346734537,4.439788173961574,True,False
2022Q2,Personas Empoderadas,9. Vida,81.26225269859049,66.44973898912544,70.74415486478046,4.2944158756550195,False,False
2022Q2,Personas Empoderadas,10. Salud,92.89216230551372,66.44973898912544,70.74415486478046,4.2944158756550195,False,True
2022Q2,Personas Empoderadas,11. Educación,73.8451534096368,66.44973898912544,70.74415486478046,4.2944158756550195,False,False
2022Q2,Personas Empoderadas,12. Conocimiento,34.97705104538085,66.44973898912544,70.74415486478046,4.2944158756550195,True,False
2022Q3,Personas Empoderadas,9. Vida,81.88199820644344,66.89530601253922,71.0124962210579,4.117190208518679,False,False
2022Q3,Personas Empoderadas,10. Salud,92.06073877626523,66.89530601253922,71.0124962210579,4.117190208518679,False,True
2022Q3,Personas Empoderadas,11. Educación,74.40152131897091,66.89530601253922,71.0124962210579,4.117190208518679,False,False
2022Q3,Personas Empoderadas,12. Conocimiento,35.70572658255204,66.89530601253922,71.0124962210579,4.117190208518679,True,False
2022Q4,Personas Empoderadas,9. Vida,81.43700248006407,66.97003239960111,70.82472572150523,3.854693321904122,False,False
2022Q4,Personas Empoderadas,10. Salud,91.2291942878529,66.97003239960111,70.82472572150523,3.854693321904122,False,True
2022Q4,Personas Empoderadas,11. Educación,74.0889843386261,66.97003239960111,70.82472572150523,3.854693321904122,False,False
2022Q4,Personas Empoderadas,12. Conocimiento,36.54372177947781,66.97003239960111,70.82472572150523,3.854693321904122,True,False
2023Q1,Personas Empoderadas,9. Vida,81.12893728081407,67.41079692593797,71.07214514726277,3.6613482213248005,False,False
2023Q1,Personas Empoderadas,10. Salud,91.79288706508557,67.41079692593797,71.07214514726277,3.6613482213248005,False,True
2023Q1,Personas Empoderadas,11. Educación,73.78713811880115,67.41079692593797,71.07214514726277,3.6613482213248005,False,False
2023Q1,Personas Empoderadas,12. Conocimiento,37.579618124350326,67.41079692593797,71.07214514726277,3.6613482213248005,True,False
2023Q2,Personas Empoderadas,9. Vida,80.66679194366172,67.91058585364594,71.52401467544048,3.6134288217945425,False,False
2023Q2,Personas Empoderadas,10. Salud,93.2588753037235,67.91058585364594,71.52401467544048,3.6134288217945425,False,True
2023Q2,Personas Empoderadas,11. Educación,73.92600251699587,67.91058585364594,71.52401467544048,3.6134288217945425,False,False
2023Q2,Personas Empoderadas,12. Conocimiento,38.24438893738085,67.91058585364594,71.52401467544048,3.6134288217945425,True,False
2023Q3,Personas Empoderadas,9. Vida,80.6390035807248,68.49657572489964,72.1352747196831,3.6386989947834536,False,False
2023Q3,Personas Empoderadas,10. Salud,94.6919655166544,68.49657572489964,72.1352747196831,3.6386989947834536,False,True
2023Q3,Personas Empoderadas,11. Educación,74.53034893987167,68.49657572489964,72.1352747196831,3.6386989947834536,False,False
2023Q3,Personas Empoderadas,12. Conocimiento,38.67978084148148,68.49657572489964,72.1352747196831,3.6386989947834536,True,False
2023Q4,Personas Empoderadas,9. Vida,81.07613193321528,68.21223498480056,71.65401133242065,3.4417763476200918,False,False
2023Q4,Personas Empoderadas,10. Salud,91.49771709669483,68.21223498480056,71.65401133242065,3.4417763476200918,False,True
2023Q4,Personas Empoderadas,11. Educación,75.2693519055676,68.21223498480056,71.65401133242065,3.4417763476200918,False,False
2023Q4,Personas Empoderadas,12. Conocimiento,38.772844394204895,68.21223498480056,71.65401133242065,3.4417763476200918,True,False
2024Q1,Personas Empoderadas,9. Vida,81.52025247646175,68.09107214325293,71.60219072669565,3.511118583442723,False,False
2024Q1,Personas Empoderadas,10. Salud,91.76119443906258,68.09107214325293,71.60219072669565,3.511118583442723,False,True
2024Q1,Personas Empoderadas,11. Educación,74.61310549677015,68.09107214325293,71.60219072669565,3.511118583442723,False,False
2024Q1,Personas Empoderadas,12. Conocimiento,38.51421049448815,68.09107214325293,71.60219072669565,3.511118583442723,True,False
2024Q2,Personas Empoderadas,9. Vida,82.33364413800659,68.23900660541022,71.83179648586191,3.59278988045169,False,False
2024Q2,Personas Empoderadas,10. Salud,92.02715318867202,68.23900660541022,71.83179648586191,3.59278988045169,False,True
2024Q2,Personas Empoderadas,11. Educación,74.6095077751262,68.23900660541022,71.83179648586191,3.59278988045169,False,False
2024Q2,Personas Empoderadas,12. Conocimiento,38.35688084164288,68.23900660541022,71.83179648586191,3.59278988045169,True,False
2024Q3,Personas Empoderadas,9. Vida,82.97573430467706,68.66444926751045,72.43670688270142,3.7722576151909664,False,False
2024Q3,Personas Empoderadas,10. Salud,93.40282950742092,68.66444926751045,72.43670688270142,3.7722576151909664,False,True
2024Q3,Personas Empoderadas,11. Educación,75.25408829525449,68.66444926751045,72.43670688270142,3.7722576151909664,False,False
2024Q3,Personas Empoderadas,12. Conocimiento,38.1141754234532,68.66444926751045,72.43670688270142,3.7722576151909664,True,False
2024Q4,Personas Empoderadas,9. Vida,83.23048157671766,68.10087628165373,71.72418408464817,3.6233078029944465,False,False
2024Q4,Personas Empoderadas,10. Salud,90.11083160223858,68.10087628165373,71.72418408464817,3.6233078029944465,False,True
2024Q4,Personas Empoderadas,11. Educación,75.64280610321305,68.10087628165373,71.72418408464817,3.6233078029944465,False,False
2024Q4,Personas Empoderadas,12. Conocimiento,37.91261705642343,68.10087628165373,71.72418408464817,3.6233078029944465,True,False
2025Q1,Personas Empoderadas,9. Vida,83.42365790604516,67.99871999944686,71.68907915949171,3.6903591600448493,False,False
2025Q1,Personas Empoderadas,10. Salud,90.13042414462176,67.99871999944686,71.68907915949171,3.6903591600448493,False,True
2025Q1,Personas Empoderadas,11. Educación,75.58158120715774,67.99871999944686,71.68907915949171,3.6903591600448493,False,False
2025Q1,Personas Empoderadas,12. Conocimiento,37.62065338014219,67.99871999944686,71.68907915949171,3.6903591600448493,True,False
2025Q2,Personas Empoderadas,9. Vida,84.01855278875979,68.2437136006637,71.95327982900191,3.7095662283382183,False,False
2025Q2,Personas Empoderadas,10. Salud,90.15263093325316,68.2437136006637,71.95327982900191,3.7095662283382183,False,True
2025Q2,Personas Empoderadas,11. Educación,75.92917506793324,68.2437136006637,71.95327982900191,3.7095662283382183,False,False
2025Q2,Personas Empoderadas,12. Conocimiento,37.71276052606144,68.2437136006637,71.95327982900191,3.7095662283382183,True,False
2025Q3,Personas Empoderadas,9. Vida,84.06643156353542,68.66528103339557,72.33900413224688,3.673723098851312,False,False
2025Q3,Personas Empoderadas,10. Salud,89.31501483713541,68.66528103339557,72.33900413224688,3.673723098851312,False,True
2025Q3,Personas Empoderadas,11. Educación,78.03161973835732,68.66528103339557,72.33900413224688,3.673723098851312,False,False
2025Q3,Personas Empoderadas,12. Conocimiento,37.94295038995936,68.66528103339557,72.33900413224688,3.673723098851312,True,False
2025Q4,Personas Empoderadas,9. Vida,84.48746911789232,68.61486157952228,72.16767078817793,3.5528092086556455,False,False
2025Q4,Personas Empoderadas,10. Salud,87.56327377183962,68.61486157952228,72.16767078817793,3.5528092086556455,False,True
2025Q4,Personas Empoderadas,11. Educación,78.40817011997149,68.61486157952228,72.16767078817793,3.5528092086556455,False,False
2025Q4,Personas Empoderadas,12. Conocimiento,38.21177014300827,68.61486157952228,72.16767078817793,3.5528092086556455,True,False
2026Q1,Personas Empoderadas,9. Vida,84.7820119042432,69.0430205917737,72.58071705878527,3.537696467011571,False,False
2026Q1,Personas Empoderadas,10. Salud,88.12841248422292,69.0430205917737,72.58071705878527,3.537696467011571,False,True
2026Q1,Personas Empoderadas,11. Educación,78.83379135646145,69.0430205917737,72.58071705878527,3.537696467011571,False,False
2026Q1,Personas Empoderadas,12. Conocimiento,38.578652490213486,69.0430205917737,72.58071705878527,3.537696467011571,True,False
2026Q2,Personas Empoderadas,9. Vida,84.46159267233998,69.52912838374442,73.0676973084719,3.5385689247274854,False,False
2026Q2,Personas Empoderadas,10. Salud,88.89443981043237,69.52912838374442,73.0676973084719,3.5385689247274854,False,True
2026Q2,Personas Empoderadas,11. Educación,80.01238835500429,69.52912838374442,73.0676973084719,3.5385689247274854,False,False
2026Q2,Personas Empoderadas,12. Conocimiento,38.90236839611101,69.52912838374442,73.0676973084719,3.5385689247274854,True,False
